,chr,start,end,WestEurasia-SouthAsia,WestEurasia-Africa,WestEurasia-CentralAsiaSiberia,WestEurasia-Oceania,WestEurasia-America,WestEurasia-EastAsia,SouthAsia-Africa,SouthAsia-CentralAsiaSiberia,SouthAsia-Oceania,SouthAsia-America,SouthAsia-EastAsia,Africa-CentralAsiaSiberia,Africa-Oceania,Africa-America,Africa-EastAsia,CentralAsiaSiberia-Oceania,CentralAsiaSiberia-America,CentralAsiaSiberia-EastAsia,Oceania-America,Oceania-EastAsia,America-EastAsia
36,1,8359739,8364181,,,0.24315,,0.39153,,,0.21121,,0.35268,,0.21795,,0.3612,,,,0.22035,0.313,,0.3642
37,1,9845436,9863387,,,,,0.26365,,,,,,,,,0.32252,,,,,0.21695,,
49,1,13725296,13733660,,,,,,,,,,,,,0.23619,0.23093,,0.35185,0.34632,,,,
51,1,14436060,14439381,,,,,,,,,,,,,,,,,,,,,0.22469
55,1,16148564,16154830,,,,,,,,0.20211,,,,,0.23843,,,0.4045,,,,0.31536,
80,1,24519544,24525820,,,,,,,,,0.32022,,,,0.65635,,0.27879,0.38811,,,0.63648,,0.23563
105,1,33191170,33199640,,,,,,,,,,,,,,0.20886,,,,,,,
175,1,62112538,62120128,,,,,0.23412,,,0.20236,,0.42656,,,,0.39356,,,,,,,
176,1,62620869,62625863,,,,,,,,,,0.22045,,,,0.35096,,,,,0.35439,,0.35764
177,1,62642084,62656768,,,0.33042,0.44138,0.31196,0.23015,,,0.30302,,,0.35576,0.46692,0.34804,0.22823,,,,,,
201,1,72767498,72812601,,,,,,,,,,,,0.28937,0.30235,0.23885,0.36277,,,,,,
221,1,78648623,78666578,,,,,0.24407,,,,,0.267,,,,,,,0.37237,,0.3556,,0.48537
226,1,80219477,80225682,,,,,,,,,,0.29578,,,,0.41053,,0.31803,,,0.60725,0.25243,
237,1,85972347,86007029,,,,,,,,,,,,,,,,,0.30402,,,,
256,1,94287680,94291451,,,,,,,0.27107,,,,,0.38327,0.3055,0.40737,0.4503,,,,,,
280,1,106012173,106025243,,,,0.23882,,,,,0.28939,,,,0.21885,,,0.29884,,,0.40519,,
297,1,108729310,108737787,,,,,,,0.3433,,,,,,0.28019,0.50669,0.25098,,0.25789,,,,
299,1,109573089,109580939,,,,,,,,,,,,,,0.21935,,,,,,,
302,1,110215300,110257943,,,,,,,,,,,,,0.22606,,,,,,,,
307,1,111376102,111389927,,,,,,,,,,,,,,,0.21638,,,,,,
313,1,112690871,112707656,,,,,,,0.46191,,,,,0.28697,0.36473,0.52878,0.22046,,,,,,
331,1,142782992,142966207,,,,,,,,,,,0.27417,,,,0.21169,,,,0.24352,0.36368,
337,1,144452805,144456917,,,,,,,,0.23675,,,,,,,,,,,,,
341,1,144488959,144522495,,,,,,,,,,,,,0.26155,0.24433,,,,,,,
342,1,144612537,144622084,,,,,,,,,,,,0.20018,,,,,,,,,
348,1,144906613,144908385,,,,,,,,,,,,,,,,,,,,0.21593,
349,1,144908385,144910495,,,,,,,,,,,,,,,,,,,,0.21593,
350,1,144913569,144931782,,,,,,,,,,,,,,,,,,,,0.21593,
351,1,144932302,144948483,,,,,,,,,,,,,,,,,,,,0.21593,
359,1,146352157,146367582,,,,,,,,,,0.24503,,,,0.22508,,,,,,,
360,1,146367682,146373564,,,,,0.20337,,,,,0.25546,,,,0.23125,,,,,,,
361,1,146374569,146466519,,,,,,,,,,,,,,,,,0.2173,,,,
385,1,152759388,152771208,,,,0.21093,,,,,,,,,,,,,,,,,
391,1,157173514,157175242,,,0.32564,,,,,0.44577,,0.21378,,0.34682,,,,0.37269,,,,,
409,1,161399282,161452584,,,,,,,,,,,,,,0.30108,,,,,,,
427,1,169216544,169254678,,,,0.23212,0.20789,,,,0.21958,,,,,,,,,,,,
443,1,174794556,174803623,,,,,,,,,,0.24491,,,0.26401,,,,,,0.37064,,
455,1,179328832,179334176,,0.2375,,,,,0.23965,,,,,0.29892,0.2845,0.27377,0.32501,,,,,,
469,1,185009435,185011771,,,,,0.21185,,,,,,,,,,,,,,,,
473,1,187461038,187466927,,,,,,,,,0.36894,,,,,,,0.34681,,,0.35633,0.33585,
474,1,187715163,187722772,,0.32504,0.25982,0.35224,0.37261,0.42197,,,0.22748,0.26734,0.23966,,,,,,,,,,
508,1,198304282,198311495,,,0.20415,,,,,0.32871,,0.2469,,,,,,0.30066,,,0.23226,,
510,1,199109343,199114389,,,,,,,0.27987,,,,,0.2986,0.4043,0.39119,0.49212,,,,,,
522,1,204380861,204383316,,0.2387,,,,,,,,,,,,,,,,,,,
527,1,206280873,206290247,,,,,,,,,,0.25817,,,,,,,,,,,
541,1,210075855,210086936,,,,,,,,,,0.24269,,,,,,,,,0.22203,,
543,1,210722153,210725220,,,,0.20727,0.25678,0.23891,,,,,,,,0.23474,,,,,,,
548,1,215491381,215495998,,,,,0.50656,,,,,0.53659,,0.27738,,0.62806,,,,,0.31809,,0.22541
598,1,232458441,232460743,,,,,,,,,,,,,,,,0.22117,,,,,
616,1,240392796,240395101,,,,,,,,,,0.23363,,,,0.30011,,,0.48717,,0.42674,,0.22375
661,10,4290029,4293353,,0.30085,,,,,0.35492,,,,,0.33893,,0.27279,0.27777,,,,,,
672,10,7076851,7080174,,0.26747,,0.22584,0.30442,,,,,0.27959,,,,,,,,,,,
710,10,17310509,17316749,,,,,0.65277,,,,,0.73299,,0.3379,,0.91166,,,0.37393,,0.58991,,0.51183
740,10,24377071,24386659,,0.39617,0.21397,0.27826,0.3594,0.40611,0.23689,,,0.26362,0.24441,,,,,,,,,,
745,10,26998751,27003531,,,,0.30359,,,,,,,,,,,,,,,0.44027,,
748,10,27638079,27642286,,,,0.47682,,0.20641,,,0.42983,,,,0.30749,,,,,,0.41508,,
752,10,28662871,28665647,,,,,,,,,,,,,,0.24689,,,,,,,
796,10,46219371,46221197,,,,,,,,,,,,,0.241,,0.30933,,,,,,
797,10,46301582,46308133,,,,,,,,,,0.36712,,,,,,,0.22489,,0.4054,,0.26053
804,10,47979955,47981914,,,,,,,,,,0.20762,,,,,,,,,,,
819,10,54015196,54018601,,,,,,,,,,,,,,0.22987,,,,,0.26743,,
823,10,54696219,54814619,,,,,,,,,,,,,,0.25575,,,,,,,
858,10,65502924,65511792,,,,,,,,,,,,,0.22022,0.21144,0.28428,,,,,,
861,10,66398366,66405733,,,0.20279,,0.4592,,,,,0.3936,,,,0.36184,,,0.21433,,0.24934,,0.26412
863,10,67306569,67315955,,,,,,,,,,,,0.41645,0.23373,0.31107,0.27435,,,,,,
882,10,71278625,71294318,,,,,0.21608,0.20258,,,,0.25828,0.2005,,,0.32657,0.25784,,,,0.31601,0.21406,
908,10,84126879,84130920,,0.44065,,0.35323,,,0.28789,,0.22613,,,0.40962,,,,0.39794,,,,,
921,10,89229326,89260770,,0.20117,,,0.23104,,,,,,,,,,,,,,,,
925,10,91998319,92002307,,,,0.46699,,,,,0.30343,,,,0.52041,,,0.51401,,,0.49023,0.42737,
944,10,100686349,100704505,,,,,,,0.26701,0.21764,,0.33898,,,,,,,,,0.2373,,
957,10,107052237,107063457,,0.3185,,,0.32401,,,,,0.20793,,0.3086,0.26813,,0.50632,,0.40917,,0.36211,,0.63462
976,10,114112573,114117130,,,,,,,0.2552,,,,,,,,0.36675,,,,,,0.20272
995,10,122225684,122232908,,,,,,,,,,,,0.3639,0.30278,0.28688,0.38278,,,,,,
1031,10,132908928,132912996,,,,,,,,,,0.3893,,,,,,,0.3037,,0.2658,,0.33847
1039,10,135475058,135476374,,,,,,,,,,,,,,,0.20854,,,,,,
1051,11,3298836,3302482,,,,,,,,,,,,,,,,,,0.22247,,,
1062,11,4965673,4980552,,,,,,,,,,,,,,0.3394,,,,,,,
1068,11,5871098,5888707,,,,,,,0.21649,,,,,,,,,,,,,,
1083,11,11378790,11381224,,,,,,,,,,,,,,,,,,,0.2354,,
1084,11,11821559,11827689,,,,,,,0.23257,,,0.28097,,0.38428,0.40284,,0.42664,,0.47161,,0.48568,,0.44253
1108,11,21847054,21849813,,,,0.42882,,,,,0.50555,,,,0.36434,,,0.34488,,,0.58066,0.51488,
1118,11,24284793,24287391,,,,,0.28072,,,,,0.25505,,,,,,,,,0.35003,,0.30894
1129,11,25738172,25755554,,,,,0.25756,,,,,0.31805,,,,0.32602,,,0.29078,,0.2812,,0.32883
1131,11,26469413,26479421,,,,0.20555,,,,,0.24532,,,,0.25231,,,0.22192,,,0.20782,0.2548,
1133,11,26606778,26613968,,,,,,,,,,0.20417,,,,0.20961,,,,,,,0.21154
1139,11,29004591,29013176,,,,0.3528,0.21014,,,,,,,,,,,0.44986,0.28575,,,,
1148,11,31392176,31398539,,0.26301,,,,0.28198,0.27179,,,,0.29582,,,0.20873,,,,,,,0.23514
1193,11,45429823,45432012,,,,0.27852,,,,,0.32172,,,,,,,,,,0.26488,0.20344,
1196,11,47054130,47064534,,0.35175,,,,,0.46648,,,,,0.67978,0.56647,0.39102,0.28616,,,,,,
1209,11,55357826,55431931,,,,,,,,,,,,,0.33155,0.20865,,,,,,,
1210,11,55433583,55444654,,,,,,,,,,,,,0.32887,0.2058,,,,,,,
1211,11,55445590,55452018,,,,,,,,,,,,,0.3334,0.20828,,,,,,,
1222,11,58626364,58635317,,,0.24682,,,0.2228,,,,,,0.38943,,0.27032,0.31382,0.24638,,,,,
1249,11,66706366,66717374,,,,,,,,,,,,,,,,,0.24212,,,,
1263,11,69982031,69986021,,,,,0.29047,,,,,,,,,0.5789,,,0.2425,,0.47558,,0.23096
1281,11,80305981,80313393,,,,,,,,,,0.20391,,,,0.20935,,,,,,,
1285,11,81500049,81526265,,,,,,,,,,,,,,,,0.21824,,,0.29611,0.27864,
1309,11,86303843,86306987,,,,,0.52707,,,,,0.39246,,,,0.47725,,,0.52798,,0.22548,,
1322,11,89554349,89611648,,,,,,,,,,,,,,,,0.2818,,,0.48489,0.20249,
1325,11,90566229,90571354,,0.60996,,,,,0.57467,,,,,0.52384,0.50577,0.49192,0.59453,,,,,,
1348,11,96000786,96006046,,,,,0.29371,,,,,,,,,,,,,,0.37232,,
1369,11,102749794,102753444,,,,0.21896,,,,,,,,0.20167,,,,0.35085,,,0.27128,,
1374,11,104267720,104273683,,0.22012,,,,,,,,,,,,0.22016,,,,,,,
1381,11,105291865,105299511,,0.20952,,,,,,,,,,,,,,,,,,,
1389,11,106785122,106789666,,,,,,,,,,0.24517,,,,,,,0.22498,,0.23699,,
1492,12,8309583,8561113,,,,,,,,,,,,,,0.22769,0.20305,,,,,,
1552,12,28094980,28099545,,,,,,,,,,,,,,,,,,,0.21493,,
1555,12,29843221,29847095,,,,,,,,0.30662,,,,,,,,0.22831,,,,,
1559,12,30237039,30244162,,,,,,,,,,,,,,,0.24472,,,,,,
1565,12,31908017,31913155,,,,,,,,,0.21575,,,,,,,,,,,,
1572,12,33380312,33400138,,0.3514,,,0.26618,0.48262,,,,,,,,,,,,,,0.20052,
1581,12,38449317,38449881,,0.32794,,,,,0.39014,,,,,,0.32776,0.31599,0.4094,,,,,,
1595,12,43018476,43026061,,,,,,,,,,,,,,0.36038,0.27882,,,,,,
1604,12,45899329,45910710,0.30734,,,0.43198,0.24663,0.51654,0.21599,,,,,,0.37612,,0.43207,0.3104,,0.32618,,,
1610,12,48705930,48711527,,,,,,0.37853,,,,,0.32719,,,,,,,,,0.27758,0.35305
1615,12,50969094,50976047,,,0.37711,0.2652,0.32294,0.28018,,,,,,0.32367,0.22085,0.27725,0.21622,,,,,,
1633,12,58501160,58514645,,0.20774,,,,,,,,,,,,,,,,,,,
1639,12,60521660,60526049,,,,,,,0.2603,,,0.21659,,0.38765,0.50305,0.61749,0.30153,,,,,,
1666,12,69556591,69561939,,,,,,,,,,,,0.25567,,,,,,,,,
1676,12,72189014,72190724,,,,,0.22069,,,,,,,,,,,,,,,,
1703,12,81420452,81426266,,,,,,,,,,0.23831,,,,0.24463,,,,,0.20965,,0.24687
1704,12,82103935,82109407,,,,,,,,0.20853,,0.23724,,0.21519,,0.24354,,,,,0.20871,,
1705,12,82139441,82144626,,,,,,,,0.30774,,,,0.49491,,0.23237,0.20379,0.39448,,,,,
1723,12,90485546,90491971,,,,,,,,,,,,0.25303,,,,0.36828,0.42928,,,0.23097,0.26441
1726,12,91721870,91724864,,,,,,,,,,,,,,0.24344,,,,,0.20862,,0.24566
1745,12,102101924,102107777,,,,,,,,,,,,,,0.22919,,,,,0.27524,,
1782,12,117640624,117644581,,,,,,,0.25358,,,,,,0.53416,,,0.26155,,,0.35259,,
1857,13,23545368,23553739,,,0.20224,,,,,,,,,,,,,,,,,,
1859,13,23631291,23637683,,,,,,0.24016,,,,,,,,,,,,,,,
1864,13,27048077,27053347,,0.29545,,0.27103,,,,,,,,0.38823,,0.22512,0.26462,0.42735,,,0.28883,0.27054,
1895,13,39057177,39060408,,,,0.28918,,,,,,,,,,,,0.28833,,,,,
1898,13,39745504,39753583,,0.26832,,,,,0.23173,,,,,,,,0.24572,,,,,,
1900,13,39928193,39936767,,0.21655,,,,,0.2304,,,,,,0.35881,,0.22597,,,,,,
1943,13,52883388,52895346,,,,,,,,,,,,,,,,0.22405,,,0.20982,0.21415,
1944,13,52895346,52915452,,,,,,,,,,0.22973,,,,,,,,,,,0.26619
1945,13,53081182,53094827,,,,,,,,,,,,,,,,,,,0.21981,0.23246,
1989,13,65341567,65344325,,,,,,0.25761,,,,,0.20047,,,,,,,,,,
2016,13,72477023,72483510,,,0.23103,0.32504,0.24159,0.45993,,,0.27048,,0.37497,,,,,,,,,,
2020,13,72838951,72847157,,0.29821,,,,,0.33378,0.22723,,,,,,0.28585,,,0.2091,,,,
2035,13,78996960,79003056,,,,,0.373,,,,,0.58351,,0.32948,,0.81754,0.2999,0.24342,0.25925,,0.76818,0.20275,0.24381
2040,13,81805434,81813291,,0.31069,,,,,0.26709,,,,,0.26244,0.24931,0.23959,0.31922,,,,,,
2060,13,86672849,86684156,,,,,,,0.21816,,,,,,,,0.23149,,,,,,
2076,13,90862832,90865314,,,,,,,0.20275,,,0.23458,,,,,,,0.20377,,0.20206,,
2126,13,104595073,104600742,,,,0.20849,,,,,0.21185,,,,0.21797,,,,,,,0.22014,
2216,14,32949961,32961166,,,,0.20204,,,,,,,,,,,,,,,,,
2226,14,35597203,35615618,,,0.31032,,,,,,,,,0.52619,0.2159,0.20325,0.27651,,,,,,
2241,14,41607687,41670143,,,,,,,,,0.25989,0.3735,,0.35917,0.47288,0.58712,0.26596,,,,,,
2286,14,54707611,54714141,,0.20503,,,,,,,,,,0.40455,,0.28034,,0.28675,,,,,
2323,14,73990657,74053945,,,,,,,,,,,0.25838,,,,0.25322,0.45497,,,,0.55771,0.26396
2345,14,80106178,80115190,,0.23512,,,,0.2086,,,,,,0.21917,,0.39038,,,,,0.312,,0.32654
2351,14,81877218,81881051,,,0.27478,,,0.33505,,,,,,,,,,,0.32583,,,,0.33691
2352,14,82498679,82504724,,,,0.27146,,,,,0.30084,,,0.30168,,0.21478,0.21305,0.55879,,,0.43731,0.40819,
2358,14,83433920,83437289,,,,0.23916,,,,,,,,,0.34991,,,,,,0.33016,,
2367,14,85297022,85302644,,,,,,,0.23552,,,,,0.21764,0.50129,0.32807,,,,,,,
2391,14,95148342,95152963,,,,,,,,,,,,,,0.21127,,,,,,,0.21322
2424,15,20198164,20894589,,,,,,,,,,,,,,,,,,,,,0.23283
2425,15,21308513,21398673,,,,,0.22995,,,,,,,,,0.28408,,,,,0.29501,,
2426,15,21885406,22211793,,,,,,,,,,,,,,,,,,,,,0.35793
2444,15,26748894,26752660,,,,,,,,,,,,,,,0.23042,,,,,,
2453,15,28942266,28958106,,,,,0.44964,0.20572,,0.22794,,0.5782,0.25638,,,0.30468,,,,,0.26949,,
2473,15,36160026,36162460,,0.21488,,,0.38304,,,,,0.24851,,,,,,,0.393,,,,0.2458
2479,15,39371902,39374304,,,,,,,,,,,,,,,,,,,0.25069,,
2513,15,49543162,49548194,,,,,,0.21412,,,0.20184,,0.22205,,,,,,,,,,
2546,15,62705932,62707974,,,0.29981,,0.20742,0.38431,,,,,,0.3619,,0.25625,0.42143,0.2822,,,,0.31385,
2556,15,65811160,65820881,,,,,,,,,,,,,,,0.22066,,,,,0.23074,
2567,15,71634013,71717079,,,,,,,,,,0.32055,,,,0.35901,,,,,0.34231,,0.22555
2588,15,78008182,78013001,,,,,,,,,,,,0.27745,0.28376,,0.21092,,,,,,
2605,15,84540748,84544844,,,,,,0.21974,,,,,0.24004,,,,,,0.22033,,,,0.29166
2607,15,85726159,85797295,,,,,,,,,,,,,,0.24753,,,,,,,
2609,15,86055722,86060394,,0.25026,,,,,0.33946,,,0.22515,,0.20681,,,,,,,,,
2628,15,92673994,92678292,,,,,,,,,,,,,,,,0.25502,,0.22573,,,
2655,15,98532350,98536274,,0.21133,,,,,,,,,,,,,,,,,,,
2658,15,98841305,98843936,,,,,0.24908,,,,,,,,,,,,,,,,
2659,15,99574058,99578001,,,,,,,,,,,,,0.24699,,,,,,,,
2664,15,100416566,100423773,,0.22046,,,,,0.34716,,,,,0.43031,,0.23415,0.22985,,,,,,
2672,15,102288299,102305670,,,,,,,,,,,,,,,,,,,,0.26099,
2673,15,102391747,102445902,,,,,,,,,,,,0.30507,,,0.36983,,,,,,
2726,16,13293488,13297296,,,,,,,,,,,,,,0.23859,,,,,,,
2738,16,16749676,16749876,,,,,,,,,0.21825,,,,,,,,,,,,
2741,16,17473794,17480429,,,0.24087,,0.23221,,,0.2092,,0.20651,,0.21588,,0.21202,,,,,,,
2751,16,23047506,23049620,,,,,0.40678,,,,,0.32683,,,,0.37264,,,0.2495,,0.22954,,0.3381
2758,16,25338565,25344549,,,,,,,,,,,,,0.28242,,0.21291,,,,,,
2774,16,33106071,33292140,,,,,,,,,0.20025,,,,,0.24343,,,,,0.30106,,
2791,16,55796243,55797961,,,0.24408,,,,0.25382,,,,,0.56259,0.44302,,0.44427,,0.26035,,,,
2792,16,55813085,55820610,,,0.24196,,,,0.20417,,,,,0.49828,0.38019,,0.38994,,0.26035,,,,
2798,16,58672973,58679024,,,,,,,,,,,,,,0.32451,,0.20211,,,0.3423,,
2799,16,58945710,58955288,,,,0.37494,,,,,0.23339,,,,,,,0.38598,,,0.30945,,
2809,16,62544216,62550934,,,,0.33257,,,,,0.46723,,,,0.43026,,,0.30541,,,0.3134,,
2844,16,76536795,76545019,,0.52411,,,,,0.47671,,,,,0.49686,0.33513,0.2782,0.60749,,,,,,
2878,16,84499052,84504910,,,,,,,,,,,,0.37648,0.46258,,0.3345,,,,0.25428,,
2882,16,85101681,85104890,,,,0.30176,,,,,0.27879,,,,0.28656,,,0.25262,,,0.23672,0.28931,
2893,16,87826002,87832408,,,,,,,,,,,,0.20995,,,,0.30917,,,,,
2906,17,397617,639386,,,,,,,,,,,,,0.31743,0.25361,,,,,,,
2926,17,5595402,5598014,,,,,,,0.20394,,,,,0.26564,0.25239,0.24257,0.32286,,,,,,
2934,17,7335999,7338766,,,,0.22281,,,,,,,,,0.3004,,,0.29655,,,0.27203,0.20551,
2941,17,10117841,10120538,,,,0.20664,,,,,,,,,,,,,,,,,
2943,17,10889381,10895956,,,0.33508,0.31247,0.31298,0.30194,,,,,,,,,,,,,,,
2956,17,15787501,15794794,,,,,,,,,,,,,0.24942,,,,,,,,
2964,17,18296632,18308763,,0.208,,,,,,,,,,,,,,,,,,,
2966,17,18405462,18513691,,,,,0.29861,0.24822,,,,,,,,,,,,,0.28107,,
2969,17,18734652,18738771,,,,,,,,,,,,,,,,,,,0.22477,0.23396,
2975,17,20610554,20619880,,0.43307,,,,,0.43819,,,,,0.36685,0.47463,0.26651,0.53015,,,,,,
3011,17,32871462,32874991,,,,,,,,,,,,0.21968,,0.58349,,,,,0.41459,,
3014,17,35754669,35759869,,,,,,0.25316,,,,,0.24404,,,,,,,,,,
3015,17,35772402,35783682,,,,,,,,,,,,,,,0.20261,,,,,,
3024,17,39422828,39431705,,,,,,,,,,,,,,0.25646,,0.22114,,,0.37468,,
3047,17,49623805,49625868,,0.40861,,,,,0.23307,,,,,0.23281,0.3998,,0.3781,,,,0.24266,,
3054,17,51849523,51863194,,0.23534,,,,,0.27831,,0.20974,,,,,0.39199,0.24459,,,,0.32826,,
3061,17,55083725,55100227,,,,,,0.21034,,,,,,,,,,,,,,,
3069,17,57362728,57369199,,,,,0.34005,,,0.22769,,0.46126,,0.33498,,0.58118,0.21118,,,,0.41211,,
3071,17,58408420,58414570,,0.36402,,,,,0.26467,,,,,0.21753,0.29223,,0.29812,,,,,,
3125,17,77992431,78000521,,0.23753,,,,,,,,,,,,,,,,,,,
3144,17,81074329,81089059,,,,,,,,,,,,,,,0.2513,,,,,,
3146,17,81151279,81187990,,,,,,,,,,,,,0.22764,,,,0.29999,,0.3618,,0.24512
3187,18,11610107,11639390,,,,,,,,,0.27808,,,,,0.26863,,0.27494,,,0.47218,0.22362,
3195,18,12196209,12196772,,,,0.26797,,,,,0.22296,,,,0.21206,,,0.21372,,,0.20013,0.24549,
3196,18,12196772,12198103,,,,0.22272,,,,,0.22296,,,,,,,0.21372,,,0.20013,,
3223,18,23760496,23771792,,,,,,,,,,,,,,,,,,,0.20702,,
3224,18,24554278,24557696,,,,,0.2609,,,,,0.24028,,,,0.24665,,,,,0.21139,,0.20111
3255,18,38259000,38266956,,,,,,,0.22379,,,,,,0.26219,,,,,,,,
3273,18,44539088,44563607,,,,,,,,,,,,,0.20467,,0.26878,,,,,,
3288,18,49196332,49206118,,,0.30973,,,0.20828,,0.24586,,,,,,,,0.20902,,,,,
3295,18,52390507,52394799,,,,,,,,,,,,,,,,0.25516,,,0.23911,0.29215,
3303,18,54946204,54949062,,0.43336,,,,,0.29418,,,,,0.23106,0.41995,0.28862,0.22808,,,,,,
3340,18,64218720,64221553,,0.21704,,,,,,,,,,0.42818,,,0.47693,0.30312,,,,0.31843,
3344,18,64958629,64968579,,,,0.34005,,0.2143,,,0.20965,,,,,,,,,,,,
3385,18,75266770,75269142,,,,,,,,,,,,0.3461,,,0.43649,0.34221,0.2676,,,0.40412,0.32499
3411,19,1948086,1952247,,,,,,,,,,,,,,,,0.21649,,,,,
3416,19,2907479,2918532,,,,,,,,,,,,0.21687,,,,,,,,,
3440,19,9222533,9225816,,,,,,,,,,,,,,,,0.31745,,,0.34534,0.22188,
3444,19,12035855,12058011,,0.27698,,0.21777,,,0.27396,,0.25493,,,0.29656,,0.27155,0.29534,0.31731,,,0.2982,0.27069,
3449,19,12694360,12707835,,,,,,0.35926,,,,,,,,,,,,,,0.30953,
3450,19,12752471,12754235,,,,,,,,,,,,,,0.24592,,,,,,,
3462,19,20589912,20595686,,,,,0.20526,,,,,0.31003,,,,,,,0.31604,,0.25186,,
3478,19,23125205,23144016,,0.30384,,,,,0.33744,,,,,0.29977,,0.36657,0.3633,,,,0.24296,,
3481,19,23464394,23471404,,,,,,0.27487,,,,,0.23833,,0.32,,0.44856,,,,,,0.28647
3501,19,35660701,35669953,,,,,,,,,,,,0.28831,,,0.2261,,0.21878,,,,
3502,19,35846977,35864876,,,,,,,,,,,,0.30972,,,,0.28621,,,,,
3528,19,45170460,45192699,,,,,,,,0.23762,,,,0.21656,,,,,,,,,
3540,19,48404969,48465292,,,,,,,,,,,,0.24022,,,,,,,,,
3555,19,52133352,52152312,,,,,,0.27329,,,,,0.25297,,,,0.22205,,,,,0.25657,0.32887
3560,19,53316310,53320924,,,,,,,,,,,,,,,,,0.24665,,0.25545,,
3564,19,54554794,54561757,,,,,,,,,,,,,0.21353,,,0.28365,,,,0.22062,
3599,2,3735456,3736559,,,,0.27984,,,,,0.4211,,0.21959,,0.38696,,,0.33184,,,0.36509,,
3612,2,9922487,9927478,,,,,,,0.20757,,,,,0.29554,0.28123,0.27059,0.32454,,,,,,
3666,2,33221706,33227491,,,,,,0.20076,,,,,0.2965,,0.27661,,0.43133,,,0.21475,0.20189,,0.33042
3667,2,33764749,33769039,,,,,,,,,,,,,,,,,,,,,0.251
3669,2,34690390,34736880,,0.27683,,0.24621,,0.37343,,,,,,,,,,,,,,,0.23266
3677,2,36332130,36347046,,,,,0.38481,,,,,0.33561,,0.2038,,0.47823,,,0.20978,,0.24745,,0.20941
3690,2,41775791,41786813,,0.29074,,,0.20251,,0.34317,,,0.27091,0.21041,,,,,,,,,,
3701,2,44464934,44470334,,,,,,,0.3226,,,0.34953,,0.27996,0.4725,,,,0.33343,,0.53067,0.2905,
3724,2,51926367,51928014,,,,,,,,,,,,,,0.34876,,,0.24978,,0.35031,,0.40492
3727,2,52749525,52785835,,,,0.21396,,,,,0.21828,,,0.29676,0.63012,,0.37835,,,,0.32814,,
3734,2,54564948,54567711,,,,,,,0.21259,,,,,,,,0.22984,,,,,,
3739,2,56646720,56656287,,,,,,,,,,,,0.21171,,,0.28696,,,,,,
3753,2,59622960,59642799,,,,,0.24933,,,,,0.25764,,0.25191,,0.34826,,0.22582,,,0.32338,,
3805,2,79075242,79082527,,,,,,,,,,,,,0.3722,,,,,,0.23087,,
3866,2,98221384,98247397,,,,0.33066,0.20176,0.22244,,,,,,,,,,,,,,,
3871,2,100102240,100105225,,,,,0.21467,,,,,0.29236,,,,0.26643,,,0.27174,,0.46445,,0.28481
3893,2,109305600,109329247,,,,0.23932,,0.26069,,0.20251,0.27065,,0.25544,,,,,,,,,,
3912,2,111033345,111092986,,,,,,,0.28835,,,,,0.24264,0.36629,,0.21943,,,,,,
3925,2,114258334,114259635,,,,,,,,,,0.24393,,,,0.24002,,,,,,,
3926,2,114259635,114260950,,,,,,,,,,0.26444,,,,0.24797,,,,,,,
3927,2,114365939,114382208,,,,,,,,,,,,,0.23773,0.23486,,,,,,,
3957,2,123467538,123482616,,,,,,,,,,,,,0.20587,,0.20894,,,,,,
3961,2,125431042,125438357,,,,,,,,,,0.21975,,,,0.28674,,,,,0.24633,,0.23478
3978,2,129637989,129646629,,,,,,,,,,,,0.31382,0.49898,,0.27161,,,,0.20552,,
4007,2,132221170,132224826,,0.37657,,,,,0.36529,,,,,0.3544,0.2972,0.32639,0.35491,,,,,,
4052,2,146855676,146880424,,,,,,,,,,,,0.33356,,0.25258,0.41975,,,,,,
4064,2,153459609,153461616,,,,0.26457,,,,,0.25152,,,,0.38556,,,0.42524,,,0.40261,,
4065,2,153788580,153800523,,0.28437,,,,,,,,,,0.2446,,0.319,,,,,0.21938,,
4078,2,159958685,159964278,,0.30952,,,,,,,,,,,0.27214,0.22949,,,,,,,
4079,2,160097438,160104048,0.24273,0.33461,,0.33888,,0.22405,,,,,,,,0.22534,,,,,0.26591,,
4092,2,164640622,164648142,,,,,,,,,0.33403,,,,0.38484,,,0.42674,,,0.40408,0.23608,
4097,2,167153019,167160206,,0.27886,,,,,0.23477,,,,,0.20205,,,0.2489,,,,,,
4106,2,170320280,170340432,,,,,,,,,,,,0.28169,0.2229,,,,,,,,
4113,2,172905430,172911323,,,,0.3148,,0.28644,,,0.41512,0.20367,0.31968,,,,,,,,,,
4122,2,177265459,177272633,,,,,,,,,,,,,,0.24662,,,,,,,
4131,2,180058234,180083270,,,,,0.23202,,,,,0.32018,,,0.23847,0.38939,0.24151,,,,,,
4234,2,214873863,214877498,,,,,,,,,,,,,,0.21229,,,,,,,
4237,2,215724832,215736221,,,,,,,,,,,,,,0.26187,,,,,,,
4246,2,220049900,220058248,,0.25052,,,,0.20104,,,,,,,,,,,,,,,
4258,2,223865007,223867842,,,,,,,,,0.25658,,,,,,,0.24122,,,,0.34981,
4276,2,227165267,227172020,,,,,,,,,,,,,,0.28693,,,,,,,0.24721
4324,2,243160340,243189358,,,,,,,,,,,,,,0.22957,,,,,,,
4331,20,1388463,1397042,,,,,,,,,0.22015,0.23965,,,0.47107,0.48077,0.34183,0.23529,0.26121,,,,
4332,20,1552569,1592353,,,,,,,,,,0.25308,,,,0.39659,,,0.2353,,0.36568,,0.21487
4364,20,15294609,15304146,,,,,,,,,0.2337,,,,0.28105,,,0.21649,,,,,
4394,20,25978079,26041423,,0.20006,,,,,0.20357,,,,,,0.40578,0.27648,,,,,,,
4398,20,31307552,31319391,,,,,,,,,,0.24055,,,0.25131,,,0.2969,,,0.42844,,
4437,20,45778673,45789475,,,0.20966,,,,,,,,,,,,,,,,,,
4473,20,59566223,59590133,,,,,,,,,,,,,,0.20086,,,,,,,
4479,20,60514775,60537590,,,,,0.23714,0.21553,,,,,,,,0.21373,,,,,,,
4482,20,61372408,61374547,,,0.25417,,0.38716,0.34068,,,,0.28888,0.23271,,,,,,,,0.2768,,
4486,21,9412532,9591460,,,,,,,,,,,,,,0.2557,,,,,,,
4489,21,9866600,9927289,,,,,,,,,,,,,,0.24084,,,,,,,
4491,21,14373669,14412922,,,,,,0.22004,,,,,0.21162,,,,,,,,,,
4494,21,16587798,16592122,,,,,,,,,0.2703,,,,,,,0.2845,,,,0.24854,
4505,21,19323541,19330131,,,,,,,0.42734,,,,,,0.42638,,,,,,,,
4510,21,20834949,20845680,,0.20002,,,,,0.21001,,,,,0.22684,,0.23929,0.28634,,,,,,
4519,21,23654416,23666937,,,0.45643,0.64545,,0.4102,,0.25157,0.45734,,0.20107,0.71952,0.91258,,0.57019,,0.52321,,0.76772,,0.37672
4527,21,25257957,25264253,,0.28839,,,,,0.3235,,,,,0.28172,0.26788,0.25762,0.34109,,,,,,
4574,21,43036858,43040601,,,,,,0.27005,,,,,0.20418,0.26314,0.21215,0.39584,0.46469,,,,,,
4579,21,44284546,44288276,,,,0.22365,,,,,0.24828,,,,0.25535,,,0.22462,,,0.21035,0.25786,
4599,22,16627795,16686295,,,,,,,,,,0.26627,,,,,,,,,,,
4601,22,17769648,17781802,,0.28074,,,0.22491,0.24921,,,,,,,,,,,,,,,
4603,22,18056648,18062987,,,,,0.20731,,,,,0.37301,,,,0.30268,,,,,,,
4610,22,18656197,18883339,,,,,,,,,,0.26349,,,,0.32544,0.25065,,,,,,
4621,22,20610555,20718305,,,,,,,,,,,,,,0.28805,0.20228,,,,,,
4625,22,21461146,21711132,,,,,,,,,,0.23563,,,,0.39105,0.29263,,,,,,
4628,22,23026193,23236328,,,,,,,,,,,,0.24766,,,,0.28763,0.28465,0.29216,,,
4631,22,23476481,23479924,,,,,,,,,,,,,,0.324,0.20163,,,,0.26489,,
4648,22,32538948,32545061,,,,,,,,,,,,0.26979,,,,,0.26206,,,,
4654,22,33780248,33783640,,,,,,,0.22607,0.20516,0.23635,,0.2626,,,,,,,,,,
4660,22,37142972,37148838,,0.49207,,,,,0.30559,,,,,0.47159,0.47142,0.48161,0.50554,,,,,,
4668,22,39287918,39303878,,0.27922,,,0.23412,0.26703,,,,0.47317,,0.20301,,0.81109,,,0.41732,,0.50968,,0.78457
4688,22,45134970,45139084,,,,,0.20231,,,,,,,,0.20476,,,0.28378,,,0.31099,,
4692,22,45554360,45559418,,0.26163,,,,0.22533,,,,,,,0.22113,0.21232,,,,,,,
4712,22,50252755,50261847,,,,0.23469,,,,,0.2157,,,,0.22192,,,,,,,0.22413,
4767,3,8325414,8327977,,,,,,,,,0.34209,,,,0.47095,,,0.32604,,,0.36231,0.21213,
4788,3,15843411,15847007,,,,,,0.28069,,,,,,,,,0.34516,,,,,,
4790,3,16238950,16242302,,,,,,,,,,,,,0.23279,,,0.28377,,,,,
4806,3,22276973,22286595,,,,0.31416,,,,,,,,,,,,0.26617,,,0.24453,0.22118,
4815,3,26450470,26452466,,0.44685,,,,,0.31637,,,,,0.24417,,0.43316,0.24041,,,,,,
4830,3,32101863,32119604,,0.36853,,0.45583,,,0.23552,,0.36056,,,0.31025,,0.43676,,0.48584,,,0.67897,,0.21254
4862,3,46794887,46850588,,0.23715,,,,,0.33267,,,,,0.27218,0.24897,0.23915,0.32435,,,,,,
4883,3,56607166,56624160,,,,,,0.24165,,,,,,,,,0.21197,,,,,,
4913,3,67492290,67497596,,,,,,,,,,,,,,,,0.21504,,,,0.30627,
4914,3,67497596,67580138,,0.25288,,,,,0.28739,,,,,0.24894,0.23634,0.22702,0.30374,,,,,,
4920,3,68629599,68640412,,,0.20877,,,0.27534,,0.2026,,,0.24871,0.25749,,,0.31595,0.37515,0.32629,,,0.41815,0.36395
4921,3,68733803,68748314,,,,,,,0.31364,,0.29053,,,0.34255,,,0.39659,0.354,0.25958,,,0.38369,0.26908
4923,3,69178833,69183075,,,,,,0.24096,,,,,,,,,,,,,,,
4950,3,80061700,80064702,,,,,,,0.29005,,,,,,,0.30586,,,,,,,
4957,3,82868739,82873652,,,,,0.39951,,,,,0.52393,,,,0.31714,,,0.39014,,0.3048,,0.41663
4995,3,98399814,98414889,,0.24064,,,,,,,,,,,,,,,,,,,
4997,3,98937325,98951057,,,,,,0.23838,,,,,,,,,,,,,,,
5033,3,110158791,110182347,,,,0.21799,,,,,0.24647,,,,0.25349,,,0.22296,,,0.20879,0.25598,
5044,3,114655254,114661383,,0.2624,,0.40049,,,,,0.30009,,,0.27744,,0.25361,0.33626,0.46747,,,0.44409,0.51773,
5070,3,129762720,129807983,,0.24738,,0.23554,,,,,0.2222,,,,,,,,,,0.22181,,
5078,3,131708168,131713607,,,,,,,,,,,,0.2754,0.25286,0.46398,0.38292,,,,,,
5079,3,131988535,131998255,,,,,,,,,,,,,,0.36579,,,,,0.37508,,
5099,3,140542353,140546965,,,,0.29265,,,,,0.36289,,,,0.46461,,0.24888,0.45445,,,,,
5119,3,149268194,149270379,,,,,,,,,,,,,,,,,0.25064,,0.21048,,
5137,3,156091117,156094471,,,,,,,0.22446,,,,,0.20412,,0.28037,0.3705,,,,,0.23541,
5170,3,166844221,166861490,,0.23042,,0.30176,,,,,,,,,,,,,,,0.21004,,
5196,3,175077520,175087654,,,,,,,,,0.22196,,,,,,,0.22977,,,0.23891,,
5207,3,177002636,177011374,,,,0.54971,,,,,0.50353,,,,0.51384,,,0.46718,,,0.44381,0.51744,
5235,3,189363171,189371547,,,,,,0.2531,,,,,,,,,,,,,,0.28542,0.30997
5240,3,191064302,191072651,,,,,,,,,,,,,,,0.21471,0.2025,,0.24542,0.27536,,0.32226
5252,3,192774144,192781760,,,,,,,,,,,,,,,,,,,,0.201,
5254,3,192874970,192885553,,,,,,,,,,,,0.20043,,0.21825,0.22832,,,,,,
5257,3,194398672,194400608,,,,,,,,,,,,,,,0.22308,,,,,,
5260,3,195771149,195776591,,,0.21166,0.22031,0.21812,0.44325,,,,,0.2308,0.27191,0.28506,0.28403,0.45296,,,,,,
5262,3,196932119,196946108,,,,,,,0.30108,,0.22912,,,,,0.27168,,,,,0.21921,,
5268,4,21300,72378,,,,,,,,,0.26919,,,0.2974,,,,0.37721,0.20504,,,0.20668,
5334,4,21368940,21377583,,0.21483,,,,,,,,,,,,,,,,,,,
5347,4,26955732,26957923,,,,,,,,,,,,0.20195,,,0.24879,,,,,,
5406,4,42756980,42778572,,0.20983,,,,,0.20854,,,,,0.40189,,0.35749,0.34729,0.31885,,,0.284,0.22714,
5435,4,58249726,58260547,,,0.2124,,0.23865,,,0.23714,,0.27953,,0.24462,,0.28678,,,,,,,
5442,4,60283999,60301569,,,,,,,,,,,,,,,,,0.25493,,,,
5452,4,63665220,63678066,,,,,,,0.23432,,,,,0.24724,0.47448,,0.35562,,,,0.2801,,
5469,4,69365480,69553855,,,,,,,,,,,,0.21267,,,,,,,,,
5513,4,90100662,90113606,,,,,,,0.2152,,,,,,,,,,,,,,
5519,4,91926419,91936156,,0.34578,,,,,0.24637,,,,,0.38172,0.23753,,0.32585,,,,,,
5531,4,93855061,93866171,,,,,0.20316,,0.23787,,,,,0.3207,0.55384,0.57885,0.29649,,,,,,
5557,4,106939496,106945546,,,,0.43353,0.38893,0.24959,,,,,,,0.22607,,,,,,,,
5558,4,107055581,107063577,,,,,,,0.24025,,,,,,0.24404,,,,,,,,
5564,4,108241790,108380157,,,,,,,,,,0.34425,,,,,,,0.34954,,,,0.24261
5578,4,115172502,115185798,,,,,,,,,,,,,,,,,,,0.25212,,
5609,4,130280436,130283193,,0.21269,,,,,0.2194,,,,,,,,0.23279,,,,,,
5614,4,132640140,132687427,,,,,,,,,,,,,,0.21686,,,,,,,
5616,4,133174309,133183748,,,,,,,,,,,,,,,,,,,,0.23201,
5622,4,135431194,135437146,,,,,,,,,0.21733,,0.21012,0.23611,0.33112,,0.34696,,,,,,
5645,4,142230540,142233562,,,,,0.2107,,,,,0.29977,,,,0.42862,,,0.22831,,,,0.23603
5676,4,151874092,151887283,,0.20665,,,,,,,,,,,,,,,,,,,
5716,4,163277909,163281460,,,,0.27809,,,,,0.22284,,,,0.2072,,,,,,,,
5736,4,172374295,172379672,,0.30077,,,,,0.2456,,,,,0.45326,0.43222,0.37481,0.39197,,,,,,
5739,4,172987856,172992597,,,,,,,,,,,,,0.28664,,,,,,0.40998,,
5740,4,173424805,173436609,,,,,,,0.21896,,,,,,0.21393,0.20724,0.27547,,,,,,
5783,4,186441531,186444411,,0.51794,,,,,0.48672,,,,,0.58584,0.58262,0.39912,0.60952,,,,,,
5784,4,187093396,187098364,,,,,0.23994,,,,,,,,,,,,,,,,
5794,4,189436546,189439141,,,,,,,,,,,,,0.21934,,0.22906,,,,,,
5800,4,190662382,190684651,,,,,,,,,,,,,,,,0.22033,,,0.41666,,0.21296
5801,4,190985982,191016089,,,,,,,,,,,,0.21878,,,,,,,,,
5805,5,207984,217909,,,,,,,,,,,,,,,0.22194,,,,,,
5847,5,10267324,10275535,,0.25821,0.34754,0.27699,0.30048,0.57817,,,,,0.27155,,,,,,,,,,
5857,5,12810950,12820771,,0.28331,,,,0.20656,,,,,,0.28959,0.30776,0.30789,,,,,,0.21873,0.21515
5868,5,15719202,15721264,,,,,,,,,,,,,,,,,0.32847,,,,
5900,5,26792704,26802089,,,,,0.20457,0.29177,,,,,,0.27034,0.30022,0.33636,0.41303,,,,,,
5940,5,42627456,42631479,,,,,,,,,,,,0.38135,0.32553,0.30139,,,,,,,
5950,5,45004677,45015379,,0.22292,,,,,0.25587,,,,,0.21803,,0.31947,,,,,,,
5977,5,57323420,57335861,,,,0.21379,,,,,0.28611,,,,0.33734,,,0.2259,,,0.3112,0.29322,
5983,5,60000466,60004882,,,,0.27372,,,,,,,,,,,,0.3582,,,0.36226,0.35528,
5996,5,63697734,63702227,,,,,,,,,,,,,,,,,,,,,0.20918
6006,5,70395448,70660702,,,,,,,,,0.22237,0.21446,0.21434,,,,,,,,,,
6026,5,79900557,79910136,,,,0.31866,,,,,0.22594,,,,0.23829,,,0.25582,,,0.23974,0.29288,
6035,5,83948296,83955075,,0.23489,,,,,0.20388,,,,,,,,0.21721,,,,,,
6049,5,87377721,87382416,,,,,,,,0.22569,0.29101,0.28067,0.27742,,0.25064,0.24088,0.24084,,,,,,
6053,5,90497249,90506142,,,,0.2843,,,,,0.42438,,,,,,,0.44879,,,0.42119,0.33847,
6063,5,97400717,97402935,,,,,,,,,,,,,,,,0.22023,,,,,
6091,5,105893530,105901603,,,,,0.39846,,,,,0.48026,,,,0.2871,,,,,0.43399,,0.35935
6092,5,106227436,106241465,,,,,,,,,0.28156,,,,0.31032,,,,,,,,
6093,5,106323939,106327304,,,,0.21829,,,,,0.2154,,,,0.32008,,,,,,,,
6130,5,121131772,121136232,,,,,,,,,,0.22221,,,,0.28079,,,,,0.2411,,0.28331
6136,5,121574578,121597474,,,,,,,,,,,,,,0.29587,0.30167,0.26753,,,0.41341,0.36981,
6151,5,127406779,127411637,,0.21321,,,0.23714,,0.21195,0.23011,,0.29796,,,0.20445,,,0.24893,,,0.33883,,
6161,5,133133607,133136712,,,,,,,,,,,,,,,,,,,0.32593,,
6214,5,150201231,150223428,,0.2618,,,,,,,,,,,,0.30102,,,,,,,
6219,5,151514544,151519759,,,,,,,,,,,,,0.20082,0.30491,,,,,,,0.23128
6236,5,160587133,160591844,,,,,,,,,0.20007,,,0.32573,0.44836,,0.37735,,,,0.24607,,
6243,5,162861614,162863672,,,,0.21687,,0.23297,,,,,,0.27411,0.55507,0.48636,0.47007,,,,,,
6257,5,170128654,170131933,0.23815,,0.47382,0.23532,0.44365,0.4123,0.28031,,,,,0.57349,0.29739,0.54981,0.45784,,,,,,
6272,5,175527755,175537393,,,,,,,,,0.24924,,,,,,,,,,,,
6273,5,175537393,175556432,,,,,,,,,0.2793,,,,,,,,,,0.23483,,
6290,5,178111461,178124963,,,,,,,,,,,,,0.35086,,,,,,0.38977,,
6292,5,178384874,178391899,,,,0.26744,,0.20976,,,0.24542,,,,0.25241,,,,,,0.2079,,
6298,5,180374981,180430956,,,,,,,,,,,,,,,,,,,0.39848,,
6363,6,24324781,24328341,,,,,,,,,,,,0.30225,0.47237,,0.45359,,,,,,
6393,6,30065894,30068872,,,,0.31736,,,,,0.28107,,,,0.28889,,,0.25472,,,0.2387,0.29166,
6399,6,31280690,31316901,,,,,,,,,,,,0.24025,0.39557,,,,,,0.22851,,
6400,6,31336653,31339359,,,,,,,,,,,,0.23573,,0.20223,,,,,,,
6403,6,31947970,32014301,,0.31982,,,,,0.32004,,,,,0.3624,0.46823,0.47037,0.34555,,,,,,
6466,6,53928253,53935160,,0.43894,,,0.23959,,0.41295,,,0.24349,,0.21099,0.204,,0.25434,,,,,,
6479,6,57447621,57452661,,,,,,,,,,,,,,,,0.25711,,0.22098,,,
6484,6,58028491,58087463,,,,,,,,,,,,,,,,0.20612,,,0.24117,,
6498,6,64659039,64673571,,0.26868,,0.21553,,,,,,,,0.29481,,0.44362,0.21472,0.28496,,,0.42989,,
6501,6,65709074,65722101,,,,,,,,,,,,0.27736,0.35529,0.28662,0.21288,,,,,,
6504,6,66073539,66081006,,,,,,,,,,0.20368,,,,0.20911,,,,,,,0.21104
6505,6,66397287,66405069,,,,,,,,,,,,,,,0.21535,,,,,,
6525,6,70189617,70214773,,,,,,,0.25647,,,0.20013,,,0.41114,,,,,,0.39242,,
6530,6,74591675,74605610,,,,,,,,,,,,,0.33706,,,0.24742,,,,,
6537,6,77016420,77029591,,,,,,,,,,0.23739,,,,,,,0.21618,,0.20884,,
6538,6,77096645,77100104,,0.52198,,,,,0.51181,,,,,0.25762,0.27005,0.39586,,,,,,,
6569,6,86622872,86632263,,,,,0.20658,,,,,,,,,,,0.23709,0.39874,,,,0.28228
6596,6,93573779,93577977,,0.22174,,,,,,,,,,,,,,,,,,,
6602,6,96387398,96389875,,,,,0.21726,,,,,,,,,,,0.22785,,,0.34834,,
6605,6,98415719,98419056,,,,0.33979,,,,,0.2992,,,,0.26658,,,,,,0.30332,,
6606,6,98592401,98610882,,,,0.2418,,,,,0.26895,,,,,,,,,,0.27077,,
6625,6,103737361,103767104,,,,,,,0.26033,,,,,0.21681,0.24386,0.29317,0.22317,,,,,,
6682,6,122079591,122085053,,0.22526,,,,,,,,,,,,,,,,,,,
6692,6,126182601,126188650,,,,,,,0.2338,,,,,0.22438,,0.28066,,,,,,,
6710,6,134589319,134593737,,,,,,,,,,,,0.27379,0.34171,0.29975,0.27493,,,,,,
6714,6,136851529,136853126,,0.29968,,,,,0.28849,,,,,,,0.21302,,,,,,,
6721,6,139602000,139607253,,,,,,,,,0.27728,0.26729,,,,,,,,,,,
6732,6,142099277,142143035,,,,,,,0.20344,,,,,,,,0.21601,,,,,,
6757,6,152389651,152392853,,0.26668,,0.25926,,,0.28624,,0.31303,,,0.20758,,0.38871,,0.24725,,,0.47323,,
6777,6,160076074,160089825,,,,,,,,,,,,,,,0.33707,,,,,0.24371,0.27211
6781,6,161023693,161076390,,,,,,,,,0.24961,,,,0.33921,0.23415,0.22173,,,,,,
6794,6,164542715,164550424,,,,,,,,,,,,,,,,0.20217,,,0.2182,,
6796,6,165724057,165733204,,,,,,,0.3675,,,,,0.30457,,0.21713,0.30449,,,,,,
6798,6,166494766,166502814,,0.22723,,,,,,,,,,,,,,,,,,,
6820,7,150302,161182,,,,0.37616,,0.20448,,,,,,,0.50781,,0.27301,,,,0.42453,,
6821,7,200428,229295,,,,,0.24408,,,,,0.24762,,,,0.20077,,,,,0.47033,,0.38839
6877,7,13277989,13280885,,0.26368,,,,,0.21866,,,,,0.24739,,0.22558,0.30195,,,,,,
6929,7,31314358,31323417,,,,,,0.23029,,,,,,,,,0.36672,,,,,,
6930,7,31590082,31592811,,,,,,,,,0.20693,,,,0.65955,,0.3099,0.37625,,,0.56352,,
6973,7,48651979,48655160,,,,,,,,,,0.35182,,,,0.36032,,,0.26307,,0.31219,,0.36331
6981,7,51591625,51605087,,,,,,,,,,,,,0.24464,,,0.2738,,,0.23774,,
7000,7,56867129,56942067,,,,,,,0.29519,,,,,,0.24103,,,,,,,,
7005,7,57116863,57121037,,,,,,,,,0.35522,,,,,,,,,,0.39914,0.3548,
7023,7,65587597,65591734,,,,,,,,,,,,0.27468,,,,,,,,,
7041,7,70420062,70427034,,0.2111,,,,,0.2561,,0.28219,,,0.32868,,0.30528,,0.40054,,,0.38372,,
7050,7,73820592,73832143,,,,,,,,,,,,,,,,,,,0.26413,,
7053,7,74438750,74439986,,0.25202,,,,,0.23342,,,0.20378,,0.26336,,0.47811,0.44413,,0.22196,,0.32673,,
7091,7,86227550,86250612,,,,,,,,,,0.22442,,,,0.28339,,,,,,,
7102,7,89519374,89532632,,,,,,,,,,,,,0.20384,,,,,,0.20798,,
7104,7,89810061,89813506,,,,,,,,,,,,,,,,,,,,0.22749,
7109,7,91030116,91040927,,,0.28337,,0.41932,,,0.25366,,0.39174,,0.33752,,0.49358,,0.22743,,,0.36781,,
7117,7,93325683,93333643,,,,,,,,,,,0.20988,,,,,,,,,,0.2289
7124,7,97387040,97403300,,,,,,,,,,,,,,0.47782,,,0.32795,,0.2926,,
7126,7,97653914,97661718,,,,,,,0.22203,,,,,,0.27832,,0.21611,,,,,,
7130,7,99461089,99463771,,0.41422,,,,,0.40388,,,,,0.35644,0.34038,0.20165,0.42338,,,,,,
7134,7,100325679,100337066,,,,,,,,0.25835,,,,,,,,0.42551,,,0.24932,,
7157,7,109429220,109446016,,0.20271,,,,,,,,0.37378,,0.27205,,0.68195,,0.24073,0.24753,,0.66635,,0.2568
7163,7,110581769,110586066,,,,,0.25964,,,,,0.24237,,,,0.24879,,,,,0.21324,,0.25106
7169,7,112433579,112482530,,,,,,,,0.31094,,,,,,,,,0.24559,,,,
7185,7,118823651,118834782,,,,0.34787,,,,,0.43868,,,,0.27791,,,0.48655,,,0.27459,0.28732,
7186,7,118834782,118898739,,,,,,,,,,,,,,,,0.22932,,,,,
7210,7,126045809,126051767,,,,,,,,,,,,,,,,0.37803,,,,0.28006,
7211,7,127214739,127218295,,,,,,0.31914,0.27095,,,,,0.58192,0.55885,,0.67644,,,,,,0.2887
7249,7,142453704,142486666,,,,0.22323,,,0.27633,,0.20915,,,0.25677,0.55733,,0.49153,0.25888,,,0.44317,,0.28101
7252,7,143454872,143572547,,,,,0.21432,,,,,0.2203,,,,0.31253,,,0.22041,,0.24904,,
7268,7,149714253,149717356,,0.27218,,,,,0.22869,,,,,,,,0.24254,,,,,,
7278,7,152573933,152581312,,,,,,,,,,,,,,0.21123,,,,,0.21048,,
7287,7,153919163,153921790,,,,0.31451,,,,,0.29441,,,,,,,0.27009,,,0.33105,,
7308,7,158265783,158291398,,,,,,,,,0.21955,,,,,,,,,,,,
7310,7,158498935,158503340,,,,,,,,,0.24554,,,,,0.24343,,,,,0.45537,,
7328,8,2246200,2270044,,0.20156,,,,,,,,,,0.28924,0.22355,,0.27177,,,,,,
7348,8,4122402,4125338,,0.42392,,0.40545,0.38075,,0.37165,,0.38829,0.36766,,0.28463,,,0.22176,0.31694,0.29909,,,0.22068,0.20114
7354,8,6173776,6187885,,,,,,,,,0.21534,0.47201,,,,,,,0.3255,,,,0.21839
7359,8,6825031,6826568,,,0.21203,,,,,,,,,0.38439,,0.31307,,0.41399,,,0.34862,,
7360,8,6826568,6828277,,,0.21203,,,,,,,,,0.38439,,0.30739,,0.41399,,,0.34758,,
7371,8,9497470,9502145,,,,,0.25986,,,,,0.20038,,,,,,,0.2548,,,,
7376,8,11245462,11247411,,,,0.27281,0.21536,0.30949,0.24481,,,,,0.28317,0.57989,0.4995,0.58433,,,,,,
7397,8,16200707,16207998,,0.40556,,,,,0.2354,,,,,0.2048,0.31104,0.29679,0.27139,,,,,,
7421,8,22996194,23001045,,,,0.34822,,,,,0.36519,,,,,,,0.33333,,,0.31356,0.37775,
7422,8,23003088,23003688,,,,0.34141,,,,,0.35758,,,,,,,0.32614,,,0.30666,0.37001,
7423,8,23007163,23022425,,,,0.32243,,,,,0.34053,,,,,,,0.31007,,,0.29129,0.35261,
7430,8,25066490,25070878,,0.20315,,0.26763,,,,,,,,,,,,0.24255,,,,,
7477,8,36369124,36370951,,0.31146,,,,,0.2504,,,,,0.24688,,0.22511,0.30136,,,,,,
7480,8,37930161,37955499,,,,0.24528,,,,,,,,,0.23222,,,,,,0.32936,0.30331,
7486,8,39225975,39389130,,,,,,,,,,,,,,0.24563,,,,,0.28315,,0.23784
7554,8,72213953,72218293,,,,,,,0.36,,,0.28197,,0.24439,0.43195,,0.22956,,,,0.36596,,
7587,8,82044620,82047007,,,,,,0.20074,,,,,,,,,,,,,,,
7603,8,87187664,87193630,,,,,,,,,,,,,,,,0.23134,,,0.26654,0.20345,
7638,8,96874198,96891653,,0.26008,,,,,0.24158,,,,,0.29501,0.31449,0.34698,0.41061,,,,,,
7675,8,112293525,112300229,0.23164,0.40044,0.38714,0.53153,0.30867,0.4558,,,,,,,,,,,,,,,
7705,8,120148758,120161381,,,,0.21421,,,0.20767,,0.28466,,,0.34626,,0.32389,0.41239,0.43942,,,0.42206,0.48193,
7707,8,120780260,120788332,,,,,0.37514,,,,,0.33978,,,,0.40489,,,,,0.35323,,0.30351
7722,8,123113170,123115458,,,,0.23064,,,,,,,,,,,,,,,,,
7745,8,129750987,129785371,,,,,,,,,,,,,,,,0.24819,,,0.32453,0.29134,
7750,8,131850410,131853000,,,,,,,0.38925,,,,,,,0.34693,0.30296,,,,,,
7751,8,132262071,132282186,,,,,,,0.2248,,,,,,,,,,,,,,
7761,8,137158967,137164262,,,,,0.21278,,,,,,,,,,,,,,,,
7772,8,140325979,140334533,,,,0.20622,,,,,,,,,,,,,,,,,
7780,8,143397187,143399826,,,,0.23056,0.21743,,,,0.21309,0.20312,,,0.21924,0.20854,,,,,,,
7786,8,144632219,144636475,,,,,,,,,,,,,,,0.3731,,,,,,0.33347
7794,8,146279935,146301739,,,,0.20277,,,,,0.2115,,,,0.34682,,,0.27416,,,0.21502,0.25628,
7874,9,17908118,17919224,,0.39384,,,,,0.4888,,,,,0.54974,0.44819,0.5082,0.63729,,,,,,
7883,9,22489577,22509490,,,,,,,0.22249,,,,,,,,,,,,,,
7890,9,23353862,23377802,,,,,,,0.36741,,0.28327,,,0.42723,,,0.22095,0.36612,,,,,
7948,9,44726804,44890106,,,,,,,,,,,,,,0.39769,,,0.31536,,0.49386,,0.46642
7950,9,45618984,45815168,,,,,,,,,,0.35654,,,,,,,,,0.38106,,0.22327
7951,9,45865708,46095771,,,,0.27299,,,,,0.22703,,,,,,,,,,,,
7953,9,46561617,47059521,,,,,,,,,,,,,,,,,,,0.24991,,
7963,9,71737799,71744519,,,,,,,,,,,,,0.20338,0.26556,,,,,,,
7999,9,85757768,85862137,,,,,,,0.23272,,,0.21574,,,,,,,,,,,
8016,9,92175601,92178115,,,,,0.29563,,,,,0.41101,,,,0.32049,,,0.41002,,0.27833,,
8051,9,106567809,106570640,,,,,,,,,,,,,0.20789,,,,,,,,
8072,9,113022591,113030450,,,,,,0.213,0.33262,,,,,0.66174,0.46187,0.52271,0.6127,,,,,,
8074,9,113477018,113486754,,,,,,,,,,,,,,,,0.22444,,,0.21018,,
8083,9,117078658,117098682,,,,,,,,,,,,,0.31133,,,,,,0.30394,,
8112,9,129517756,129524558,,,,,,,,,,,,0.52744,,0.20945,0.35328,0.26937,,,,,
8113,9,130181527,130186301,,,,,0.39164,,0.24532,,,0.44843,,0.50095,,0.96443,0.20395,0.33069,0.30676,,0.84807,,0.46715
8119,9,131362536,131365905,,,,0.28123,,,,,0.24826,,,,0.24266,,,0.2246,,,0.21033,0.25783,
8121,9,131411165,131417407,,0.37331,,0.30324,,0.38117,,,,,,,,,,,,,,,
8127,9,134258814,134268927,,,,,0.28689,,,,,0.26994,,,,0.3103,,,0.21881,,,,0.2134
8135,9,136623735,136627012,,,,,,,0.2173,,,,,0.25887,,0.25034,0.26826,,,,,,
8144,9,138213852,138218839,,0.23377,,,,,0.31347,,,0.2024,,0.20875,0.58845,,,0.22284,,,0.50217,0.25164,
8148,9,138479020,138480355,,,,,,,,,,,,,,,,,,,0.20483,,
8159,9,140249394,140253775,,0.22927,,,,,0.32899,,,,,,0.27622,0.25545,0.4318,,,,,,
8172,X,5053110,5057954,,,,,,0.23135,,,,,,,,,,,0.24981,,,,0.23657
8173,X,5053361,5057758,,,,,,0.23135,,,,,,,,,,,0.24981,,,,0.23657
8247,X,11951461,11959719,,,,,,,,,0.22566,,,,0.20171,,,,,,,,
8284,X,31529162,31554252,,,,0.33203,,,,,0.29443,,,,0.34625,,,0.30655,,,0.31123,0.31376,
8287,X,32986310,32990011,,,,,,,,,,,,,,0.32756,,,,,0.36857,,0.20537
8306,X,37030806,37032279,,0.2095,,,,,,,,,,,,,,,,,,,
8307,X,37030806,37038801,,0.2095,,,,,,,,,,,,,,,,,,,
8311,X,38583351,38590833,,,0.51282,0.3327,0.5421,0.53743,,0.29182,,0.33479,0.29687,0.66468,0.46112,0.70838,0.63444,,,,,,
8322,X,44712257,44728537,,,,0.2791,,,,,,,,,0.25335,,,0.22284,,,0.20868,0.25584,
8405,X,64085065,64093990,,,,,0.22709,,,,,0.20195,,,,0.20733,,,,,,,0.20924
8406,X,64085065,64105877,,,,,0.22709,,,,,0.20195,,,,0.20755,,,,,,,0.20924
8411,X,67072745,67130550,,,,0.20593,,,,,,,,,,,,,,,,,
8414,X,69729643,69748821,,,,,,,,,0.34671,,,,,,,,,,,,
8426,X,77120587,77126607,,0.30858,,,,,0.38127,,,,,0.6104,0.32534,0.69494,0.28308,,,,,,
8449,X,92795312,92803755,,,,,,,,,,,,,,,,,,,0.26495,,
8456,X,93395090,93408524,,,,0.60566,,,,,0.44615,,,,0.53334,,,0.47972,,,0.49996,0.38332,
8497,X,114957681,115006571,,,,,,,,,,,,,,,,,0.2848,,,,0.25819
8498,X,115136691,115173004,,,,,,,,,,0.22576,,,,,,,,,,,
8499,X,115136741,115157146,,,,,,,,,,0.22576,,,,,,,,,,,
8528,X,126594243,126602654,,,,,,,,,,0.46639,,,,0.34598,,,0.34026,,0.63034,,0.60161
8529,X,126595812,126602754,,,,,,,,,,0.46639,,,,0.34598,,,0.34026,,0.63034,,0.60161
8547,X,134725241,134975246,,,,,,,,,,0.25343,,,,0.27246,,0.3113,,,0.49438,,0.23345
8548,X,134749333,134807363,,,,,0.20905,,,,,0.22183,,,,,,,,,,,0.21547
8549,X,134800913,134900920,,,,,,,,0.2202,,0.2247,,,,,,0.45869,,,0.56851,,
8550,X,134841737,134900920,,,,,,,,,,0.23601,,,,0.20514,,0.48622,,,0.57023,,0.20363
8551,X,134841737,134975246,,,,,,,,,,,,,,,,0.26678,,,0.35572,,
8562,X,139483154,139503793,,,,,0.44753,,,,,0.37255,,,,0.28998,,,0.26659,,0.40806,,0.46762
8563,X,139485661,139503893,,,,,0.44753,,,,,0.37255,,,,0.28998,,,0.26659,,0.40806,,0.46762
8586,X,146037797,146042345,,0.22866,,,,,,,,,,,,,,,,,,,
8588,X,146360192,146369374,,,,,,,,,,,,,,,,,,,0.34919,,
8646,X,154788811,154840186,,,,,,,,,,,,,,,,0.30299,,,0.24022,0.25329,
8647,X,154789310,154826421,,,,,,,,,,,,,,,,0.30299,,,0.24022,0.25329,
8649,X,154908191,154948137,,,,,,,,,,,,,,,,0.24319,,,,,
