,Chromosome,Start,End,Africa-America,Africa-CentralAsiaSiberia,Africa-EastAsia,Africa-Oceania,Africa-SouthAsia,Africa-WestEurasia,America-CentralAsiaSiberia,America-EastAsia,America-Oceania,America-SouthAsia,America-WestEurasia,CentralAsiaSiberia-EastAsia,CentralAsiaSiberia-Oceania,CentralAsiaSiberia-SouthAsia,CentralAsiaSiberia-WestEurasia,EastAsia-Oceania,EastAsia-SouthAsia,EastAsia-WestEurasia,Oceania-SouthAsia,Oceania-WestEurasia,SouthAsia-WestEurasia,Start_b,End_b,name2,Distance,GeneID,logFC,AveExpr,t,P.Value,adj.P.Val,B,population
0,chr1,260453,261566,0.2025,0.00826,0.08376,0.51576,2e-05,0.00653,0.16112,0.03668,0.1666,0.22767,0.2044,0.04714,0.46687,0.01258,0.02045,0.32429,0.09181,0.11327,0.53687,0.51918,0.00817,254109,278561,LINC01128,0,LINC01128,0.89984136527005,4.02258788355616,4.92118376304497,1.10339969046223e-05,0.0053703787014425,3.26765732734903,America_Africa
1,chr1,261566,263205,0.24029,0.01503,0.07117,0.55574,0.00274,0.0,0.12363,0.03805,0.11757,0.19053,0.14435,0.02009,0.39865,0.00525,0.00769,0.24498,0.04857,0.05427,0.49563,0.39668,0.00132,254109,278561,LINC01128,0,LINC01128,0.89984136527005,4.02258788355616,4.92118376304497,1.10339969046223e-05,0.0053703787014425,3.26765732734903,America_Africa
2,chr1,24595359,24599364,1e-05,0.06506,0.05354,0.0374,0.00286,0.02204,0.05624,0.07143,0.0561,0.00212,0.02105,0.20833,0.16226,0.04118,0.15661,0.0,0.07591,0.01112,0.05404,0.00704,0.04041,24584190,24679941,CLIC4,0,CLIC4,1.63166088821824,6.20353921951185,4.12141753429263,0.0001600682891397,0.0209879194891619,0.580051633773266,America_Africa
3,chr1,28395292,28403244,0.00813,0.21134,0.01291,0.0089,4e-05,0.00141,0.2002,0.0,0.0,0.00923,0.00313,0.26882,0.21296,0.20446,0.25428,0.0,0.01444,0.00551,0.01009,0.00348,0.00189,28395039,28420501,TRNAU1AP,0,TRNAU1AP,-0.915629343813271,4.70816543704452,-4.38891622333475,6.4340835583019e-05,0.0135348544533161,1.62081924035979,America_Africa
4,chr1,40048885,40056008,0.02819,0.11135,0.02629,0.00329,0.00893,0.03429,0.21761,0.00102,0.05806,0.00876,0.00013,0.23333,0.07519,0.17797,0.25163,0.04899,0.00479,0.00045,0.02348,0.05537,0.00799,40030848,40110388,RLF,0,RLF,1.23341343427082,5.2023042384549,4.28296890320067,9.06913327596685e-05,0.034921329074465,1.20991095163916,America_SouthAsia
5,chr1,40048885,40056008,0.02819,0.11135,0.02629,0.00329,0.00893,0.03429,0.21761,0.00102,0.05806,0.00876,0.00013,0.23333,0.07519,0.17797,0.25163,0.04899,0.00479,0.00045,0.02348,0.05537,0.00799,40030848,40110388,RLF,0,RLF,1.3275005533248,5.2023042384549,5.77756799131762,5.883065424305e-07,0.0017043800826156,6.00170579636677,America_Africa
6,chr1,52410832,52420534,0.02029,0.1601,0.00022,0.00935,0.02137,0.00186,0.06505,0.02437,0.05931,0.08651,0.02592,0.17143,0.20757,0.26535,0.17049,0.00678,0.01717,0.00091,0.00218,0.00166,0.00628,52304742,52434568,TUT4,0,TUT4,0.963602803115163,5.53302403121355,4.13351733376854,0.000146433474672,0.019998480210363,0.736584354080017,America_Africa
7,chr1,93669317,93670835,0.36905,0.37039,0.43933,0.33846,0.25869,0.15936,0.00063,0.01641,0.0,0.01579,0.0351,0.01161,0.00059,0.0231,0.04853,0.0161,0.0692,0.11634,0.0151,0.0356,0.00793,93407524,93692897,BCAR3,0,BCAR3,2.32334903125409,2.01337626681938,4.83334932203242,1.48183335964678e-05,0.0062606430394132,2.99635165081437,America_Africa
8,chr1,93670835,93671835,0.21804,0.18782,0.23633,0.10216,0.12647,0.08116,0.00198,0.00044,0.02718,0.01444,0.02173,0.00433,0.01449,0.00651,0.01422,0.0319,0.02217,0.03787,0.00143,0.00011,0.00241,93407524,93692897,BCAR3,0,BCAR3,2.32334903125409,2.01337626681938,4.83334932203242,1.48183335964678e-05,0.0062606430394132,2.99635165081437,America_Africa
9,chr1,111164474,111165474,0.26574,0.02266,0.04444,0.08767,0.04259,0.04064,0.16952,0.1033,0.0672,0.11633,0.05121,0.00975,0.02944,0.00739,0.01434,0.00418,0.00032,0.00292,0.00702,2e-05,0.00446,111154440,111199907,CEPT1,0,CEPT1,1.25789456136245,5.26165706201207,4.18692050925611,0.0001234808886965,0.0399598605713327,0.939334567468817,America_SouthAsia
10,chr1,145043550,145044550,0.04967,0.01672,0.00172,0.08381,0.01524,0.00663,0.13152,0.06576,0.28292,0.11631,0.07081,0.00779,0.03281,8e-05,0.00189,0.06166,0.00673,0.00175,0.03305,0.03561,0.00142,145034532,145043560,RBM8A,0,RBM8A,1.08509603660703,2.86162462421019,4.29496601831504,8.72465046776833e-05,0.0157147799730849,1.38003948508979,America_Africa
11,chr1,235895180,235898471,0.0846,0.09417,0.22027,0.14233,0.00335,0.01273,2e-05,0.02778,0.00892,0.05795,0.02579,0.02815,0.00804,0.06457,0.03135,0.00589,0.17507,0.11703,0.10794,0.05741,0.00324,235795560,235903783,EDARADD,0,EDARADD,-2.97110053349136,-1.06156825933454,-4.76302593972735,1.87452739124086e-05,0.0236096000555334,2.55221010593943,America_SouthAsia
12,chr1,235895180,235898471,0.0846,0.09417,0.22027,0.14233,0.00335,0.01273,2e-05,0.02778,0.00892,0.05795,0.02579,0.02815,0.00804,0.06457,0.03135,0.00589,0.17507,0.11703,0.10794,0.05741,0.00324,235795560,235903783,EDARADD,0,EDARADD,-2.71891034678368,-1.06156825933454,-5.05844051547525,6.94173361584023e-06,0.0044551588450341,3.26643007082946,America_Africa
13,chr2,36926188,36929762,0.07973,0.2022,0.20459,0.08671,0.2189,0.08431,0.03594,0.02438,3e-05,0.03088,0.00086,0.00165,0.0428,0.0011,0.01389,0.02977,0.00011,0.01048,0.03765,0.00125,0.01166,36844881,36973674,STRN,0,STRN,0.931291692939716,4.89122580750456,3.7472133017692,0.0004896449516384,0.0359374645670393,-0.334535156069574,America_Africa
14,chr2,36929762,36932297,0.05708,0.28139,0.26514,0.17865,0.1755,0.11016,0.10013,0.06696,0.03292,0.02005,0.0096,0.00753,0.03288,0.05721,0.0233,0.00981,0.02681,0.01213,0.00314,0.00084,4e-05,36844881,36973674,STRN,0,STRN,0.931291692939716,4.89122580750456,3.7472133017692,0.0004896449516384,0.0359374645670393,-0.334535156069574,America_Africa
15,chr2,65279117,65280117,0.03423,0.1601,0.02518,0.00255,0.00286,0.00529,0.25397,0.05465,0.06522,0.04965,0.00062,0.03117,0.11663,0.12308,0.11299,0.01156,0.01387,0.03625,0.0,0.00799,0.01078,65237505,65280921,ACTR2,0,ACTR2,1.13275638466006,8.57515524791497,3.85486302783602,0.0003709702074801,0.0312063756573509,-0.55045111246647,America_Africa
16,chr2,85545640,85546640,0.05152,0.18724,0.02497,0.01833,0.08388,0.02183,0.05969,0.13285,0.01129,0.00202,0.00612,0.31099,0.11634,0.03473,0.07135,0.07939,0.18917,0.08984,0.02288,8e-05,0.0178,85541226,85547340,MAT2A,0,MAT2A,1.73790153860456,7.85295554047165,5.18979078220695,5.10732742559003e-06,0.0036555846264173,3.69102808203517,America_Africa
17,chr2,97647259,97653683,0.32589,0.15729,0.25123,0.0622,0.00118,0.07456,0.0696,0.016,0.13762,0.36177,0.03987,0.01739,0.0198,0.16509,0.00122,0.06397,0.25636,0.0207,0.0602,0.0041,0.06562,97619751,97771135,ANKRD36,0,ANKRD36,-1.87033653765831,3.08940229425374,-4.17349138372994,0.0001288996235926,0.019080594159977,1.03394591787836,America_Africa
18,chr2,97653683,97654852,0.3369,0.10152,0.24938,0.05791,0.00144,0.06981,0.14903,0.02193,0.18352,0.32515,0.06405,0.05291,0.00537,0.08479,5e-05,0.07831,0.22703,0.03398,0.0449,0.00321,0.05517,97619751,97771135,ANKRD36,0,ANKRD36,-1.87033653765831,3.08940229425374,-4.17349138372994,0.0001288996235926,0.019080594159977,1.03394591787836,America_Africa
19,chr2,97654852,97655852,0.33177,0.0732,0.26757,0.07427,0.02073,0.10558,0.16177,0.03284,0.18368,0.27608,0.0436,0.07261,1e-05,0.02373,0.00909,0.07779,0.18576,0.01375,0.02428,0.009,0.0511,97619751,97771135,ANKRD36,0,ANKRD36,-1.87033653765831,3.08940229425374,-4.17349138372994,0.0001288996235926,0.019080594159977,1.03394591787836,America_Africa
20,chr2,97655852,97657049,0.34456,0.1044,0.27485,0.10741,0.00756,0.10883,0.12402,0.01701,0.12008,0.3602,0.04132,0.05166,0.00014,0.07935,0.00261,0.04487,0.25114,0.0199,0.08473,0.0016,0.07833,97619751,97771135,ANKRD36,0,ANKRD36,-1.87033653765831,3.08940229425374,-4.17349138372994,0.0001288996235926,0.019080594159977,1.03394591787836,America_Africa
21,chr2,97658146,97660225,0.20768,0.05653,0.18167,0.01178,0.00778,0.08816,0.0629,0.00461,0.16735,0.17503,0.02165,0.03465,0.01977,0.02882,0.00401,0.10631,0.13624,0.01258,0.00077,0.03304,0.0522,97619751,97771135,ANKRD36,0,ANKRD36,-1.87033653765831,3.08940229425374,-4.17349138372994,0.0001288996235926,0.019080594159977,1.03394591787836,America_Africa
22,chr2,97660225,97661225,0.30444,0.064,0.26156,0.07493,0.01998,0.10324,0.14124,0.01858,0.14071,0.2529,0.03446,0.07617,0.00047,0.0195,0.01011,0.06661,0.18484,0.01509,0.02713,0.00662,0.0501,97619751,97771135,ANKRD36,0,ANKRD36,-1.87033653765831,3.08940229425374,-4.17349138372994,0.0001288996235926,0.019080594159977,1.03394591787836,America_Africa
23,chr2,97661225,97662414,0.35798,0.11564,0.29321,0.10661,0.04708,0.13968,0.1166,0.02836,0.13129,0.25015,0.03186,0.04383,0.00018,0.0281,0.00644,0.04928,0.15819,0.00759,0.02365,0.00761,0.051,97619751,97771135,ANKRD36,0,ANKRD36,-1.87033653765831,3.08940229425374,-4.17349138372994,0.0001288996235926,0.019080594159977,1.03394591787836,America_Africa
24,chr2,97662414,97664399,0.21606,0.07749,0.20193,0.03096,0.00482,0.09143,0.06248,0.00254,0.14456,0.18906,0.04198,0.03648,0.01454,0.05065,0.00018,0.09109,0.16371,0.03407,0.0133,0.01489,0.05856,97619751,97771135,ANKRD36,0,ANKRD36,-1.87033653765831,3.08940229425374,-4.17349138372994,0.0001288996235926,0.019080594159977,1.03394591787836,America_Africa
25,chr2,97664399,97666193,0.23889,0.02426,0.17668,0.01813,0.005,0.02524,0.16568,0.02485,0.1788,0.27771,0.11649,0.07859,0.00034,0.01243,0.0,0.08463,0.17206,0.07445,0.00796,0.00033,0.01119,97619751,97771135,ANKRD36,0,ANKRD36,-1.87033653765831,3.08940229425374,-4.17349138372994,0.0001288996235926,0.019080594159977,1.03394591787836,America_Africa
26,chr2,97666193,97667652,0.36455,0.15037,0.18895,0.06945,0.04021,0.04606,0.10073,0.11443,0.22427,0.38317,0.12482,1e-05,0.02367,0.08766,0.02033,0.02934,0.11142,0.02905,0.01705,0.00042,0.00545,97619751,97771135,ANKRD36,0,ANKRD36,-1.87033653765831,3.08940229425374,-4.17349138372994,0.0001288996235926,0.019080594159977,1.03394591787836,America_Africa
27,chr2,97667652,97669218,0.30023,0.17896,0.21226,0.05223,0.03959,0.0473,0.04683,0.03754,0.13426,0.19936,0.07324,0.00048,0.03693,0.07629,0.02068,0.04566,0.09525,0.03276,0.00375,0.0001,0.00415,97619751,97771135,ANKRD36,0,ANKRD36,-1.87033653765831,3.08940229425374,-4.17349138372994,0.0001288996235926,0.019080594159977,1.03394591787836,America_Africa
28,chr2,132029226,132031385,0.08808,0.00067,0.00023,0.02756,0.04663,0.0177,0.0797,0.04983,0.01314,0.20974,0.08506,0.00111,0.02019,0.05303,0.01863,0.01921,0.02437,0.01137,0.11361,0.04959,0.00122,132026432,132062799,POTEKP,0,POTEKP,-3.05145992606442,-2.11630579956692,-4.19412365013298,0.0001206663374718,0.0398273301755915,1.06283976137786,America_SouthAsia
29,chr2,132029226,132031385,0.08808,0.00067,0.00023,0.02756,0.04663,0.0177,0.0797,0.04983,0.01314,0.20974,0.08506,0.00111,0.02019,0.05303,0.01863,0.01921,0.02437,0.01137,0.11361,0.04959,0.00122,132026432,132062799,POTEKP,0,POTEKP,-2.34584444083348,-2.11630579956692,-4.32562771574906,7.90116984625294e-05,0.0151640148983023,1.45525951293857,America_Africa
30,chr2,132031385,132032385,0.08605,0.00209,0.00013,0.02142,0.04427,0.00899,0.08091,0.03311,0.01737,0.22331,0.0682,0.00042,0.0126,0.0655,0.01367,0.00887,0.02686,0.00839,0.10486,0.03239,0.00411,132026432,132062799,POTEKP,0,POTEKP,-3.05145992606442,-2.11630579956692,-4.19412365013298,0.0001206663374718,0.0398273301755915,1.06283976137786,America_SouthAsia
31,chr2,132031385,132032385,0.08605,0.00209,0.00013,0.02142,0.04427,0.00899,0.08091,0.03311,0.01737,0.22331,0.0682,0.00042,0.0126,0.0655,0.01367,0.00887,0.02686,0.00839,0.10486,0.03239,0.00411,132026432,132062799,POTEKP,0,POTEKP,-2.34584444083348,-2.11630579956692,-4.32562771574906,7.90116984625294e-05,0.0151640148983023,1.45525951293857,America_Africa
32,chr2,132035697,132037031,0.10454,0.0074,0.00264,0.01159,0.05179,0.00373,0.15423,0.0562,0.0327,0.22892,0.0435,0.00012,0.03047,0.01788,2e-05,0.0134,0.01284,0.0002,0.08199,0.01256,0.00728,132026432,132062799,POTEKP,0,POTEKP,-3.05145992606442,-2.11630579956692,-4.19412365013298,0.0001206663374718,0.0398273301755915,1.06283976137786,America_SouthAsia
33,chr2,132035697,132037031,0.10454,0.0074,0.00264,0.01159,0.05179,0.00373,0.15423,0.0562,0.0327,0.22892,0.0435,0.00012,0.03047,0.01788,2e-05,0.0134,0.01284,0.0002,0.08199,0.01256,0.00728,132026432,132062799,POTEKP,0,POTEKP,-2.34584444083348,-2.11630579956692,-4.32562771574906,7.90116984625294e-05,0.0151640148983023,1.45525951293857,America_Africa
34,chr2,132037031,132038445,0.09894,8e-05,0.00191,0.01755,0.03997,0.00791,0.0853,0.02572,0.01719,0.22102,0.04772,0.00109,0.01357,0.03659,0.00679,0.00348,0.03236,0.01256,0.07971,0.02135,0.00068,132026432,132062799,POTEKP,0,POTEKP,-3.05145992606442,-2.11630579956692,-4.19412365013298,0.0001206663374718,0.0398273301755915,1.06283976137786,America_SouthAsia
35,chr2,132037031,132038445,0.09894,8e-05,0.00191,0.01755,0.03997,0.00791,0.0853,0.02572,0.01719,0.22102,0.04772,0.00109,0.01357,0.03659,0.00679,0.00348,0.03236,0.01256,0.07971,0.02135,0.00068,132026432,132062799,POTEKP,0,POTEKP,-2.34584444083348,-2.11630579956692,-4.32562771574906,7.90116984625294e-05,0.0151640148983023,1.45525951293857,America_Africa
36,chr2,132038445,132041427,0.11351,0.00011,0.00201,0.00449,0.03029,0.00289,0.14734,0.08982,0.08964,0.2797,0.06602,0.00269,0.00382,0.03691,0.00321,0.00905,0.00994,0.00016,0.05693,0.00855,0.00551,132026432,132062799,POTEKP,0,POTEKP,-3.05145992606442,-2.11630579956692,-4.19412365013298,0.0001206663374718,0.0398273301755915,1.06283976137786,America_SouthAsia
37,chr2,132038445,132041427,0.11351,0.00011,0.00201,0.00449,0.03029,0.00289,0.14734,0.08982,0.08964,0.2797,0.06602,0.00269,0.00382,0.03691,0.00321,0.00905,0.00994,0.00016,0.05693,0.00855,0.00551,132026432,132062799,POTEKP,0,POTEKP,-2.34584444083348,-2.11630579956692,-4.32562771574906,7.90116984625294e-05,0.0151640148983023,1.45525951293857,America_Africa
38,chr2,132041427,132042427,0.08655,0.00047,0.00131,0.00166,0.03586,0.02403,0.06547,0.02207,0.04008,0.20914,0.08027,0.00031,0.0004,0.03689,0.02208,0.0,0.02657,0.02658,0.03601,0.02259,0.00092,132026432,132062799,POTEKP,0,POTEKP,-3.05145992606442,-2.11630579956692,-4.19412365013298,0.0001206663374718,0.0398273301755915,1.06283976137786,America_SouthAsia
39,chr2,132041427,132042427,0.08655,0.00047,0.00131,0.00166,0.03586,0.02403,0.06547,0.02207,0.04008,0.20914,0.08027,0.00031,0.0004,0.03689,0.02208,0.0,0.02657,0.02658,0.03601,0.02259,0.00092,132026432,132062799,POTEKP,0,POTEKP,-2.34584444083348,-2.11630579956692,-4.32562771574906,7.90116984625294e-05,0.0151640148983023,1.45525951293857,America_Africa
40,chr2,132044201,132045677,0.08035,0.00238,0.00224,0.03506,0.03802,0.02838,0.07353,0.05432,0.00501,0.27653,0.1067,0.00639,0.02312,0.06553,0.03593,0.03233,0.00879,0.01102,0.13997,0.0766,0.00078,132026432,132062799,POTEKP,0,POTEKP,-3.05145992606442,-2.11630579956692,-4.19412365013298,0.0001206663374718,0.0398273301755915,1.06283976137786,America_SouthAsia
41,chr2,132044201,132045677,0.08035,0.00238,0.00224,0.03506,0.03802,0.02838,0.07353,0.05432,0.00501,0.27653,0.1067,0.00639,0.02312,0.06553,0.03593,0.03233,0.00879,0.01102,0.13997,0.0766,0.00078,132026432,132062799,POTEKP,0,POTEKP,-2.34584444083348,-2.11630579956692,-4.32562771574906,7.90116984625294e-05,0.0151640148983023,1.45525951293857,America_Africa
42,chr2,132045677,132048109,0.05746,0.0003,0.00216,0.01096,0.03532,0.02785,0.06643,0.03828,0.01734,0.20784,0.08675,0.0031,0.0091,0.04658,0.0275,0.01298,0.00726,0.01026,0.08237,0.04648,0.00098,132026432,132062799,POTEKP,0,POTEKP,-3.05145992606442,-2.11630579956692,-4.19412365013298,0.0001206663374718,0.0398273301755915,1.06283976137786,America_SouthAsia
43,chr2,132045677,132048109,0.05746,0.0003,0.00216,0.01096,0.03532,0.02785,0.06643,0.03828,0.01734,0.20784,0.08675,0.0031,0.0091,0.04658,0.0275,0.01298,0.00726,0.01026,0.08237,0.04648,0.00098,132026432,132062799,POTEKP,0,POTEKP,-2.34584444083348,-2.11630579956692,-4.32562771574906,7.90116984625294e-05,0.0151640148983023,1.45525951293857,America_Africa
44,chr2,170554009,170555009,0.056,0.01671,0.06394,0.10084,0.0,0.02934,0.13867,0.00027,0.01225,0.05745,0.00627,0.14439,0.20757,0.01726,0.08188,0.01273,0.06385,0.00636,0.10386,0.02444,0.02849,170304977,170561612,MSTRG.3264,0,MSTRG.3264,-2.55802599033634,-2.98841291433583,-4.28583435100867,8.98566984709727e-05,0.034889231626225,1.29618100003566,America_SouthAsia
45,chr2,173854202,173855202,0.03056,0.07982,0.01042,0.01206,0.00088,0.00686,0.22514,0.00592,0.00512,0.02202,0.00678,0.13333,0.16609,0.09756,0.10026,0.00012,0.00523,0.00024,0.0067,0.00057,0.0029,173841038,173855128,CDCA7,0,CDCA7,1.58361241366941,4.62136384989155,3.62479298383627,0.0007187668708135,0.0440390774887824,-0.66525802990796,America_Africa
46,chr2,178933166,178934297,0.15923,0.05634,0.02128,0.00294,0.01013,0.00472,0.03493,0.08076,0.22361,0.11633,0.0846,0.01075,0.09465,0.02539,0.01985,0.04056,0.00295,0.00347,0.03131,0.00986,0.00016,178914205,178933968,PRKRA,0,PRKRA,1.29525882751411,2.94575065001372,4.29586329306189,8.69940518984648e-05,0.034889231626225,1.37878252041923,America_SouthAsia
47,chr2,178933166,178934297,0.15923,0.05634,0.02128,0.00294,0.01013,0.00472,0.03493,0.08076,0.22361,0.11633,0.0846,0.01075,0.09465,0.02539,0.01985,0.04056,0.00295,0.00347,0.03131,0.00986,0.00016,178914205,178933968,PRKRA,0,PRKRA,1.08186452431089,2.94575065001372,4.56723057153259,3.58822588646986e-05,0.0101784018712463,2.18955785322802,America_Africa
48,chr3,9983458,9986190,0.03905,0.17504,0.04017,0.01708,0.07164,0.01823,0.05638,0.0,0.11757,0.00328,0.00267,0.04411,0.30935,0.02986,0.06053,0.0922,0.00322,0.00355,0.14814,0.05147,0.01303,9969015,10003116,EMC3,0,EMC3,-0.720544635415745,5.45314507162726,-4.11401544902983,0.0001558080539223,0.0207422454979924,0.735457569462462,America_Africa
49,chr3,9987558,9992729,0.03489,0.22182,0.05369,0.00061,0.01182,1e-05,0.08389,0.00237,0.02648,0.00189,0.01303,0.05926,0.18411,0.09474,0.12382,0.0359,0.00881,0.03234,0.00658,0.00026,0.00732,9969015,10003116,EMC3,0,EMC3,-0.720544635415745,5.45314507162726,-4.11401544902983,0.0001558080539223,0.0207422454979924,0.735457569462462,America_Africa
50,chr3,17560542,17565185,0.07363,0.07168,0.0005,0.00677,0.00257,0.00448,0.25397,0.06238,0.06522,0.09667,0.0284,0.08308,0.11663,0.04786,0.09459,0.0037,0.00532,0.00218,0.01683,0.00014,0.0129,17159341,17742942,TBC1D5,0,TBC1D5,-2.12343227252886,0.706677921764024,-3.89400693950559,0.0003112756896228,0.0286415300173046,0.195025524914086,America_Africa
51,chr4,148453689,148454780,0.01067,0.2168,0.00197,0.00289,0.06877,0.02219,0.12832,0.00246,0.02648,0.02202,0.00239,0.15627,0.24307,0.04512,0.0747,0.0073,0.04173,0.0112,0.08246,0.02716,0.00803,148428229,148497039,OTUD4,0,OTUD4,0.842670702698083,5.34771457178231,3.93454750979482,0.0002743211597666,0.0272258157243729,0.163190184068807,America_Africa
52,chr4,193306258,193308638,0.31544,0.37866,0.02409,0.10301,0.35576,0.04685,0.03975,0.09347,0.12326,0.01182,0.00222,0.18225,0.19073,0.00893,0.01937,0.00846,0.15713,0.01768,0.14473,0.00466,0.01157,193305854,193326869,FRG1,0,FRG1,-1.02261549857471,5.46051426688009,-4.03455838215345,0.0002003946240507,0.0232201523296432,0.504344902423833,America_Africa
53,chr4,193308638,193314019,0.17546,0.25429,0.00086,0.01262,0.26406,0.03763,0.02843,0.08075,0.11414,0.02308,0.00449,0.15577,0.17577,0.00039,0.03025,0.00302,0.16661,0.02615,0.17202,0.01146,0.03217,193305854,193326869,FRG1,0,FRG1,-1.02261549857471,5.46051426688009,-4.03455838215345,0.0002003946240507,0.0232201523296432,0.504344902423833,America_Africa
54,chr4,193314019,193317121,0.16742,0.26262,0.00445,0.00635,0.26496,0.04634,0.05249,0.02931,0.12361,0.04119,0.00126,0.09802,0.19769,0.0009,0.03436,0.00019,0.10104,0.01653,0.1882,0.02,0.03342,193305854,193326869,FRG1,0,FRG1,-1.02261549857471,5.46051426688009,-4.03455838215345,0.0002003946240507,0.0232201523296432,0.504344902423833,America_Africa
55,chr4,193317121,193318121,0.27746,0.33561,0.01677,0.08532,0.32601,0.06886,0.01213,0.06187,0.11114,0.00712,0.05466,0.10798,0.15848,0.00053,0.10869,0.00359,0.11097,0.00602,0.13662,0.00017,0.11041,193305854,193326869,FRG1,0,FRG1,-1.02261549857471,5.46051426688009,-4.03455838215345,0.0002003946240507,0.0232201523296432,0.504344902423833,America_Africa
56,chr4,193318121,193320027,0.16172,0.33658,0.02314,0.11855,0.37492,0.03049,0.04912,0.03009,0.01375,0.06293,0.03841,0.12262,0.12142,0.00113,0.15422,0.01088,0.15508,0.0,0.14114,0.01444,0.19761,193305854,193326869,FRG1,0,FRG1,-1.02261549857471,5.46051426688009,-4.03455838215345,0.0002003946240507,0.0232201523296432,0.504344902423833,America_Africa
57,chr4,193320027,193321352,0.22449,0.23958,0.00203,0.02579,0.252,0.01635,0.00653,0.0599,0.13545,0.00679,0.08934,0.08783,0.13899,2e-05,0.12652,0.00285,0.1017,0.00208,0.13796,0.00044,0.14572,193305854,193326869,FRG1,0,FRG1,-1.02261549857471,5.46051426688009,-4.03455838215345,0.0002003946240507,0.0232201523296432,0.504344902423833,America_Africa
58,chr4,193321352,193322530,0.1304,0.20591,0.00685,0.0545,0.20855,0.0299,0.02635,0.02788,0.03234,0.02611,0.02035,0.07502,0.08805,0.00021,0.07331,0.00584,0.08677,0.00337,0.08226,0.00081,0.0867,193305854,193326869,FRG1,0,FRG1,-1.02261549857471,5.46051426688009,-4.03455838215345,0.0002003946240507,0.0232201523296432,0.504344902423833,America_Africa
59,chr4,193325791,193327408,0.16317,0.23382,1e-05,0.02198,0.22092,0.04324,0.01786,0.07165,0.09245,0.01287,0.01473,0.12874,0.14636,0.00014,0.0523,0.00911,0.13386,0.03043,0.12425,0.00681,0.05425,193305854,193326869,FRG1,0,FRG1,-1.02261549857471,5.46051426688009,-4.03455838215345,0.0002003946240507,0.0232201523296432,0.504344902423833,America_Africa
60,chr5,76910925,76914286,0.00415,0.18782,0.00181,0.01982,0.01329,0.00013,0.21974,0.0099,0.04252,0.02753,0.00423,0.15386,0.08855,0.10591,0.16436,0.00945,0.00532,0.00091,0.00073,0.014,0.01017,76885041,77189993,IQGAP2,0,IQGAP2,0.748884642948321,5.74172805309766,3.55350540070764,0.0008797981420799,0.0490614474482155,-0.964086920846511,America_Africa
61,chr5,177735016,177741122,0.03722,0.10517,0.01187,0.01622,0.01157,0.00385,0.25101,0.0099,0.11089,0.08148,0.01221,0.18148,0.04026,0.0491,0.12263,0.05443,0.04631,0.00151,0.00052,0.02834,0.02625,177676288,177843445,NSD1,0,NSD1,0.582709887719306,6.1567294802139,3.68171841069281,0.0005978663009146,0.0400149481642971,-0.640057786154771,America_Africa
62,chr5,178172543,178174938,0.00554,0.12905,0.00652,0.01143,0.00056,0.00193,0.18255,0.0,0.00112,0.00943,0.01014,0.18751,0.21177,0.11459,0.08519,0.00099,0.01086,0.01463,0.01692,0.01707,0.00045,178161336,178173804,AC139795.1,0,AC139795.1,1.84643966091985,-0.293086594870429,4.37492011816993,6.73367261571023e-05,0.013978089783113,1.52360095430562,America_Africa
63,chr6,36361253,36366231,0.03179,0.14364,0.01146,0.04277,0.00658,0.00046,0.30101,0.00694,0.00079,0.06322,0.01686,0.22588,0.3313,0.09292,0.12679,0.0122,0.0351,0.00603,0.07888,0.0239,0.00928,36313753,36368180,MSTRG.4835,0,MSTRG.4835,-1.94503975061659,-1.5116785175653,-3.86431993740624,0.0003413408782738,0.029880342004749,0.0629193557147003,America_Africa
64,chr6,117610502,117611854,0.01152,0.13582,0.01161,0.00669,0.00649,0.0003,0.07033,0.04412,0.03933,0.00096,0.00573,0.21778,0.20185,0.08642,0.097,0.00041,0.03515,0.01345,0.02498,0.00699,0.00325,117438153,117610605,DSE,0,DSE,1.13726741908534,5.54409508044719,4.30908583351273,8.33553651289688e-05,0.0153892623907989,1.26037492888471,America_Africa
65,chr6,120423610,120424610,0.02613,0.00614,0.01715,0.01506,0.11401,0.06263,0.07716,0.0862,0.00163,0.25634,0.12564,0.00382,0.0496,0.1129,0.03516,0.06348,0.05547,0.0213,0.20874,0.10743,0.00248,120363404,120535986,MAN1A1,0,MAN1A1,1.57066630904257,5.24285275173671,3.95252865859238,0.0002645962719566,0.0268296209826153,0.189034461823813,America_Africa
66,chr6,150575894,150577762,0.0228,0.04716,0.00128,0.14233,0.00605,0.00812,0.1449,0.03317,0.0613,0.05179,0.00177,0.03293,0.35691,0.02145,0.06244,0.16329,0.00176,0.01504,0.2048,0.05006,0.02373,150418450,150578410,TAB2,0,TAB2,0.948875753665642,6.16219845935756,4.1880548430498,0.0001230334620134,0.0188374033787304,0.839517214748536,America_Africa
67,chr7,6838994,6841176,0.12516,0.17128,0.19157,0.14631,0.17249,0.20021,0.00919,0.01704,0.00113,0.00227,0.00935,0.00247,0.00452,0.00309,4e-05,0.01188,0.01149,0.00257,0.00023,0.0051,0.00431,6829220,6872992,PMS2CL,0,PMS2CL,0.967110460992397,2.68732779509995,3.78836989590681,0.0004315652041189,0.0336835204866066,-0.0737946494650918,America_Africa
68,chr7,65886786,65896825,0.01112,0.18724,0.02281,0.01351,0.01451,0.01102,0.3233,0.0016,8e-05,0.04899,0.0338,0.27934,0.32628,0.11338,0.08983,0.00109,0.06908,0.06207,0.05461,0.03921,0.00014,65873563,65919068,ZNF107,0,ZNF107,1.20521677444593,4.36980889021179,4.21867450775086,0.000111534443745,0.0174452752394294,1.08037513228061,America_Africa
69,chr7,106750752,106762660,0.00358,0.20693,0.03549,0.13072,0.0183,0.01265,0.16001,0.01344,0.09529,0.00468,0.00207,0.07451,0.00999,0.10922,0.09974,0.03116,0.003,0.00496,0.05461,0.05012,0.00026,106753857,106836463,PUS7,0,PUS7,0.763093351553843,4.74240665375053,3.73402047107315,0.0005098046992821,0.036575481249563,-0.354874809309047,America_Africa
70,chr7,106795380,106801799,0.0005,0.05675,0.02151,0.05411,0.00193,0.0148,0.06505,0.01411,0.05931,0.00037,0.00751,0.14439,0.20757,0.0795,0.11965,0.01273,0.01072,0.00055,0.04083,0.01348,0.00598,106753857,106836463,PUS7,0,PUS7,0.763093351553843,4.74240665375053,3.73402047107315,0.0005098046992821,0.036575481249563,-0.354874809309047,America_Africa
71,chr8,38606185,38607185,0.00662,0.1601,0.00022,0.00935,0.02473,0.00193,0.19008,0.00454,0.00024,0.04441,0.01033,0.17143,0.20757,0.06238,0.11965,0.00678,0.0297,0.00342,0.05211,0.01348,0.0121,38546658,38659240,NSD3,0,NSD3,0.463269938043215,6.57182537145248,3.83195032153307,0.0003773149792697,0.0313379452750651,-0.245541700510235,America_Africa
72,chr8,61374644,61376605,0.02827,0.03495,0.11118,0.06312,0.00062,0.0,0.12832,0.02437,0.00883,0.02202,0.01651,0.26276,0.19485,0.04512,0.0235,0.00418,0.09772,0.075,0.05439,0.03706,0.00046,61333825,61390222,AC022182.1,0,AC022182.1,-1.95642384747122,0.0473777190854284,-4.21205393283294,0.0001139285639856,0.0391598864651137,1.06443734759694,America_SouthAsia
73,chr8,61627111,61628571,0.11633,0.04591,0.01265,0.00326,0.00649,0.00559,0.31616,0.05337,0.09091,0.07199,0.0564,0.09468,0.08111,0.08325,0.06234,0.00258,0.00104,0.00115,0.00043,0.00027,0.0,61480883,61723804,CLVS1,0,CLVS1,-2.30039356415076,-0.0767317688162934,-4.0077236323268,0.0002180774658407,0.0245696573042286,0.42969611575622,America_Africa
74,chr9,6597147,6598147,0.06347,0.05077,0.01814,0.00034,0.00202,6e-05,0.26902,0.01852,0.07096,0.09947,0.05286,0.13228,0.07369,0.03941,0.04898,0.01307,0.0349,0.01685,0.00433,0.00011,0.00276,6537520,6650780,GLDC,0,GLDC,1.17753102433303,5.30471535690563,4.03891595678883,0.0001976575681113,0.0231701132684561,0.454145032154853,America_Africa
75,chr9,37108341,37110138,0.00302,0.16506,0.0005,0.01627,0.01973,7e-05,0.27673,0.00129,0.04123,0.04025,0.00347,0.1975,0.11634,0.09828,0.14074,0.02406,0.02887,0.00099,3e-05,0.01284,0.01732,37103375,37111727,EBLN3P,0,EBLN3P,1.33547082384255,6.86373805584028,4.33748788853841,7.60340850626057e-05,0.0336160248070214,1.22281311557904,America_SouthAsia
76,chr9,37108341,37110138,0.00302,0.16506,0.0005,0.01627,0.01973,7e-05,0.27673,0.00129,0.04123,0.04025,0.00347,0.1975,0.11634,0.09828,0.14074,0.02406,0.02887,0.00099,3e-05,0.01284,0.01732,37103375,37111727,EBLN3P,0,EBLN3P,1.13231285785062,6.86373805584028,4.71018293434258,2.23529251432336e-05,0.0083627663248428,2.38238621322567,America_Africa
77,chr9,48327227,48329239,0.10964,0.01477,0.00228,0.08453,0.00354,0.02936,0.20055,0.08878,0.40667,0.09454,0.02321,0.0029,0.03106,0.03464,0.06995,0.03305,0.00938,0.03896,0.13815,0.15875,0.01457,48328477,48346383,AL121762.3,0,AL121762.3,-2.13114571149879,-2.42928250257384,-4.97899083345735,9.08094112795299e-06,0.0047254736252368,3.36658335859493,America_Africa
78,chr9,48329239,48330371,0.17047,1e-05,0.00014,0.00369,0.06362,0.07621,0.12814,0.08713,0.27457,0.03371,0.01174,0.00016,0.00298,0.04498,0.05331,0.00081,0.03932,0.05692,0.09632,0.08719,0.00232,48328477,48346383,AL121762.3,0,AL121762.3,-2.13114571149879,-2.42928250257384,-4.97899083345735,9.08094112795299e-06,0.0047254736252368,3.36658335859493,America_Africa
79,chr9,48330371,48332881,0.1722,0.0253,0.01727,0.06195,0.00296,0.01605,0.26622,0.18163,0.40118,0.14508,0.04133,0.00015,0.0058,0.0433,0.05233,0.00553,0.03032,0.05175,0.09163,0.07846,0.00693,48328477,48346383,AL121762.3,0,AL121762.3,-2.13114571149879,-2.42928250257384,-4.97899083345735,9.08094112795299e-06,0.0047254736252368,3.36658335859493,America_Africa
80,chr9,48343304,48345149,0.47311,0.12262,0.05563,0.01603,0.07577,0.07824,0.33021,0.26837,0.64644,0.42371,0.25782,0.00956,0.24434,0.01638,0.00517,0.11041,0.0,0.00089,0.17735,0.13368,0.00122,48328477,48346383,AL121762.3,0,AL121762.3,-2.13114571149879,-2.42928250257384,-4.97899083345735,9.08094112795299e-06,0.0047254736252368,3.36658335859493,America_Africa
81,chr9,48345149,48346149,0.56385,0.12433,0.10182,0.01066,0.10883,0.1184,0.4258,0.37538,0.59852,0.4866,0.33419,0.0015,0.07821,0.00414,0.00023,0.04855,0.00036,0.00057,0.05637,0.05438,0.00194,48328477,48346383,AL121762.3,0,AL121762.3,-2.13114571149879,-2.42928250257384,-4.97899083345735,9.08094112795299e-06,0.0047254736252368,3.36658335859493,America_Africa
82,chr9,48346149,48347149,0.55887,0.10695,0.09484,0.00058,0.14045,0.09798,0.41573,0.22263,0.6394,0.42332,0.29296,0.00104,0.13105,0.00073,1e-05,0.09117,0.0002,0.00144,0.16164,0.09205,0.00082,48328477,48346383,AL121762.3,0,AL121762.3,-2.13114571149879,-2.42928250257384,-4.97899083345735,9.08094112795299e-06,0.0047254736252368,3.36658335859493,America_Africa
83,chr9,143596002,143603093,0.20867,0.10842,0.01115,0.18864,0.0226,0.00206,0.01996,0.1225,0.0008,0.09807,0.146,0.05026,0.01307,0.03317,0.07309,0.10855,0.00198,0.00338,0.08445,0.13455,0.01017,143583122,143643169,PRRC2B,0,PRRC2B,1.45766207935238,6.20068423632983,5.00335828868136,8.36366258408946e-06,0.0046032767749035,3.39479025353635,America_Africa
84,chr10,28552337,28557082,0.03596,0.00116,0.01939,0.1102,0.00353,0.01519,0.06137,0.09924,0.28425,0.07103,0.00104,0.01188,0.12266,0.00066,0.01913,0.04476,0.00805,0.05467,0.10281,0.10941,0.0286,28553255,28563318,WAC-AS1,0,WAC-AS1,-0.95334608317399,5.73797129222953,-4.2543234078301,9.94613074876006e-05,0.0368971127209642,1.10413836145556,America_SouthAsia
85,chr10,28552337,28557082,0.03596,0.00116,0.01939,0.1102,0.00353,0.01519,0.06137,0.09924,0.28425,0.07103,0.00104,0.01188,0.12266,0.00066,0.01913,0.04476,0.00805,0.05467,0.10281,0.10941,0.0286,28553255,28563318,WAC-AS1,0,WAC-AS1,-0.688764176850305,5.73797129222953,-3.56980955885714,0.0008379107286106,0.0480540057461277,-0.843984909209758,America_Africa
86,chr10,73876481,73877481,0.03139,0.28212,0.00744,0.03581,0.05121,0.00148,0.15236,0.00869,0.0004,0.00221,0.0212,0.20684,0.11891,0.10001,0.16367,0.01202,0.02117,0.01068,0.00071,0.02623,0.04249,73877206,73877971,RPL17P50,0,RPL17P50,-2.45026664451358,-0.256031137146058,-3.85990695584167,0.0003460428265306,0.0301185973151601,0.0453544413011251,America_Africa
87,chr10,73877481,73878951,0.00778,0.17504,0.02733,0.0,0.07164,0.00429,0.26902,0.05577,0.00913,0.11631,5e-05,0.0695,0.18911,0.02986,0.13042,0.02415,0.01085,0.03963,0.06766,0.00331,0.0736,73877206,73877971,RPL17P50,0,RPL17P50,-2.45026664451358,-0.256031137146058,-3.85990695584167,0.0003460428265306,0.0301185973151601,0.0453544413011251,America_Africa
88,chr10,75243050,75246165,0.05056,0.0943,0.05288,0.04216,0.01112,0.00025,0.00207,0.15259,0.13476,0.09603,0.02889,0.23368,0.20243,0.16058,0.05568,1e-05,0.01832,0.04193,0.01531,0.0291,0.00988,75022586,75580174,ADK,0,ADK,-0.790261976191481,5.33755312895137,-3.72629467492847,0.0005219785390343,0.0370124153103829,-0.373093003482417,America_Africa
89,chr10,75396827,75399647,0.11946,0.0066,0.0885,0.00115,0.00108,0.01079,0.2002,0.02151,0.14101,0.10965,0.04382,0.14611,0.01369,0.0131,0.02916,0.07351,0.07255,0.02842,1e-05,0.00397,0.0052,75022586,75580174,ADK,0,ADK,-0.790261976191481,5.33755312895137,-3.72629467492847,0.0005219785390343,0.0370124153103829,-0.373093003482417,America_Africa
90,chr11,76280696,76281696,0.01616,0.12108,8e-05,0.02853,0.00802,0.01695,0.04259,0.01416,0.07687,0.00305,4e-05,0.11599,0.22195,0.08378,0.03025,0.03097,0.00651,0.01571,0.06642,0.05662,0.00346,76279674,76310857,THAP12,0,THAP12,0.87547851698232,5.92325600932185,4.22006246797534,0.0001110387766855,0.0174452752394294,0.957189396211995,America_Africa
91,chr11,76297861,76306476,0.00358,0.2397,0.02076,0.10324,0.15304,0.05372,0.19212,0.00564,0.07096,0.09947,0.02227,0.1236,0.0341,0.01323,0.05533,0.0319,0.06397,0.00985,0.00433,0.00551,0.02127,76279674,76310857,THAP12,0,THAP12,0.87547851698232,5.92325600932185,4.22006246797534,0.0001110387766855,0.0174452752394294,0.957189396211995,America_Africa
92,chr11,105066942,105068248,1e-05,0.06506,0.05354,0.02439,0.00016,0.02058,0.05624,0.07143,0.02738,7e-05,0.01424,0.20833,0.12504,0.05887,0.08714,0.0,0.05996,0.00137,0.02767,0.00077,0.02208,105045660,105105514,CARD16,0,CARD16,-1.43882802508853,3.05301714156555,-4.12103940395091,0.0001523663566671,0.0205084441886545,0.882582258122408,America_Africa
93,chr11,118425056,118426164,0.06645,0.12905,0.0,0.0256,0.00056,0.00094,0.34756,0.0625,0.01908,0.07896,0.03406,0.12836,0.25792,0.11459,0.12305,0.02416,0.00064,0.00086,0.0336,0.01163,0.00272,118417852,118468863,AP001267.5,0,AP001267.5,-1.87327937936585,-1.69461950292037,-4.14358920546667,0.0001418088581391,0.0198339195623021,0.799509856689359,America_Africa
94,chr11,118436859,118447501,0.00359,0.05607,0.05266,0.00076,0.00011,0.02358,0.09224,0.02492,0.00124,0.00496,0.0063,0.20339,0.07374,0.0524,0.12724,0.03799,0.05738,0.00499,0.00143,0.01284,0.02624,118417852,118468863,AP001267.5,0,AP001267.5,-1.87327937936585,-1.69461950292037,-4.14358920546667,0.0001418088581391,0.0198339195623021,0.799509856689359,America_Africa
95,chr11,135006884,135008709,0.0005,0.23172,0.03773,0.01943,0.02682,0.02161,0.2482,0.03805,0.02702,0.02994,0.018,0.08654,0.12665,0.10922,0.05134,0.00258,0.00104,2e-05,0.00043,0.0011,0.00044,134993036,135028493,AP003062.2,0,AP003062.2,3.33897195606862,-1.58452717263804,4.8050610878892,1.62897962340286e-05,0.0066299220016439,2.71231494338258,America_Africa
96,chr11,135025247,135026247,0.04206,0.07528,0.01202,0.05946,0.00359,0.00081,0.23645,0.01085,0.00148,0.06166,0.04109,0.13909,0.27214,0.04175,0.04977,0.02002,0.02684,0.0182,0.08161,0.05741,0.00094,134993036,135028493,AP003062.2,0,AP003062.2,3.33897195606862,-1.58452717263804,4.8050610878892,1.62897962340286e-05,0.0066299220016439,2.71231494338258,America_Africa
97,chr12,8916511,8918696,0.01085,0.06759,9e-05,0.04412,0.00335,0.02597,0.1447,0.00772,0.01192,0.00252,0.00256,0.06195,0.22867,0.09942,0.12851,0.035,0.00208,0.02228,0.02446,0.00143,0.01141,8896753,8923703,PHC1,0,PHC1,1.71080095137518,2.0052158258867,4.23875841120932,0.0001045674693917,0.0372840157151308,1.22108143290272,America_SouthAsia
98,chr12,8916511,8918696,0.01085,0.06759,9e-05,0.04412,0.00335,0.02597,0.1447,0.00772,0.01192,0.00252,0.00256,0.06195,0.22867,0.09942,0.12851,0.035,0.00208,0.02228,0.02446,0.00143,0.01141,8896753,8923703,PHC1,0,PHC1,2.11751381949031,2.0052158258867,6.51397579154219,4.52233563033186e-08,0.0003439179717672,8.24524111041454,America_Africa
99,chr12,50378351,50386405,0.01744,0.28627,0.00053,0.06424,0.01157,0.01298,0.43394,0.02214,0.15135,0.05202,0.04115,0.25951,0.09805,0.19583,0.15076,0.0522,0.00715,0.00878,0.02258,0.01523,0.00014,50355437,50393572,LARP4,0,LARP4,0.936881171678724,5.7285622546996,3.67954309043077,0.0006018286919031,0.0401476488889195,-0.61757921748751,America_Africa
100,chr12,50441577,50442577,0.01455,0.13895,0.00097,0.00677,0.00237,0.0074,0.21974,0.01755,0.00224,0.00637,0.00096,0.10235,0.19485,0.17559,0.17874,0.01025,0.00572,0.01262,0.00141,2e-05,0.00161,50363844,50443079,LARP4,0,LARP4,0.936881171678724,5.7285622546996,3.67954309043077,0.0006018286919031,0.0401476488889195,-0.61757921748751,America_Africa
101,chr12,56009923,56011260,0.04019,0.11252,0.06684,0.10305,0.03154,0.00984,0.25708,0.17357,0.25269,0.11686,0.00073,0.00975,6e-05,0.02534,0.0867,0.00782,0.005,0.07386,0.02191,0.0765,0.04515,56008415,56011743,RPS26,0,RPS26,-1.52759518015325,9.01986522133522,-3.73685020475249,0.0005458574019044,0.0379536211136709,-0.813616653012805,America_Africa
102,chr12,56644588,56652239,0.00662,0.21796,0.00049,0.0003,0.00286,0.00049,0.24695,0.00949,0.00524,0.01621,0.00288,0.20026,0.21261,0.17576,0.23147,0.00141,0.00098,0.00196,0.0046,1e-05,0.00555,56631329,56656000,PTGES3,0,PTGES3,0.96317487544882,8.18238168269085,3.82558599938839,0.0003926455322175,0.0318084707517741,-0.54380700531335,America_Africa
103,chr12,56655699,56656699,0.04108,0.06998,0.06842,0.05702,0.00891,0.01187,0.23325,0.21304,0.21096,0.08845,0.08098,0.00067,0.00056,0.03473,0.02214,1e-05,0.0297,0.02124,0.02617,0.0159,0.00025,56631329,56656000,PTGES3,0,PTGES3,0.96317487544882,8.18238168269085,3.82558599938839,0.0003926455322175,0.0318084707517741,-0.54380700531335,America_Africa
104,chr12,64650010,64651837,0.02581,0.20693,0.00061,0.0009,0.00158,0.00301,0.09224,0.01553,0.03933,0.0406,0.03848,0.164,0.23536,0.24322,0.22929,0.00251,0.00378,0.006,7e-05,0.00047,0.00025,64485622,64673916,RASSF3,0,RASSF3,1.03566596249874,6.21537109356414,3.58178714456996,0.0008083622002914,0.0473795259186261,-0.950656630883817,America_Africa
105,chr12,103379069,103380641,0.00327,0.09513,0.01478,4e-05,0.0348,0.00639,0.15504,0.00341,0.0029,0.01444,0.00036,0.14734,0.11634,0.22182,0.11021,0.01154,0.00322,0.00175,0.03013,0.00428,0.00985,103198380,103456774,C12orf42,0,C12orf42,-2.63791137514309,-1.05291458875259,-4.35001935781737,7.3006902732431e-05,0.0336160248070214,1.39274486063743,America_SouthAsia
106,chr12,103379069,103380641,0.00327,0.09513,0.01478,4e-05,0.0348,0.00639,0.15504,0.00341,0.0029,0.01444,0.00036,0.14734,0.11634,0.22182,0.11021,0.01154,0.00322,0.00175,0.03013,0.00428,0.00985,103198380,103456774,C12orf42,0,C12orf42,-2.25966663328866,-1.05291458875259,-4.34359993529316,7.45426277934911e-05,0.0147723092258248,1.30387483744672,America_Africa
107,chr12,108627090,108628090,0.01783,0.0881,0.00451,0.01622,0.08445,0.01402,0.20801,0.00365,8e-05,0.19105,0.05335,0.10256,0.19485,0.00134,0.03022,0.00292,0.10461,0.03274,0.18227,0.05264,0.02748,108619699,108706142,CORO1C,0,CORO1C,1.11735158843563,7.84489540035359,4.44685513517025,5.32650210574098e-05,0.0326161977980253,1.4454697660323,America_SouthAsia
108,chr12,112412372,112417132,0.03417,0.23164,0.0,0.0283,0.01383,0.0052,0.11716,0.0116,0.00024,0.00381,0.00152,0.18987,0.13043,0.17584,0.15483,0.00964,0.00478,0.00366,0.00218,0.00083,2e-05,112395810,112463825,PTPN11,0,PTPN11,1.59543932258652,6.76530935374142,4.74732163008638,1.9753067591184e-05,0.0236096000555334,2.52829409690813,America_SouthAsia
109,chr12,112412372,112417132,0.03417,0.23164,0.0,0.0283,0.01383,0.0052,0.11716,0.0116,0.00024,0.00381,0.00152,0.18987,0.13043,0.17584,0.15483,0.00964,0.00478,0.00366,0.00218,0.00083,2e-05,112395810,112463825,PTPN11,0,PTPN11,1.24044790746619,6.76530935374142,4.82726690014463,1.51232615945502e-05,0.0063454076700058,2.7576932271812,America_Africa
110,chr13,113536440,113540118,0.00069,0.05089,0.00141,0.06889,0.00893,0.00242,0.05933,0.00354,0.08625,0.00426,0.00406,0.03502,0.21296,0.10099,0.02659,0.07797,0.01687,0.00018,0.04247,0.06151,0.01773,113523539,113546668,CHAMP1,0,CHAMP1,0.956262988215554,5.86917568276389,4.14330338260198,0.0001419381185295,0.0198339195623021,0.735291244294159,America_Africa
111,chr13,113543111,113544228,0.00796,0.18899,0.0105,0.02236,0.04481,0.00752,0.16047,3e-05,0.07197,0.0158,0.0,0.15373,0.31562,0.11441,0.11609,0.06807,0.01403,4e-05,0.14966,0.04456,0.01105,113523539,113546668,CHAMP1,0,CHAMP1,0.956262988215554,5.86917568276389,4.14330338260198,0.0001419381185295,0.0198339195623021,0.735291244294159,America_Africa
112,chr13,113544228,113547017,0.14627,0.30939,0.12504,0.00226,0.16774,0.05203,0.07947,0.0075,0.16006,0.0,0.02151,0.12628,0.31557,0.0779,0.13238,0.10184,0.0086,0.01042,0.14997,0.02907,0.02951,113523539,113546668,CHAMP1,0,CHAMP1,0.956262988215554,5.86917568276389,4.14330338260198,0.0001419381185295,0.0198339195623021,0.735291244294159,America_Africa
113,chr14,43815303,43817240,0.0164,0.07982,0.00015,0.0046,0.00062,0.0625,0.18477,0.0131,0.00425,0.02354,0.01176,0.08308,0.13526,0.06983,0.20175,0.00304,0.00137,0.0585,0.00859,0.02772,0.07228,43816753,43818850,RPL36AL,0,RPL36AL,-0.778196913958158,9.3617782848436,-4.21965000446404,0.0001111858509523,0.0174452752394294,0.57609515529901,America_Africa
114,chr14,99935366,99936366,0.00078,0.2642,0.00393,0.04186,0.21621,0.21471,0.14956,0.00063,0.01538,0.10904,0.10912,0.13674,0.12178,0.01375,0.00369,0.00828,0.10095,0.12535,0.07205,0.07284,0.00257,99936214,99936279,MIR8071-1,0,MIR8071-1,4.16216427526222,-0.805839089010736,4.82208243120905,1.71509536807223e-05,0.0491098418136646,2.63417092104585,Africa_EastAsia
115,chr14,99935366,99936366,0.00078,0.2642,0.00393,0.04186,0.21621,0.21471,0.14956,0.00063,0.01538,0.10904,0.10912,0.13674,0.12178,0.01375,0.00369,0.00828,0.10095,0.12535,0.07205,0.07284,0.00257,99936214,99936279,MIR8071-1,0,MIR8071-1,5.31240633100133,-0.805839089010736,5.11643942394652,6.48510573987125e-06,0.0145942831615056,3.74143035565987,America_SouthAsia
116,chr14,99935366,99936366,0.00078,0.2642,0.00393,0.04186,0.21621,0.21471,0.14956,0.00063,0.01538,0.10904,0.10912,0.13674,0.12178,0.01375,0.00369,0.00828,0.10095,0.12535,0.07205,0.07284,0.00257,99936214,99936279,MIR8071-1,0,MIR8071-1,5.80659761997901,-0.805839089010736,5.9553761977868,3.85901022497207e-07,0.0046955664615415,2.36135947523619,America_EastAsia
117,chr15,14891323,14892940,0.17577,0.20463,0.00218,0.07111,0.22653,0.06355,0.0098,0.05544,0.04071,0.01599,0.00663,0.09015,0.06476,0.00105,0.02489,0.017,0.11377,0.02914,0.07467,0.00171,0.03893,14888043,14893854,FRG1KP,0,FRG1KP,-1.12175261199139,-3.59474298679066,-3.56198384101027,0.0008577720545078,0.048726418323253,-0.662924582813321,America_Africa
118,chr15,19060758,19066644,0.4905,0.04978,0.15599,0.29442,0.0292,0.07258,0.30197,0.11577,0.08168,0.30774,0.13769,0.03395,0.11861,0.00242,0.00498,0.01807,0.05525,0.01075,0.13991,0.04351,0.0143,19066053,19066491,IGHV1OR15-1,0,IGHV1OR15-1,-1.51487077880472,4.74412976743225,-4.08520675851927,0.000170730806551,0.0215053655067508,0.72599090120921,America_Africa
119,chr15,21420062,21421389,2e-05,0.1093,0.00801,0.02501,0.02109,0.00223,0.09753,0.00828,0.03346,0.01664,0.0013,0.17143,0.20757,0.03564,0.07174,0.00678,0.05376,0.01685,0.07669,0.02842,0.00874,21419887,21421793,NDN,0,NDN,-4.97621120900201,-2.38864820008064,-6.49677550284361,5.11395165032358e-08,0.0015933571541292,3.07406132339226,America_EastAsia
120,chr15,23423823,23425488,0.0545,0.08702,0.01514,0.3514,0.01329,0.12014,0.00341,0.01185,0.15275,0.01448,0.0141,0.02933,0.11093,0.03317,0.00587,0.22614,8e-05,0.06128,0.24231,0.04531,0.06188,23415055,23603926,ATP10A,0,ATP10A,-3.17676269214203,-2.38959634592515,-5.39260246361129,2.22073662805175e-06,0.0225178992856734,3.85534477989491,Africa_SouthAsia
121,chr15,23423823,23425488,0.0545,0.08702,0.01514,0.3514,0.01329,0.12014,0.00341,0.01185,0.15275,0.01448,0.0141,0.02933,0.11093,0.03317,0.00587,0.22614,8e-05,0.06128,0.24231,0.04531,0.06188,23415055,23603926,ATP10A,0,ATP10A,-4.23185072684653,-2.38959634592515,-6.74551310187575,2.01426004285075e-08,0.0004084852224899,8.71278675350574,America_SouthAsia
122,chr15,23472432,23473779,0.04355,0.05226,0.00606,0.07257,0.00069,0.00206,0.0,0.06238,0.19876,0.03899,0.03873,0.075,0.2236,0.04659,0.04808,0.03597,0.01055,0.00091,0.08745,0.04264,0.00472,23415055,23603926,ATP10A,0,ATP10A,-3.17676269214203,-2.38959634592515,-5.39260246361129,2.22073662805175e-06,0.0225178992856734,3.85534477989491,Africa_SouthAsia
123,chr15,23472432,23473779,0.04355,0.05226,0.00606,0.07257,0.00069,0.00206,0.0,0.06238,0.19876,0.03899,0.03873,0.075,0.2236,0.04659,0.04808,0.03597,0.01055,0.00091,0.08745,0.04264,0.00472,23415055,23603926,ATP10A,0,ATP10A,-4.23185072684653,-2.38959634592515,-6.74551310187575,2.01426004285075e-08,0.0004084852224899,8.71278675350574,America_SouthAsia
124,chr15,72003765,72004981,0.03905,0.06759,0.0035,0.00177,0.00605,0.00135,0.22228,0.06238,0.06359,0.07523,0.04003,0.04138,0.0543,0.03678,0.0363,0.00021,0.00035,0.00034,0.00109,1e-05,0.00124,71966225,72004460,ISLR2,0,ISLR2,2.79211329810808,-1.98751633897621,4.50196256322334,4.44715324674415e-05,0.0112265708040941,1.8267711518897,America_Africa
125,chr15,87989960,87994694,0.07748,0.03495,0.05795,0.02362,0.07247,0.02828,0.21974,0.00551,0.02516,0.00212,0.01397,0.17673,0.11836,0.20492,0.11139,0.00589,0.00115,0.0048,0.01262,4e-05,0.00963,87986252,87990054,CIB1,0,CIB1,-0.772876037060581,6.00299084455086,-3.83863453773273,0.0003695989840402,0.0312063756573509,-0.120165596279969,America_Africa
126,chr16,2120091,2122242,0.3799,0.10771,0.04783,0.03011,0.03427,0.00609,0.23128,0.11107,0.12331,0.24974,0.19808,0.00135,0.0039,0.01977,0.07003,0.0005,0.00488,0.05799,0.0014,0.03344,0.03929,2108808,2158372,PKD1,0,PKD1,2.26162758083391,2.46832445195888,3.77337041107223,0.0004603962841864,0.0348656844607054,-0.125182190391751,America_Africa
127,chr16,2122242,2123242,0.3058,0.02807,0.03569,0.05571,0.03355,0.00541,0.26813,0.08342,0.09203,0.21314,0.24629,0.00324,0.01231,0.00028,0.04165,0.00129,0.00221,0.05914,0.00917,0.06759,0.05278,2108808,2158372,PKD1,0,PKD1,2.26162758083391,2.46832445195888,3.77337041107223,0.0004603962841864,0.0348656844607054,-0.125182190391751,America_Africa
128,chr16,2123242,2124904,0.35478,0.04815,0.0402,0.09774,0.05118,0.00912,0.2067,0.11902,0.08625,0.20582,0.28457,6e-05,0.01544,1e-05,0.06748,0.00962,0.00013,0.07145,0.01707,0.10961,0.07825,2108808,2158372,PKD1,0,PKD1,2.26162758083391,2.46832445195888,3.77337041107223,0.0004603962841864,0.0348656844607054,-0.125182190391751,America_Africa
129,chr16,2124904,2128606,0.22885,0.04951,0.04477,0.03473,0.03728,0.01582,0.193,0.05247,0.06364,0.12124,0.18303,0.00115,0.00045,0.00032,0.0734,0.00011,0.00221,0.08691,0.00105,0.05971,0.07338,2108808,2158372,PKD1,0,PKD1,2.26162758083391,2.46832445195888,3.77337041107223,0.0004603962841864,0.0348656844607054,-0.125182190391751,America_Africa
130,chr16,2128606,2129606,0.27281,0.0429,0.04743,0.015,0.01742,0.00873,0.28735,0.09965,0.08015,0.26864,0.1289,0.00231,0.00012,0.0087,0.03715,0.00175,0.01392,0.05592,0.00167,0.02387,0.02863,2108808,2158372,PKD1,0,PKD1,2.26162758083391,2.46832445195888,3.77337041107223,0.0004603962841864,0.0348656844607054,-0.125182190391751,America_Africa
131,chr16,2129606,2130606,0.20206,0.02443,0.00579,0.03912,0.04012,0.00145,0.17184,0.10803,0.06739,0.13944,0.16837,0.00318,0.00622,0.00195,0.02884,0.01194,0.0086,0.01201,0.0021,0.04269,0.04705,2108808,2158372,PKD1,0,PKD1,2.26162758083391,2.46832445195888,3.77337041107223,0.0004603962841864,0.0348656844607054,-0.125182190391751,America_Africa
132,chr16,2130606,2131711,0.27683,0.02604,0.00159,0.07436,0.08071,0.00419,0.24194,0.20378,0.12312,0.14093,0.23471,0.01154,0.0213,0.01808,0.01064,0.04568,0.04988,0.00033,0.0004,0.04967,0.0559,2108808,2158372,PKD1,0,PKD1,2.26162758083391,2.46832445195888,3.77337041107223,0.0004603962841864,0.0348656844607054,-0.125182190391751,America_Africa
133,chr16,2131711,2132711,0.19939,0.01092,0.00484,0.04116,0.06894,0.00116,0.2098,0.12037,0.09071,0.09431,0.15353,0.00051,0.01698,0.0332,0.00433,0.01455,0.02794,0.0016,0.00093,0.0269,0.04993,2108808,2158372,PKD1,0,PKD1,2.26162758083391,2.46832445195888,3.77337041107223,0.0004603962841864,0.0348656844607054,-0.125182190391751,America_Africa
134,chr16,2133711,2134711,0.29567,0.05742,0.02445,0.03153,0.08432,0.00022,0.27365,0.1284,0.13133,0.15796,0.2073,0.00215,0.0002,0.00478,0.04391,0.00073,0.00969,0.02622,0.0041,0.02774,0.07156,2108808,2158372,PKD1,0,PKD1,2.26162758083391,2.46832445195888,3.77337041107223,0.0004603962841864,0.0348656844607054,-0.125182190391751,America_Africa
135,chr16,2134711,2136116,0.23293,0.02045,0.01563,0.03227,0.02552,0.02205,0.25363,0.07987,0.10245,0.13564,0.21773,0.00035,0.00593,0.00121,0.05978,0.00132,5e-05,0.05962,0.00145,0.06865,0.07413,2108808,2158372,PKD1,0,PKD1,2.26162758083391,2.46832445195888,3.77337041107223,0.0004603962841864,0.0348656844607054,-0.125182190391751,America_Africa
136,chr16,2136116,2137116,0.39971,0.01621,0.04229,0.0275,0.05818,0.01149,0.45232,0.14182,0.18119,0.31391,0.31875,0.01129,0.00576,0.0167,0.03942,0.00069,0.00031,0.07967,0.00025,0.04961,0.09076,2108808,2158372,PKD1,0,PKD1,2.26162758083391,2.46832445195888,3.77337041107223,0.0004603962841864,0.0348656844607054,-0.125182190391751,America_Africa
137,chr16,2137116,2138227,0.25474,0.05522,0.06063,0.00583,0.04789,0.00744,0.24354,0.0583,0.12783,0.21186,0.20872,0.00356,0.01077,0.00086,0.06952,0.01691,0.00678,0.09187,0.00765,0.01785,0.07133,2108808,2158372,PKD1,0,PKD1,2.26162758083391,2.46832445195888,3.77337041107223,0.0004603962841864,0.0348656844607054,-0.125182190391751,America_Africa
138,chr16,2138227,2139437,0.35685,0.05188,0.04395,0.08511,0.07265,0.00809,0.32447,0.11619,0.10847,0.21464,0.31303,0.001,0.01685,0.00327,0.07422,0.00486,9e-05,0.07805,0.00629,0.10548,0.10476,2108808,2158372,PKD1,0,PKD1,2.26162758083391,2.46832445195888,3.77337041107223,0.0004603962841864,0.0348656844607054,-0.125182190391751,America_Africa
139,chr16,2139437,2140618,0.31782,0.0497,0.04656,0.00395,0.03475,0.00166,0.42629,0.15991,0.15671,0.34398,0.12747,0.00064,0.00901,0.00295,0.02515,0.0104,0.00424,0.03504,0.00449,0.00563,0.02293,2108808,2158372,PKD1,0,PKD1,2.26162758083391,2.46832445195888,3.77337041107223,0.0004603962841864,0.0348656844607054,-0.125182190391751,America_Africa
140,chr16,2140618,2141618,0.31902,0.05753,0.0379,0.05192,0.03222,0.00303,0.21218,0.07627,0.10218,0.24871,0.22323,0.00016,0.00138,0.00605,0.05425,0.00027,0.00461,0.05183,0.0096,0.05259,0.03938,2108808,2158372,PKD1,0,PKD1,2.26162758083391,2.46832445195888,3.77337041107223,0.0004603962841864,0.0348656844607054,-0.125182190391751,America_Africa
141,chr16,2141618,2144224,0.38289,0.12971,0.05376,0.14243,0.03491,0.00366,0.17708,0.07086,0.08413,0.2987,0.28788,0.00135,0.00521,0.04336,0.11882,0.00659,0.011,0.07435,0.06183,0.13033,0.04734,2108808,2158372,PKD1,0,PKD1,2.26162758083391,2.46832445195888,3.77337041107223,0.0004603962841864,0.0348656844607054,-0.125182190391751,America_Africa
142,chr16,2155698,2156698,0.32648,0.19846,0.23877,0.23882,0.0908,0.00035,0.03832,0.0,0.03237,0.13526,0.31812,0.01757,0.00195,0.03699,0.19996,0.01055,0.08346,0.2651,0.05864,0.23438,0.09261,2108808,2158372,PKD1,0,PKD1,2.26162758083391,2.46832445195888,3.77337041107223,0.0004603962841864,0.0348656844607054,-0.125182190391751,America_Africa
143,chr16,2156698,2157987,0.28117,0.13243,0.22695,0.2102,0.05325,0.00213,0.05954,0.00181,0.00305,0.16479,0.16037,0.02666,0.02603,0.03201,0.07098,5e-05,0.10626,0.16747,0.10094,0.12905,0.023,2108808,2158372,PKD1,0,PKD1,2.26162758083391,2.46832445195888,3.77337041107223,0.0004603962841864,0.0348656844607054,-0.125182190391751,America_Africa
144,chr16,2157987,2162794,0.21226,0.15472,0.20099,0.14962,0.07234,0.00072,0.01729,0.00173,0.01682,0.076,0.17281,0.01919,1e-05,0.02762,0.12781,0.01731,0.07267,0.20073,0.0276,0.12031,0.05885,2108808,2158372,PKD1,0,PKD1,2.26162758083391,2.46832445195888,3.77337041107223,0.0004603962841864,0.0348656844607054,-0.125182190391751,America_Africa
145,chr16,14336990,14338904,0.01744,0.04764,0.12581,0.04677,0.00056,0.00677,0.11963,0.06022,0.00962,0.024,0.00251,0.3156,0.18411,0.03844,0.08083,0.02224,0.14335,0.06456,0.05744,0.0159,0.01094,14338623,14364023,MIR193BHG,0,MIR193BHG,-1.65314645780988,5.55963428883307,-4.35540007653503,7.17434883344451e-05,0.0336160248070214,1.4373517249373,America_SouthAsia
146,chr16,14336990,14338904,0.01744,0.04764,0.12581,0.04677,0.00056,0.00677,0.11963,0.06022,0.00962,0.024,0.00251,0.3156,0.18411,0.03844,0.08083,0.02224,0.14335,0.06456,0.05744,0.0159,0.01094,14338623,14364023,MIR193BHG,0,MIR193BHG,-1.25084041126068,5.55963428883307,-3.7407687123981,0.0004993950788578,0.0362220837707871,-0.323032937726307,America_Africa
147,chr16,18787789,18789363,0.0148,0.2767,0.07513,0.11463,0.05925,0.00104,0.19638,0.02786,0.18703,0.01413,0.00246,0.01902,0.45638,0.11013,0.132,0.1841,0.01105,0.049,0.24186,0.06699,0.02232,18741286,18857007,SMG1,0,SMG1,0.848100166465827,7.01703108255802,3.95466742769733,0.0002575931072769,0.0265904203330535,0.0374608302761716,America_Africa
148,chr16,18789363,18790363,0.0015,0.25496,0.05202,0.1445,0.03123,0.00218,0.22185,0.02991,0.15235,0.01665,0.00345,0.02122,0.42078,0.11968,0.13387,0.17423,0.01111,0.05272,0.21452,0.04928,0.02583,18741286,18857007,SMG1,0,SMG1,0.848100166465827,7.01703108255802,3.95466742769733,0.0002575931072769,0.0265904203330535,0.0374608302761716,America_Africa
149,chr16,18790363,18791730,0.00017,0.24244,0.05287,0.11446,0.01731,0.00077,0.25227,0.0368,0.1401,0.01357,0.00089,0.01526,0.43097,0.13666,0.1231,0.14489,0.01974,0.04905,0.16762,0.0356,0.01324,18741286,18857007,SMG1,0,SMG1,0.848100166465827,7.01703108255802,3.95466742769733,0.0002575931072769,0.0265904203330535,0.0374608302761716,America_Africa
150,chr16,18791730,18793039,0.00018,0.13971,0.05946,0.10249,0.0459,0.00124,0.18151,0.04405,0.14312,0.04605,0.00041,0.00037,0.38717,0.03567,0.12449,0.16573,0.01035,0.05981,0.24392,0.12414,0.03707,18741286,18857007,SMG1,0,SMG1,0.848100166465827,7.01703108255802,3.95466742769733,0.0002575931072769,0.0265904203330535,0.0374608302761716,America_Africa
151,chr16,18793039,18794429,0.0,0.26076,0.05031,0.15885,0.03747,0.0,0.25515,0.03572,0.15206,0.03121,0.0,0.01391,0.45735,0.09911,0.14481,0.16375,0.00905,0.04557,0.23044,0.08844,0.0229,18741286,18857007,SMG1,0,SMG1,0.848100166465827,7.01703108255802,3.95466742769733,0.0002575931072769,0.0265904203330535,0.0374608302761716,America_Africa
152,chr16,18794429,18796842,0.00726,0.15792,0.02357,0.05244,0.00558,0.00883,0.23964,0.03698,0.03618,0.02333,0.00072,0.03112,0.29471,0.10159,0.1435,0.08411,0.00822,0.04692,0.07675,0.00727,0.02189,18741286,18857007,SMG1,0,SMG1,0.848100166465827,7.01703108255802,3.95466742769733,0.0002575931072769,0.0265904203330535,0.0374608302761716,America_Africa
153,chr16,18796842,18798219,0.00118,0.19236,0.05995,0.10365,0.03897,0.00059,0.21542,0.03996,0.14045,0.03136,0.00199,0.00877,0.37411,0.08628,0.13413,0.16939,0.01268,0.06299,0.21525,0.05747,0.03299,18741286,18857007,SMG1,0,SMG1,0.848100166465827,7.01703108255802,3.95466742769733,0.0002575931072769,0.0265904203330535,0.0374608302761716,America_Africa
154,chr16,18798219,18799599,0.02159,0.22454,0.042,0.11223,0.01945,0.00238,0.34636,0.06248,0.05436,0.07219,0.00699,0.01551,0.44214,0.12479,0.22367,0.12883,0.01297,0.06137,0.18137,0.06992,0.03205,18741286,18857007,SMG1,0,SMG1,0.848100166465827,7.01703108255802,3.95466742769733,0.0002575931072769,0.0265904203330535,0.0374608302761716,America_Africa
155,chr16,18799599,18800599,0.00837,0.25224,0.04316,0.09753,0.02391,0.00134,0.35593,0.05149,0.06494,0.05463,0.01249,0.021,0.40518,0.13314,0.19815,0.12981,0.0107,0.03862,0.16398,0.10236,0.01358,18741286,18857007,SMG1,0,SMG1,0.848100166465827,7.01703108255802,3.95466742769733,0.0002575931072769,0.0265904203330535,0.0374608302761716,America_Africa
156,chr16,18800599,18802000,2e-05,0.14392,0.06372,0.10276,0.03486,0.00286,0.18526,0.05269,0.12876,0.03896,0.00214,0.00354,0.36359,0.05801,0.11148,0.19494,0.01415,0.05298,0.22597,0.12768,0.01885,18741286,18857007,SMG1,0,SMG1,0.848100166465827,7.01703108255802,3.95466742769733,0.0002575931072769,0.0265904203330535,0.0374608302761716,America_Africa
157,chr16,18802000,18804346,0.00456,0.22718,0.05595,0.14198,0.01966,0.00064,0.27269,0.05649,0.10919,0.03333,0.00054,0.01316,0.41156,0.09835,0.14961,0.1749,0.0162,0.05846,0.17906,0.07458,0.01881,18741286,18857007,SMG1,0,SMG1,0.848100166465827,7.01703108255802,3.95466742769733,0.0002575931072769,0.0265904203330535,0.0374608302761716,America_Africa
158,chr16,18804346,18806908,0.00429,0.19983,0.08903,0.07352,0.06081,0.00506,0.29171,0.09186,0.05618,0.0973,0.01168,0.00164,0.37933,0.05833,0.09079,0.17943,0.01648,0.05444,0.21348,0.07298,0.01882,18741286,18857007,SMG1,0,SMG1,0.848100166465827,7.01703108255802,3.95466742769733,0.0002575931072769,0.0265904203330535,0.0374608302761716,America_Africa
159,chr16,18806908,18810103,0.00109,0.25481,0.06472,0.0512,0.07109,8e-05,0.27688,0.04293,0.07398,0.06248,0.00011,0.01301,0.34332,0.09045,0.12183,0.11689,0.00734,0.04884,0.17449,0.02549,0.03136,18741286,18857007,SMG1,0,SMG1,0.848100166465827,7.01703108255802,3.95466742769733,0.0002575931072769,0.0265904203330535,0.0374608302761716,America_Africa
160,chr16,18810103,18811875,0.00105,0.22062,0.0449,0.10045,0.02853,0.00099,0.27691,0.02874,0.15531,0.02089,0.003,0.0153,0.47982,0.11601,0.18878,0.14408,0.00947,0.0576,0.20699,0.06348,0.03441,18741286,18857007,SMG1,0,SMG1,0.848100166465827,7.01703108255802,3.95466742769733,0.0002575931072769,0.0265904203330535,0.0374608302761716,America_Africa
161,chr16,18811875,18813095,0.01515,0.13876,0.01034,0.13784,0.00602,0.0184,0.21861,0.02415,0.08119,0.02728,0.00081,0.02448,0.35297,0.06135,0.15639,0.10194,0.00142,0.03991,0.13449,0.03621,0.03427,18741286,18857007,SMG1,0,SMG1,0.848100166465827,7.01703108255802,3.95466742769733,0.0002575931072769,0.0265904203330535,0.0374608302761716,America_Africa
162,chr16,18813095,18814196,0.00681,0.14793,0.03392,0.20713,0.00752,0.00356,0.18099,0.03409,0.13208,0.01927,0.0001,1e-05,0.43207,0.05341,0.10186,0.13611,0.0166,0.04904,0.19676,0.10075,0.01538,18741286,18857007,SMG1,0,SMG1,0.848100166465827,7.01703108255802,3.95466742769733,0.0002575931072769,0.0265904203330535,0.0374608302761716,America_Africa
163,chr16,18814196,18815670,0.00041,0.2661,0.05591,0.07229,0.00402,1e-05,0.29442,0.03751,0.08238,0.00189,0.00014,0.01148,0.37464,0.22256,0.17359,0.12323,0.03883,0.05488,0.09737,0.05178,0.00244,18741286,18857007,SMG1,0,SMG1,0.848100166465827,7.01703108255802,3.95466742769733,0.0002575931072769,0.0265904203330535,0.0374608302761716,America_Africa
164,chr16,18815670,18816913,0.02554,0.36689,0.08735,0.02254,0.13636,0.00057,0.23518,0.03119,0.06147,0.04679,0.00507,0.0104,0.32736,0.05259,0.16287,0.10043,0.0024,0.06582,0.15434,0.01445,0.06591,18741286,18857007,SMG1,0,SMG1,0.848100166465827,7.01703108255802,3.95466742769733,0.0002575931072769,0.0265904203330535,0.0374608302761716,America_Africa
165,chr16,18816913,18820206,0.00562,0.23928,0.05104,0.15107,0.03075,0.00538,0.25723,0.04766,0.09515,0.04624,0.00042,0.00306,0.41008,0.09573,0.11325,0.14555,0.01585,0.06198,0.21202,0.03387,0.03016,18741286,18857007,SMG1,0,SMG1,0.848100166465827,7.01703108255802,3.95466742769733,0.0002575931072769,0.0265904203330535,0.0374608302761716,America_Africa
166,chr16,18820206,18822725,0.05132,0.42962,0.08875,0.05558,0.01961,0.01124,0.24033,0.02322,0.12888,0.00158,0.03041,0.0116,0.41934,0.18498,0.17547,0.12559,0.03766,0.09905,0.07995,0.0014,0.03097,18741286,18857007,SMG1,0,SMG1,0.848100166465827,7.01703108255802,3.95466742769733,0.0002575931072769,0.0265904203330535,0.0374608302761716,America_Africa
167,chr16,18822725,18825198,0.36518,0.58296,0.31458,0.25066,0.15549,0.00144,0.11685,0.01898,0.01177,0.06749,0.10381,0.00776,0.16568,0.28316,0.25955,0.04341,0.11399,0.19974,0.02235,0.07406,0.04582,18741286,18857007,SMG1,0,SMG1,0.848100166465827,7.01703108255802,3.95466742769733,0.0002575931072769,0.0265904203330535,0.0374608302761716,America_Africa
168,chr16,18825198,18827230,0.29199,0.58243,0.23262,0.0953,0.12258,0.00141,0.07465,0.00904,0.08744,0.08312,0.11967,0.00619,0.32426,0.32842,0.30086,0.08435,0.09911,0.18176,0.00054,0.02418,0.03894,18741286,18857007,SMG1,0,SMG1,0.848100166465827,7.01703108255802,3.95466742769733,0.0002575931072769,0.0265904203330535,0.0374608302761716,America_Africa
169,chr16,18827230,18828230,0.31231,0.51551,0.20493,0.14508,0.06552,0.0115,0.04172,0.00434,0.05988,0.17555,0.14983,0.00188,0.20369,0.38215,0.30423,0.04516,0.11713,0.16148,0.03374,0.04741,0.00985,18741286,18857007,SMG1,0,SMG1,0.848100166465827,7.01703108255802,3.95466742769733,0.0002575931072769,0.0265904203330535,0.0374608302761716,America_Africa
170,chr16,18828230,18829321,0.25654,0.519,0.22371,0.10572,0.04938,0.01919,0.0953,0.00237,0.05319,0.11263,0.08578,0.03977,0.26389,0.36076,0.28241,0.05158,0.11311,0.12402,0.01411,0.0157,0.00158,18741286,18857007,SMG1,0,SMG1,0.848100166465827,7.01703108255802,3.95466742769733,0.0002575931072769,0.0265904203330535,0.0374608302761716,America_Africa
171,chr16,18829321,18830590,0.26108,0.51622,0.28016,0.16289,0.02801,0.004,0.10337,0.01815,0.02624,0.12584,0.12056,0.01063,0.21861,0.36365,0.32892,0.06324,0.17953,0.21895,0.05273,0.06288,0.00565,18741286,18857007,SMG1,0,SMG1,0.848100166465827,7.01703108255802,3.95466742769733,0.0002575931072769,0.0265904203330535,0.0374608302761716,America_Africa
172,chr16,18830590,18831590,0.35153,0.56827,0.26325,0.15218,0.08022,0.02191,0.09103,4e-05,0.04872,0.10225,0.14312,0.06437,0.21971,0.30211,0.34558,0.03148,0.08418,0.15163,0.01229,0.04116,0.01316,18741286,18857007,SMG1,0,SMG1,0.848100166465827,7.01703108255802,3.95466742769733,0.0002575931072769,0.0265904203330535,0.0374608302761716,America_Africa
173,chr16,18831590,18840230,0.32798,0.62868,0.28457,0.27883,0.05893,0.00381,0.11376,0.01195,0.00352,0.09087,0.09012,0.02051,0.15459,0.33629,0.27784,0.02461,0.13429,0.17117,0.06536,0.07505,0.01015,18741286,18857007,SMG1,0,SMG1,0.848100166465827,7.01703108255802,3.95466742769733,0.0002575931072769,0.0265904203330535,0.0374608302761716,America_Africa
174,chr16,18849577,18853781,0.25195,0.46073,0.2445,0.08788,0.08761,0.00143,0.06417,0.00862,0.05026,0.09065,0.10754,0.00753,0.19786,0.28795,0.25211,0.0664,0.11171,0.17851,0.00256,0.03206,0.03072,18741286,18857007,SMG1,0,SMG1,0.848100166465827,7.01703108255802,3.95466742769733,0.0002575931072769,0.0265904203330535,0.0374608302761716,America_Africa
175,chr16,18853781,18855143,0.29541,0.53887,0.28051,0.16995,0.0877,0.00011,0.08565,0.00868,0.05109,0.09308,0.10611,0.02118,0.25514,0.31856,0.27229,0.06962,0.12721,0.1867,0.01192,0.04535,0.02894,18741286,18857007,SMG1,0,SMG1,0.848100166465827,7.01703108255802,3.95466742769733,0.0002575931072769,0.0265904203330535,0.0374608302761716,America_Africa
176,chr16,18855143,18856143,0.31336,0.61467,0.30514,0.20485,0.03873,0.0012,0.11111,0.00775,0.03623,0.18185,0.12717,0.02841,0.27728,0.48508,0.32752,0.05623,0.20146,0.20943,0.08066,0.06721,0.0087,18741286,18857007,SMG1,0,SMG1,0.848100166465827,7.01703108255802,3.95466742769733,0.0002575931072769,0.0265904203330535,0.0374608302761716,America_Africa
177,chr16,18856143,18857480,0.15849,0.30099,0.24667,0.16894,0.03056,0.01492,0.07319,0.01652,0.006,0.15899,0.03471,0.01088,0.01781,0.33771,0.11197,0.00148,0.21591,0.09517,0.1441,0.05218,1e-05,18741286,18857007,SMG1,0,SMG1,0.848100166465827,7.01703108255802,3.95466742769733,0.0002575931072769,0.0265904203330535,0.0374608302761716,America_Africa
178,chr17,16908958,16911905,0.08882,0.04122,0.00272,2e-05,0.00257,0.00674,0.24889,0.12033,0.08991,0.06253,0.12844,0.02476,0.05171,0.06127,0.01369,0.00294,0.01055,0.00095,0.00199,0.00622,0.01736,16875894,16918164,TNFRSF13B,0,TNFRSF13B,-1.33843711315523,8.1268189106117,-4.19687387329846,0.0001250169351877,0.01887321419327,0.691396463635038,America_Africa
179,chr17,16911905,16918099,0.01159,0.22425,0.00848,0.03294,0.00795,0.00479,0.37315,0.03601,0.09091,0.03715,0.02353,0.15152,0.11634,0.16358,0.13272,0.00863,1e-05,0.0004,0.00962,0.01028,0.00028,16875894,16918164,TNFRSF13B,0,TNFRSF13B,-1.33843711315523,8.1268189106117,-4.19687387329846,0.0001250169351877,0.01887321419327,0.691396463635038,America_Africa
180,chr17,23096076,23100426,0.09075,0.25591,0.36175,0.40353,0.27673,0.26164,0.11982,0.19729,0.37948,0.11469,0.06362,0.01276,0.06407,0.00096,0.01151,0.02122,0.02473,0.06144,0.09054,0.13161,0.00736,23098301,23101951,FLJ36000,0,FLJ36000,2.57921951139658,-2.5309622398457,4.51923312080313,4.20204609627795e-05,0.0107868473608209,1.87783557810731,America_Africa
181,chr17,23096076,23100426,0.09075,0.25591,0.36175,0.40353,0.27673,0.26164,0.11982,0.19729,0.37948,0.11469,0.06362,0.01276,0.06407,0.00096,0.01151,0.02122,0.02473,0.06144,0.09054,0.13161,0.00736,23098301,23101951,FLJ36000,0,FLJ36000,3.58838543702805,-2.5309622398457,6.06423412135988,2.17230141580682e-07,0.0034062685823672,1.40674391265004,America_EastAsia
182,chr17,23100426,23108069,0.04731,0.0737,0.29326,0.21717,0.0622,0.05099,0.00233,0.14073,0.10923,5e-05,0.0,0.13009,0.0895,0.00182,0.0018,0.00606,0.16392,0.14145,0.10847,0.07579,7e-05,23098301,23101951,FLJ36000,0,FLJ36000,2.57921951139658,-2.5309622398457,4.51923312080313,4.20204609627795e-05,0.0107868473608209,1.87783557810731,America_Africa
183,chr17,23100426,23108069,0.04731,0.0737,0.29326,0.21717,0.0622,0.05099,0.00233,0.14073,0.10923,5e-05,0.0,0.13009,0.0895,0.00182,0.0018,0.00606,0.16392,0.14145,0.10847,0.07579,7e-05,23098301,23101951,FLJ36000,0,FLJ36000,3.58838543702805,-2.5309622398457,6.06423412135988,2.17230141580682e-07,0.0034062685823672,1.40674391265004,America_EastAsia
184,chr17,45318568,45319664,0.01654,0.17037,0.00146,0.00014,0.02119,0.00013,0.2002,0.02151,0.0207,0.04965,0.00404,0.14611,0.15468,0.07801,0.13787,0.00217,0.01201,0.00169,0.02056,0.0,0.01731,45249262,45357414,GPATCH8,0,GPATCH8,0.718820878256169,6.41683792089854,4.43755954281578,5.49071706140726e-05,0.0127015108478691,1.58477458440463,America_Africa
185,chr17,45319664,45321099,0.0369,0.13895,0.00715,0.01531,0.02763,0.00037,0.27826,0.0625,0.10628,0.10527,0.03078,0.08346,0.06362,0.04512,0.11139,0.00158,0.00671,0.00408,0.00152,0.00893,0.02036,45249262,45357414,GPATCH8,0,GPATCH8,0.718820878256169,6.41683792089854,4.43755954281578,5.49071706140726e-05,0.0127015108478691,1.58477458440463,America_Africa
186,chr19,10019050,10026281,0.03417,0.29305,0.05031,0.08767,0.0729,0.05046,0.16424,0.01166,0.01908,0.01621,0.01033,0.08458,0.09452,0.09957,0.09679,1e-05,1e-05,8e-05,0.0,2e-05,5e-05,9979883,10062724,OLFM2,0,OLFM2,-3.10816009456604,-0.914458631060571,-4.425964062357,5.70250924345918e-05,0.032729713194605,1.62023860872735,America_SouthAsia
187,chr19,10053887,10060410,0.00477,0.17203,0.00027,0.05877,0.00352,0.00468,0.23645,0.00607,0.10157,0.0002,1e-05,0.14014,0.0341,0.22287,0.19959,0.04431,0.00521,0.00685,0.09124,0.08124,0.00011,9979883,10062724,OLFM2,0,OLFM2,-3.10816009456604,-0.914458631060571,-4.425964062357,5.70250924345918e-05,0.032729713194605,1.62023860872735,America_SouthAsia
188,chr19,11732077,11744966,4e-05,0.20693,0.03212,0.03904,0.02626,0.00045,0.20137,0.02208,0.0374,0.02095,0.00059,0.02068,0.07374,0.09292,0.19893,0.00121,0.00451,0.04199,0.00156,0.04051,0.03201,11686958,11743029,ZNF627,0,ZNF627,0.859252343212525,3.89926467804416,3.62450760039235,0.0007108886853146,0.0437976611095874,-0.596753223080595,America_Africa
189,chr19,12053526,12059801,0.1453,0.18636,0.07196,0.01477,0.21605,0.15288,0.0161,0.00036,0.07876,0.0188,0.00034,0.00296,0.10469,0.00134,0.00103,0.02276,0.0055,0.0013,0.11801,0.0588,0.00337,12053275,12078983,ZNF700,0,ZNF700,1.05031132014385,3.93667813663391,3.72580930623956,0.000522752615166,0.0370241517509748,-0.314483466511438,America_Africa
190,chr19,35497904,35498904,0.40176,0.04596,0.08322,0.205,0.00105,0.03451,0.14908,0.14631,0.15153,0.27713,0.13999,0.00155,0.02756,0.02635,0.00085,0.01882,0.05047,0.00586,0.12133,0.03304,0.01964,35497265,35583576,RHPN2,0,RHPN2,1.50657262960426,2.38488808476908,3.85920706955304,0.0003467942623216,0.0301408801791272,0.128229487032111,America_Africa
191,chr19,35498904,35508137,0.36698,0.02446,0.07577,0.23007,0.00115,0.03239,0.18796,0.12608,0.08696,0.25845,0.1303,0.00924,0.07849,0.02437,0.00044,0.03335,0.067,0.00587,0.15887,0.04997,0.03414,35497265,35583576,RHPN2,0,RHPN2,1.50657262960426,2.38488808476908,3.85920706955304,0.0003467942623216,0.0301408801791272,0.128229487032111,America_Africa
192,chr19,35508137,35512702,0.46227,0.12268,0.10196,0.31791,0.00513,0.07944,0.19592,0.21157,0.20566,0.31076,0.16313,0.00241,0.04594,0.05999,0.00344,0.06515,0.04695,0.00028,0.17739,0.05128,0.03689,35497265,35583576,RHPN2,0,RHPN2,1.50657262960426,2.38488808476908,3.85920706955304,0.0003467942623216,0.0301408801791272,0.128229487032111,America_Africa
193,chr19,35512702,35518020,0.47372,0.15749,0.12494,0.32224,0.02252,0.10475,0.15217,0.20907,0.2082,0.28699,0.15355,0.00664,0.0219,0.0556,0.00629,0.05787,0.03287,5e-05,0.14442,0.04224,0.02746,35497265,35583576,RHPN2,0,RHPN2,1.50657262960426,2.38488808476908,3.85920706955304,0.0003467942623216,0.0301408801791272,0.128229487032111,America_Africa
194,chr19,35518020,35521144,0.51114,0.1437,0.11786,0.26922,0.00215,0.06872,0.21742,0.24825,0.32013,0.32896,0.20982,0.00384,0.0125,0.07566,0.01152,0.03175,0.06037,0.0036,0.13759,0.03995,0.03465,35497265,35583576,RHPN2,0,RHPN2,1.50657262960426,2.38488808476908,3.85920706955304,0.0003467942623216,0.0301408801791272,0.128229487032111,America_Africa
195,chr19,35521144,35524494,0.4765,0.18139,0.1152,0.34775,0.01122,0.1049,0.16614,0.19474,0.1174,0.30954,0.16379,0.01018,0.03891,0.08475,0.0105,0.07663,0.04444,7e-05,0.19374,0.06625,0.04058,35497265,35583576,RHPN2,0,RHPN2,1.50657262960426,2.38488808476908,3.85920706955304,0.0003467942623216,0.0301408801791272,0.128229487032111,America_Africa
196,chr19,35524494,35528856,0.45625,0.18856,0.13745,0.33771,0.04059,0.10847,0.19389,0.21211,0.12114,0.24476,0.18172,0.00692,0.04393,0.04132,0.01002,0.07125,0.01936,0.00079,0.12205,0.06426,0.0122,35497265,35583576,RHPN2,0,RHPN2,1.50657262960426,2.38488808476908,3.85920706955304,0.0003467942623216,0.0301408801791272,0.128229487032111,America_Africa
197,chr19,35528856,35531403,0.58117,0.18156,0.17829,0.4034,0.01875,0.13046,0.21408,0.21,0.22415,0.34292,0.21556,0.00045,0.04142,0.06468,0.00608,0.04769,0.06329,0.00413,0.18201,0.06658,0.03937,35497265,35583576,RHPN2,0,RHPN2,1.50657262960426,2.38488808476908,3.85920706955304,0.0003467942623216,0.0301408801791272,0.128229487032111,America_Africa
198,chr19,35531403,35536150,0.4744,0.17139,0.09837,0.3337,0.03087,0.0844,0.19988,0.23757,0.13762,0.30234,0.20256,0.01418,0.04484,0.05453,0.01561,0.09332,0.01634,0.00025,0.16156,0.08224,0.0122,35497265,35583576,RHPN2,0,RHPN2,1.50657262960426,2.38488808476908,3.85920706955304,0.0003467942623216,0.0301408801791272,0.128229487032111,America_Africa
199,chr19,35536150,35540322,0.4535,0.14224,0.09017,0.30057,0.01064,0.06796,0.2073,0.28289,0.2478,0.31915,0.19974,0.01423,0.03698,0.0657,0.01318,0.09976,0.02996,0.00022,0.16958,0.06794,0.02173,35497265,35583576,RHPN2,0,RHPN2,1.50657262960426,2.38488808476908,3.85920706955304,0.0003467942623216,0.0301408801791272,0.128229487032111,America_Africa
200,chr19,35540322,35542627,0.3283,0.10798,0.01462,0.2051,0.01982,0.04695,0.10452,0.23156,0.07465,0.15571,0.08666,0.04854,0.01753,0.02627,0.00667,0.11908,0.00122,0.01348,0.07213,0.03075,0.00535,35497265,35583576,RHPN2,0,RHPN2,1.50657262960426,2.38488808476908,3.85920706955304,0.0003467942623216,0.0301408801791272,0.128229487032111,America_Africa
201,chr19,35542627,35545082,0.488,0.19508,0.11942,0.36114,0.02163,0.09197,0.19878,0.22334,0.14913,0.33757,0.20789,0.01312,0.04761,0.08454,0.02101,0.0906,0.03662,0.0017,0.20691,0.09405,0.02293,35497265,35583576,RHPN2,0,RHPN2,1.50657262960426,2.38488808476908,3.85920706955304,0.0003467942623216,0.0301408801791272,0.128229487032111,America_Africa
202,chr19,35545082,35554243,0.42258,0.11593,0.11546,0.33332,0.01993,0.08651,0.13254,0.09758,0.06169,0.2803,0.14055,6e-05,0.05306,0.04202,0.00341,0.03734,0.04404,0.00497,0.1895,0.07041,0.02372,35497265,35583576,RHPN2,0,RHPN2,1.50657262960426,2.38488808476908,3.85920706955304,0.0003467942623216,0.0301408801791272,0.128229487032111,America_Africa
203,chr19,49458719,49460800,0.0259,0.0803,0.03138,0.00432,0.12467,0.0135,0.20137,0.09296,0.01129,0.24526,0.05596,0.00975,0.12665,0.00444,0.02329,0.05098,0.02713,0.00378,0.16978,0.02597,0.04982,49459684,49460294,GNG8,0,GNG8,-2.99041535299954,-1.07503954444591,-4.30864702992566,8.34737025421791e-05,0.0153892623907989,1.26615388716916,America_Africa
204,chr19,55921452,55926191,0.11299,0.02673,0.03136,0.00802,0.01082,0.00032,0.06435,0.00084,0.05929,0.22087,0.09957,0.00651,0.00307,0.0874,0.02785,0.01034,0.05534,0.0406,0.03675,0.00986,0.00655,55885760,55941903,ZNF28,0,ZNF28,1.23508635386674,3.00088260079102,4.76491739752078,1.86273555375303e-05,0.0072645492535115,2.79304080106608,America_Africa
205,chr21,12252319,12254726,0.02872,0.00036,0.13901,0.00142,2e-05,0.01838,0.05984,0.05614,0.02003,0.04788,0.09316,0.15534,0.00408,0.00087,0.01463,0.1018,0.16385,0.25256,0.0017,0.02682,0.02546,12253889,12323979,ANKRD20A11P,0,ANKRD20A11P,-4.44938602858986,-1.73599371725725,-6.39863252182518,7.69821824221472e-08,0.0005203909995978,7.71803869510666,America_Africa
206,chr21,12276761,12278301,0.0625,0.06371,0.05797,0.01172,0.00013,0.11517,0.0013,0.0021,0.2032,0.09128,0.00769,0.00454,0.20835,0.09317,0.01512,0.09114,0.06638,0.00027,0.01248,0.18638,0.13763,12253889,12323979,ANKRD20A11P,0,ANKRD20A11P,-4.44938602858986,-1.73599371725725,-6.39863252182518,7.69821824221472e-08,0.0005203909995978,7.71803869510666,America_Africa
207,chr21,12293810,12295295,0.21795,0.08554,0.12021,0.01861,0.0573,0.18382,0.14135,0.003,0.24477,0.12342,0.00927,0.02003,0.04289,0.0046,0.0338,0.05878,0.03517,0.0002,0.01338,0.10052,0.05747,12253889,12323979,ANKRD20A11P,0,ANKRD20A11P,-4.44938602858986,-1.73599371725725,-6.39863252182518,7.69821824221472e-08,0.0005203909995978,7.71803869510666,America_Africa
208,chr22,23108643,23109759,0.0013,0.16887,0.0025,0.01071,0.02999,0.0249,0.22594,0.00577,0.02268,0.04637,0.0286,0.09592,0.17802,0.1397,0.05721,0.00164,0.00937,0.00938,0.00486,0.00313,7e-05,23109735,23110281,IGLV3-25,0,IGLV3-25,-3.27822516567446,-3.06452889356273,-4.06107202991212,0.0001842921875749,0.0485714337500985,0.700046641022576,America_SouthAsia
209,chr22,23215541,23221039,0.00011,0.22778,0.00207,0.03877,0.08181,0.02881,0.34247,0.00296,0.05083,0.10042,0.02172,0.25961,0.24003,0.20301,0.12162,0.05776,0.11136,0.04839,0.00861,0.00119,0.01266,23215368,23215885,IGLV2-11,0,IGLV2-11,-4.89609145809005,-2.16756782451789,-4.64382147694332,3.05040873787648e-05,0.0281187601823738,2.33007104129105,America_SouthAsia
210,chr22,39516159,39517898,0.08882,0.25607,0.08863,0.46099,0.09033,0.02979,0.05552,0.0034,0.19945,1e-05,0.00849,0.01564,0.03229,0.05742,0.09298,0.0625,0.00465,0.02493,0.17544,0.19321,0.01073,39511282,39526391,APOBEC3F,0,APOBEC3F,-0.807741186452073,5.79697717898654,-3.95520370098942,0.000257161026106,0.0265904203330535,0.238175888023391,America_Africa
211,chr22,41212929,41232181,0.07584,0.0584,0.01046,0.00148,0.04313,0.00193,0.27673,0.1242,0.06169,0.23306,0.04278,0.0171,0.08924,0.00282,0.06001,0.01781,0.00883,0.01982,0.06298,3e-05,0.05233,41216073,41217668,AC138207.7,0,AC138207.7,-2.50399011518826,-0.302845879116005,-4.21410604701024,0.0001131811838172,0.0391598864651137,1.05268215036988,America_SouthAsia
