,Chromosome,Start,End,Africa-America,Africa-CentralAsiaSiberia,Africa-EastAsia,Africa-Oceania,Africa-SouthAsia,Africa-WestEurasia,America-CentralAsiaSiberia,America-EastAsia,America-Oceania,America-SouthAsia,America-WestEurasia,CentralAsiaSiberia-EastAsia,CentralAsiaSiberia-Oceania,CentralAsiaSiberia-SouthAsia,CentralAsiaSiberia-WestEurasia,EastAsia-Oceania,EastAsia-SouthAsia,EastAsia-WestEurasia,Oceania-SouthAsia,Oceania-WestEurasia,SouthAsia-WestEurasia,Start_b,End_b,name2,Distance
0,chr1,9846201,9846201,0.27586,0.04239,0.04981,0.02736,0.09376,0.01048,0.12424,0.09716,0.19008,0.03445,0.17463,0.00196,0.01078,0.02217,0.005,0.01737,0.01359,0.01488,0.04846,0.00036,0.05253,9788983,9884023,CLSTN1,0
1,chr1,24377601,24377601,0.00769,0.11063,0.25742,0.66625,0.13524,0.15024,0.10092,0.20043,0.61746,0.11015,0.10763,0.06285,0.38182,0.00497,0.01891,0.14607,0.03831,0.01258,0.30917,0.20186,0.00683,24367324,24413289,ENSG00000225315,0
2,chr1,62622101,62622101,0.32773,0.08017,0.00258,0.00814,0.0136,0.05126,0.12431,0.37123,0.33293,0.26016,0.12535,0.11291,0.10526,0.03528,0.00049,0.00756,0.03158,0.06778,0.03698,0.0529,0.02089,62208148,62629592,PATJ,0
3,chr1,72755201,72755201,0.14884,0.08983,0.1886,0.20407,0.07712,0.15207,0.05135,0.00257,0.02424,0.04745,0.01059,0.04136,0.16537,0.00196,0.00716,0.04891,0.04727,0.00713,0.10883,0.04313,0.01572,72748935,73138076,ENSG00000286863,0
4,chr1,85974801,85974801,0.00074,0.19351,0.00378,0.03099,0.01608,0.03054,0.25727,0.00977,0.05007,0.02498,0.03203,0.18844,0.07075,0.10961,0.06236,0.0197,0.00643,0.01794,0.00346,1e-05,0.00305,85784163,86044046,DDAH1,0
5,chr1,94285701,94285701,0.4312,0.41269,0.44266,0.33411,0.28246,0.17574,6e-05,0.00254,0.00741,0.01684,0.02574,0.00188,0.00828,0.0188,0.02989,0.01751,0.03487,0.05454,0.00215,0.00852,0.00344,94027347,94312706,BCAR3,0
6,chr1,108732201,108732201,0.49746,0.07909,0.21636,0.24122,0.31489,0.07253,0.24543,0.09708,0.10184,0.04073,0.17162,0.03911,0.04851,0.09737,0.00034,0.00022,0.01597,0.03194,0.01169,0.02962,0.08178,108676664,108742965,SLC25A24,0
7,chr1,109476101,109476101,0.26949,0.04721,0.07349,0.21361,0.12821,0.11201,0.09749,0.08132,0.00488,0.0312,0.02767,0.00163,0.06173,0.01959,0.01622,0.04833,0.01237,0.0113,0.01214,0.01116,1e-05,109417971,109477167,GPSM2,0
8,chr1,161408001,161408001,0.28249,0.14653,0.12942,0.06386,0.04745,0.15172,0.06418,0.11453,0.12766,0.17166,0.0546,0.00725,0.01956,0.04309,5e-05,0.00511,0.02196,0.00577,0.00374,0.01466,0.03954,161373198,161440313,ENSG00000283360,0
9,chr1,169217201,169217201,0.08719,0.00035,0.00302,0.09185,0.01536,0.06235,0.12241,0.10248,0.0,0.20398,0.19881,0.00129,0.12755,0.02205,0.06224,0.10795,0.03969,0.10033,0.21302,0.20956,0.02072,169101768,169337184,NME7,0
10,chr1,174796101,174796101,0.03226,0.10587,0.1218,0.24716,0.18232,0.044,0.16057,0.13668,0.33272,0.20109,0.05721,0.00427,0.02098,0.0174,0.00299,0.00348,0.00394,0.0152,2e-05,0.02993,0.03376,174128654,174927319,RABGAP1L,0
11,chr1,187420501,187420501,0.07788,0.04599,0.05635,0.14622,0.08533,0.00027,0.03467,0.013,0.32719,0.0094,0.06599,0.0002,0.29378,0.01307,0.04279,0.31698,0.00569,0.0581,0.36179,0.13042,0.07928,187039831,187655262,LINC01036,0
12,chr1,204369601,204369601,0.01348,0.08639,0.01915,0.06389,0.07605,0.21406,0.03769,9e-05,0.02229,0.02257,0.13069,0.03074,0.00506,0.00566,0.02731,0.01637,0.01895,0.11438,2e-05,0.09707,0.08747,204346977,204404974,PPP1R15B-AS1,0
13,chr1,206277501,206277501,0.80295,0.31489,0.58207,0.12245,0.27561,0.28373,0.36067,0.02017,0.47078,0.3977,0.11611,0.17649,0.03751,0.00316,0.01682,0.2775,0.23262,0.07071,0.02158,0.06844,0.03512,206238881,206288197,RHEX,0
14,chr1,210721501,210721501,0.21566,0.12395,0.16827,0.13548,0.01852,0.0006,0.01979,0.00334,0.02264,0.12334,0.234,0.00624,1e-05,0.05126,0.1419,0.00689,0.08844,0.20346,0.05454,0.15063,0.02676,210501595,210849638,HHAT,0
15,chr1,234318601,234318601,0.31556,0.40731,0.64847,0.46805,0.10283,0.02291,0.00786,0.14267,0.02519,0.06765,0.19838,0.09782,0.00545,0.1251,0.29108,0.05678,0.37447,0.57831,0.16913,0.34348,0.04026,234040421,234460257,SLC35F3,0
16,chr1,240391301,240391301,0.25645,1e-05,0.00703,0.00888,0.02818,0.01451,0.37332,0.18792,0.38805,0.17391,0.12141,0.00789,0.0107,0.0335,0.01384,0.02891,0.00651,0.00163,0.06752,0.03539,0.00123,240255182,240638487,FMN2,0
36,chr2,9736101,9736101,0.23176,0.25604,0.28542,0.24209,0.20191,0.15663,0.0,0.00714,0.0,0.03508,0.03812,0.00815,0.0,0.03961,0.04416,0.00756,0.02204,0.04149,0.03698,0.04062,0.00777,9724095,9771126,YWHAQ,0
37,chr2,33215401,33215401,0.02222,0.1233,0.36405,0.26636,0.01564,0.06147,0.04404,0.22534,0.16653,0.00124,0.00769,0.06708,0.03965,0.06224,0.0098,0.00159,0.26957,0.11805,0.18888,0.06741,0.01822,33172019,33624576,LTBP1,0
38,chr2,33763101,33763101,0.06784,0.07033,0.03192,0.00568,0.05647,0.057,0.00451,0.23994,0.1328,0.00017,0.0019,0.146,0.08863,0.0028,0.00023,0.02778,0.13785,0.11097,0.07484,0.05811,0.00134,33661390,33789817,RASGRP3,0
39,chr2,34695701,34695701,0.09292,0.00441,0.01157,0.0097,0.01001,0.19991,0.06661,0.16122,0.16801,0.05049,0.0199,0.03196,0.03482,0.00111,0.1362,8e-05,0.04429,0.27317,0.04094,0.2151,0.13799,34414879,34947900,LINC01320,0
40,chr2,43869901,43869901,0.24469,0.06119,0.15626,0.04969,0.00041,0.00041,0.0748,0.01243,0.05236,0.27302,0.18715,0.02322,7e-05,0.07333,0.04351,0.0162,0.16912,0.13807,0.0583,0.03723,0.00148,43864398,43995126,PLEKHH2,0
41,chr2,51926401,51926401,0.3288,0.01535,0.01175,0.00814,0.04905,0.02817,0.25038,0.35904,0.3017,0.13835,0.15583,0.04799,0.03628,0.01892,0.00802,0.0,0.06704,0.04058,0.04815,0.02636,0.00139,51259738,52635055,ENSG00000231918,0
42,chr2,54564301,54564301,0.01303,0.07173,0.2218,0.16256,0.17326,0.01405,0.0246,0.11832,0.08765,0.08646,5e-05,0.03819,0.01315,0.02006,0.01969,0.00878,0.00321,0.12615,0.00136,0.06223,0.0865,54558020,54588718,C2orf73,0
43,chr2,59615401,59615401,0.30915,0.2256,0.16585,0.00041,0.00563,0.00837,0.01298,0.01617,0.26006,0.24679,0.22194,0.00057,0.17998,0.16848,0.15119,0.11949,0.1238,0.12802,0.00245,0.00385,0.0005,59445814,60327335,ENSG00000271955,0
44,chr2,100099401,100099401,0.26414,0.00681,0.00118,0.02759,4e-05,1e-05,0.24479,0.29013,0.47949,0.27754,0.21145,0.01344,0.06636,0.00611,0.00554,0.01809,0.00167,0.0013,0.03126,0.02344,1e-05,100016937,100106435,REV1,0
45,chr2,109289001,109289001,0.02676,0.0459,0.06814,0.13969,0.07955,0.06521,0.00191,0.00565,0.04782,0.13861,0.10583,0.0011,0.02932,0.17506,0.13968,0.0158,0.22029,0.19514,0.27484,0.21175,0.00046,109150126,109300802,LIMS1,0
46,chr2,114240201,114240201,0.2934,0.17661,0.12673,0.17462,5e-05,0.00062,0.01815,0.05109,0.01827,0.33284,0.25206,0.0085,0.0,0.19831,0.15394,0.00824,0.13902,0.11637,0.19847,0.14884,0.00107,114195267,114253781,ZNG1B,0
47,chr2,123473601,123473601,0.0155,0.07408,0.18318,0.2037,0.09328,0.01437,0.02615,0.09302,0.1229,0.03525,5e-05,0.02689,0.0336,0.00124,0.02036,0.00022,0.0183,0.10611,0.02137,0.09957,0.03514,122660076,123645267,ENSG00000286481,0
48,chr2,125427001,125427001,0.25789,0.02328,0.01075,0.0,0.01376,0.0067,0.19432,0.1994,0.21382,0.1866,0.19996,0.00014,0.01778,0.00067,4e-05,0.00756,0.00016,1e-05,0.00993,0.00442,0.00024,124782863,125678796,CNTNAP5,0
49,chr2,132003001,132003001,0.28578,0.31341,0.29336,0.27395,0.31224,0.30628,0.0,0.01449,0.02037,0.0094,0.0136,0.01653,0.0225,0.01065,0.01582,0.00374,0.00232,0.00026,0.00028,0.00466,0.00376,131862925,132111282,PLEKHB2,0
50,chr2,153459901,153459901,0.01402,0.01596,0.06911,0.35225,0.0221,0.01205,0.0,0.08213,0.36464,0.0457,0.02771,0.0928,0.38849,0.05152,0.03216,0.12796,0.01601,0.02975,0.22486,0.25929,0.00148,153191687,153506340,FMNL2,0
51,chr2,159957001,159957001,0.17385,0.02247,0.03548,0.21956,0.12921,0.22903,0.0899,0.07617,0.0051,0.00581,0.00512,0.00073,0.12755,0.04656,0.11077,0.11405,0.04189,0.12239,0.01992,0.00017,0.02337,159825151,160089170,TANC1,0
52,chr2,160028301,160028301,0.18598,0.05279,0.01767,0.00041,0.00558,0.29955,0.08384,0.11698,0.22297,0.13699,0.0,0.01231,0.04795,0.02446,0.12952,0.01134,0.00288,0.20076,0.00269,0.31108,0.22292,159825151,160089170,TANC1,0
53,chr2,164601201,164601201,0.01562,0.01779,0.03162,0.35432,0.00179,0.02981,0.0,0.05488,0.39102,0.02691,0.04933,0.06225,0.41546,0.03042,0.05705,0.18639,0.01999,0.00015,0.3227,0.20344,0.01797,164600422,164770131,ENSG00000237844,0
54,chr2,167152301,167152301,0.16383,0.18268,0.23101,0.17181,0.21641,0.26832,0.0,0.0,0.0,0.0,0.0,0.0,0.0,0.0,0.0,0.0,0.0,0.0,0.0,0.0,0.0,166813910,167209440,SCN1A-AS1,0
55,chr2,180061201,180061201,0.32335,0.06574,0.23878,0.21633,0.00273,0.00625,0.15899,0.07296,0.0873,0.26622,0.19417,0.05025,0.05774,0.04018,0.02745,0.00125,0.18099,0.1482,0.16642,0.12056,0.00065,179966404,180129559,SESTD1,0
56,chr2,215726401,215726401,0.30497,0.03657,0.10427,0.06986,0.16264,0.14438,0.14394,0.08009,0.10365,0.02834,0.02113,0.01362,0.00488,0.04528,0.03863,0.00206,0.01314,0.01329,0.02167,0.01829,2e-05,215674932,215828299,SNHG31,0
76,chr3,8325601,8325601,0.01937,0.0129,0.05663,0.38798,0.01311,0.07091,0.00181,0.00818,0.23601,0.00106,0.01336,0.0191,0.30777,6e-05,0.02657,0.16062,0.01808,0.00128,0.28677,0.12945,0.0278,7992949,8543358,LMCD1-AS1,0
77,chr3,15844801,15844801,0.11798,0.09967,0.301,0.18245,0.07454,0.00664,0.00069,0.04776,0.00831,0.00944,0.06549,0.06189,0.01362,0.00487,0.0556,0.01748,0.11433,0.25121,0.03715,0.11956,0.03609,15708742,15901278,ANKRD28,0
78,chr3,16230901,16230901,0.00803,0.00272,0.0157,0.20548,0.00784,0.00954,0.01962,0.00066,0.12248,6e-05,1e-05,0.0273,0.24945,0.01819,0.01722,0.10803,0.00136,0.00056,0.13609,0.10822,0.00016,16216186,16271672,GALNT15,0
79,chr3,22236301,22236301,0.03706,0.02841,0.02346,0.08678,0.00076,0.04688,0.00206,0.00797,0.22653,0.0596,0.00017,0.00197,0.20617,0.04576,0.00063,0.20629,0.03869,0.00573,0.08138,0.24934,0.06856,21459910,22414684,ZNF385D,0
80,chr3,46736701,46736701,0.27993,0.2611,0.30926,0.2953,0.26297,0.18604,0.03556,0.0167,0.00042,0.08458,0.10027,0.00245,0.03792,0.02222,0.05078,0.01481,0.02864,0.07459,0.09766,0.10589,0.027,46736017,46752343,TMIE,0
81,chr3,56607701,56607701,0.14476,0.08704,0.17972,0.0,0.01376,0.0,0.00636,0.01169,0.11697,0.07329,0.16324,0.03353,0.06751,0.03578,0.10097,0.13319,0.12324,0.21563,0.00993,0.0,0.01686,56591202,56655865,CCDC66,0
82,chr3,114642501,114642501,0.21067,0.23342,0.2904,0.04323,0.15839,0.22996,0.0,0.0,0.39648,0.06154,0.01499,0.0,0.42103,0.06923,0.01743,0.47442,0.08958,0.02477,0.32761,0.38586,0.01027,114033346,114866135,ZBTB20,0
83,chr3,131707801,131707801,0.43992,0.27069,0.33479,0.23153,0.21055,0.14726,0.02674,0.01772,0.06603,0.04232,0.05287,0.0014,0.00657,0.00279,0.0096,0.01518,0.00916,0.0224,0.00053,0.0008,0.00273,131252405,131756654,CPNE4,0
84,chr3,131988501,131988501,0.37366,0.10435,0.05321,0.00823,0.04838,0.12614,0.08554,0.19823,0.2524,0.17301,0.04694,0.01772,0.04592,0.01418,0.00211,0.0122,5e-05,0.03439,0.01195,0.0551,0.02803,131252408,132004254,CPNE4,0
85,chr3,149268201,149268201,0.10712,0.02111,0.00515,0.00031,0.00459,2e-05,0.21222,0.12276,0.1678,0.0703,0.08282,0.005,0.01696,0.04177,0.01802,0.00263,0.01758,0.00461,0.00707,0.00015,0.00493,149235021,149421060,WWTR1,0
86,chr3,156073601,156073601,0.25,0.18708,0.34473,0.04008,0.17657,0.12537,0.02404,0.00212,0.16935,0.02463,0.05076,0.0424,0.0822,0.00093,0.01582,0.22435,0.04535,0.09248,0.05912,0.01906,0.01051,155838366,156256394,KCNAB1,0
87,chr3,189363401,189363401,0.05247,0.03818,0.19065,0.03685,0.00552,0.00236,0.16534,0.27317,0.00587,0.07986,0.02324,0.06812,0.14171,0.01444,0.05046,0.26272,0.13847,0.22645,0.06293,0.01471,0.01381,189349177,189615065,TP63,0
88,chr3,191064201,191064201,0.00373,0.00182,0.18182,0.13304,0.00264,0.00046,0.00031,0.27879,0.22967,0.01253,0.00567,0.21461,0.16948,0.00835,0.00356,0.0,0.1534,0.13782,0.11312,0.09282,0.00083,191046873,191109964,CCDC50,0
89,chr3,194384601,194384601,0.01091,0.169,0.20709,0.1595,0.04456,0.03113,0.11639,0.12777,0.11042,0.00883,0.00337,0.00086,0.00023,0.06661,0.0502,0.00017,0.08433,0.07377,0.06408,0.04844,0.00058,194361519,194392920,LSG1,0
90,chr3,195608801,195608801,0.30598,0.25263,0.4684,0.26308,0.11271,0.01466,0.00325,0.04853,0.00328,0.05568,0.22718,0.0794,0.0,0.03396,0.18702,0.07722,0.20917,0.44485,0.03372,0.18758,0.0675,195590234,195636673,TNK2,0
91,chr3,196934401,196934401,0.24491,0.05663,0.07311,0.00287,0.26436,0.14388,0.09484,0.0462,0.1887,0.01345,0.00285,0.00613,0.03194,0.13334,0.06221,0.04321,0.10318,0.0541,0.19499,0.09321,0.00182,196769430,197025483,DLG1,0
105,chr4,6652901,6652901,0.07637,0.01091,0.08649,0.12735,0.02158,0.02773,0.0267,0.00108,0.00805,0.01703,0.17352,0.03316,0.0601,0.00126,0.06273,0.00264,0.02643,0.1824,0.04755,0.236,0.08936,6650421,6675623,LINC02482,0
106,chr4,7842301,7842301,0.13496,0.01677,0.00674,0.00056,0.01282,0.00415,0.13099,0.17062,0.30332,0.12025,0.14206,0.00538,0.03977,0.00063,0.00746,0.01661,0.00213,0.00049,0.02632,0.00933,0.00417,7760440,7941588,AFAP1,0
107,chr4,21359701,21359701,0.15677,0.17499,0.02721,0.16447,0.11096,0.23445,0.0,0.08012,0.0,0.02918,0.00648,0.09055,0.0,0.03297,0.00755,0.0845,0.03405,0.11891,0.03077,0.00692,0.03027,20730228,21950395,KCNIP4,0
108,chr4,26951001,26951001,0.14907,0.16657,0.21174,0.15647,0.04537,0.06898,0.0,0.0,0.0,0.07481,0.03831,0.0,0.0,0.08402,0.04438,0.0,0.10821,0.06235,0.07869,0.04082,0.00224,26862415,27025809,STIM2,0
109,chr4,31003501,31003501,0.0,0.09729,0.16008,0.33578,0.06576,0.00942,0.07243,0.112,0.27201,0.0457,0.00582,0.01611,0.09487,0.00508,0.06486,0.03332,0.042,0.14739,0.14823,0.30193,0.03817,30721990,31148427,PCDH7,0
110,chr4,69357201,69357201,0.03116,0.26908,0.22921,0.10217,0.15527,0.00447,0.17688,0.10838,0.03078,0.05462,0.00889,0.00397,0.05874,0.0442,0.17932,0.02827,0.01936,0.1668,0.0024,0.0537,0.09458,69313180,69363322,TMPRSS11E,0
111,chr4,91926401,91926401,0.06868,0.35122,0.30673,0.22927,0.2309,0.29086,0.11837,0.11738,0.05605,0.06199,0.10158,0.00444,0.0097,0.00498,0.0018,0.02185,0.0177,0.00066,0.00064,0.0157,0.01268,91048544,92526446,CCSER1,0
112,chr4,93832601,93832601,0.54804,0.28976,0.26369,0.50293,0.21014,0.09287,0.1549,0.06714,0.0074,0.14274,0.22211,0.01102,0.10488,0.00015,0.02355,0.0361,0.0136,0.06641,0.09794,0.1758,0.02073,93225116,94695717,GRID2,0
113,chr4,106938801,106938801,0.13059,0.0133,0.07429,0.19418,3e-05,0.06956,0.06425,0.00623,0.01064,0.15229,0.38042,0.02425,0.11446,0.01496,0.1474,0.03006,0.0779,0.2465,0.21819,0.43775,0.10486,106924473,106943635,ENSG00000249635,0
114,chr4,108122501,108122501,0.08148,0.10236,0.04027,0.00047,0.0547,0.02033,0.31303,0.21131,0.10756,0.25263,0.15085,0.02397,0.09488,0.01653,0.0402,0.02956,0.00121,0.00393,0.04428,0.01177,0.00919,107844899,108204846,DKK2,0
115,chr4,133171601,133171601,0.00363,0.00101,0.05002,0.06658,0.01021,0.03444,0.01015,0.07284,0.04725,0.02564,0.04676,0.03819,0.10623,0.00514,0.02176,0.2083,0.01634,0.0011,0.13154,0.15027,0.00798,132899639,133266776,ENSG00000251598,0
116,chr4,135426901,135426901,0.11683,0.13082,0.24956,0.21213,0.02018,0.04617,2e-05,0.03534,0.05479,0.05258,0.02381,0.03527,0.05152,0.05944,0.02823,0.00152,0.15262,0.10116,0.13583,0.08119,0.00469,135304621,135466803,LINC02462,0
117,chr4,172913501,172913501,0.00078,0.09734,0.06959,0.26474,0.01645,0.00774,0.10278,0.05349,0.32333,0.01032,0.00305,0.00131,0.0792,0.03164,0.04244,0.06988,0.01827,0.03189,0.15664,0.15989,0.00161,172734554,173962710,GALNTL6,0
118,chr4,173423801,173423801,0.21632,0.13255,0.29738,0.22616,0.24244,0.13874,0.06406,0.0,0.0,0.01912,0.03812,0.08764,0.06693,0.03464,0.00086,0.0,0.02842,0.06204,0.02018,0.04062,0.03101,172734554,173962710,GALNTL6,0
119,chr4,186440201,186440201,0.31296,0.54446,0.47694,0.52436,0.40312,0.45248,0.14031,0.01766,0.13103,0.00366,0.01179,0.07978,0.00014,0.09319,0.04093,0.07159,0.00512,0.0,0.08489,0.03615,0.00389,186421813,186456661,PDLIM3,0
120,chr4,189389901,189389901,0.0,0.13834,0.21499,0.19527,0.02501,0.02279,0.1042,0.15343,0.15207,0.01715,0.01416,0.03224,0.007,0.06722,0.03604,0.01072,0.15364,0.13824,0.11351,0.07031,0.00241,189376694,189407774,LINC01060,0
133,chr5,15719101,15719101,0.07849,0.05209,0.00456,0.00247,0.03104,0.00862,0.27273,0.12236,0.11031,0.01294,0.02594,0.03196,0.04592,0.14718,0.06372,0.00017,0.06003,0.02356,0.04562,0.0145,0.00498,15500288,15939902,FBXL7,0
134,chr5,42608401,42608401,0.29698,0.36082,0.20001,0.31527,0.13357,0.11039,0.0101,0.04423,0.0004,0.08969,0.07653,0.08194,0.00649,0.13914,0.11716,0.05208,0.01001,0.01741,0.10085,0.08649,0.00132,42423540,42721980,GHR,0
135,chr5,79824801,79824801,0.00769,0.00877,0.01175,0.23243,0.00345,0.0143,0.0,0.0,0.2028,0.0094,0.0,0.0,0.21973,0.01065,0.0,0.25901,0.01404,0.0,0.18515,0.28587,0.01686,79783918,79838382,FAM151B,0
136,chr5,87377801,87377801,0.2037,0.18312,0.19857,0.21313,0.00013,0.004,0.03467,0.01449,0.0,0.23614,0.13542,0.0003,0.03628,0.21132,0.12075,0.01535,0.22128,0.14312,0.24615,0.14336,0.00555,87159519,87440272,ENSG00000287862,0
137,chr5,90498501,90498501,0.0597,0.07051,0.05583,0.1205,0.10016,0.05145,0.00023,0.00074,0.34445,0.00503,0.00065,0.00165,0.36513,0.00344,0.00141,0.30433,0.00855,1e-05,0.39485,0.26333,0.00731,90447054,90610219,LUCAT1,0
138,chr5,106217901,106217901,0.13032,0.08616,0.10172,0.24505,0.00043,0.06061,0.00961,0.00351,0.01989,0.12282,0.01271,0.00105,0.06208,0.07797,0.00113,0.03744,0.09035,0.00466,0.23861,0.05554,0.05059,106150906,106346733,LINC01950,0
139,chr5,106319501,106319501,0.11302,0.14687,0.10558,0.30278,0.06306,0.00439,0.00205,0.00012,0.10021,0.01052,0.05892,0.00248,0.07265,0.02148,0.08365,0.06089,0.00773,0.06617,0.12632,0.19176,0.03107,106150906,106346733,LINC01950,0
140,chr5,127407001,127407001,0.00618,0.0,0.11486,0.18371,0.13198,0.18047,0.00807,0.15657,0.29011,0.17689,0.1914,0.11376,0.21585,0.13301,0.16059,0.01284,0.00188,0.01567,0.0046,0.00015,0.00614,127274843,127418792,SLC12A2-DT,0
141,chr5,151510201,151510201,0.22274,0.09066,0.00131,0.13474,0.14038,0.12006,0.03636,0.22554,0.01621,0.00244,0.00098,0.08719,0.00443,0.015,0.01448,0.13356,0.13739,0.11674,0.00407,0.0046,0.00017,151329131,151650009,LINC01933,0
142,chr5,159336701,159336701,0.23746,0.21031,0.13275,0.05164,0.04444,0.01509,0.00173,0.01987,0.07965,0.09353,0.10913,0.01096,0.05951,0.07429,0.09564,0.01883,0.02936,0.05508,0.00055,0.00686,0.00482,159125592,159364773,LINC01847,0
143,chr5,162854901,162854901,0.44078,0.23656,0.43572,0.51345,0.15185,0.0721,0.05428,0.00843,0.00929,0.10274,0.15262,0.09449,0.10454,0.00924,0.03492,1e-05,0.16193,0.24514,0.16626,0.22466,0.01017,161982604,162864299,ENSG00000254186,0
144,chr5,170129701,170129701,0.56242,0.55944,0.44008,0.32426,0.24169,0.00405,0.00219,0.02441,0.06858,0.16322,0.39287,0.01582,0.05434,0.1502,0.40183,0.01051,0.07106,0.34872,0.02162,0.21551,0.16078,169780490,170162939,KCNIP1,0
163,chr6,24306301,24306301,0.11442,0.27698,0.39811,0.41697,0.15074,0.09566,0.09098,0.18228,0.17637,0.01485,0.00614,0.02615,0.00965,0.04012,0.04707,0.00484,0.13496,0.15919,0.09546,0.09815,0.00095,24171982,24358287,DCDC2,0
164,chr6,30026501,30026501,0.0,0.0,0.0,0.24444,0.0,0.0,0.0,0.0,0.19298,0.0,0.0,0.0,0.2093,0.0,0.0,0.24731,0.0,0.0,0.23636,0.27341,0.0,29968787,30028921,POLR1HASP,0
165,chr6,31871101,31871101,0.46477,0.25715,0.32217,0.42792,0.30091,0.3036,0.07387,0.0287,2e-05,0.03357,0.02985,0.00834,0.06342,0.00558,0.0055,0.02549,0.00025,0.00023,0.02971,0.02754,0.0,31865561,31913449,C2,0
166,chr6,53924801,53924801,0.03338,0.17747,0.2225,0.15539,0.36273,0.39418,0.05914,0.07875,0.04679,0.1877,0.19397,0.00281,0.00113,0.04352,0.05634,0.00721,0.02366,0.03924,0.05926,0.0708,0.00183,53883713,54131078,MLIP,0
167,chr6,57382101,57382101,0.0087,0.1076,0.01581,0.00041,0.03194,0.02213,0.2131,0.00071,0.00588,0.07621,0.05044,0.17434,0.15422,0.04006,0.03468,0.00974,0.08708,0.07449,0.04087,0.02449,0.00094,57182427,57513376,PRIM2,0
168,chr6,64651501,64651501,0.42467,0.28747,0.20454,0.00814,0.12562,0.23615,0.01451,0.02842,0.38938,0.09716,0.01011,0.00311,0.25323,0.03875,7e-05,0.16553,0.01964,0.00464,0.10688,0.18007,0.0415,64429875,66417119,EYS,0
169,chr6,65707101,65707101,0.25789,0.2334,0.18667,0.3278,0.11271,0.12005,0.00965,0.00155,0.00742,0.02765,0.00725,0.0027,0.03604,0.00705,3e-05,0.01553,0.01688,0.00316,0.06363,0.02755,0.00495,64429875,66417119,EYS,0
170,chr6,66361101,66361101,0.00177,0.05716,0.17069,0.03999,0.00358,1e-05,0.0839,0.1646,0.06708,0.01002,0.00152,0.0397,0.0015,0.03107,0.06397,0.05153,0.12813,0.20077,0.01893,0.04425,0.00455,64429875,66417119,EYS,0
171,chr6,96385001,96385001,0.10196,0.0196,0.00011,0.07618,0.00189,0.01277,0.03987,0.10326,0.32371,0.13408,0.16158,0.0215,0.19048,0.03535,0.05849,0.06504,0.00102,0.01019,0.0692,0.02557,0.005,96365018,96463267,ENSG00000287578,0
172,chr6,98413701,98413701,0.01563,0.0645,0.02879,0.26561,0.00281,0.004,0.08148,0.0407,0.25351,0.0094,0.00064,0.00622,0.08926,0.07894,0.07738,0.14045,0.03852,0.04438,0.27857,0.28425,0.00061,97753428,98846659,ENSG00000271860,0
173,chr6,98593601,98593601,0.04596,2e-05,0.00073,0.08315,0.04792,0.05843,0.0824,0.03604,0.22739,0.0094,0.00648,0.00055,0.09467,0.07466,0.07993,0.097,0.03626,0.04442,0.25008,0.27687,3e-05,97753428,98846659,ENSG00000271860,0
174,chr6,126173601,126173601,0.24344,0.19432,0.05877,0.03216,0.21822,0.0421,0.0197,0.12006,0.15932,0.02016,0.09309,0.06934,0.09223,4e-05,0.06162,0.00189,0.07719,0.00091,0.09603,0.00016,0.07317,126102306,126252257,NCOA7,0
175,chr6,134589401,134589401,0.19778,0.21406,0.22247,0.32546,0.06284,0.03935,0.00378,0.00909,0.0537,0.02416,0.02376,0.00158,0.02846,0.04227,0.0426,0.01544,0.05861,0.06728,0.12057,0.11214,0.00055,134490393,134639250,SGK1,0
176,chr6,136845301,136845301,0.1645,0.06237,0.1776,0.09984,0.26414,0.27889,0.05549,0.00405,0.02304,0.01235,0.00229,0.03516,0.00877,0.12501,0.09795,0.00812,0.03004,0.01674,0.07316,0.04598,0.00319,136663418,136871957,MAP7,0
177,chr6,139601801,139601801,0.12857,0.03283,0.02349,0.13511,0.02394,0.00394,0.04897,0.07584,0.0,0.2169,0.06104,0.00268,0.0512,0.09759,0.01111,0.08001,0.09169,0.00586,0.22635,0.06494,0.04225,139561197,139613135,TXLNB,0
178,chr6,152389401,152389401,0.32432,0.22066,0.04846,0.00683,0.23702,0.21267,0.04903,0.14602,0.43353,0.02901,0.02849,0.067,0.30224,0.00037,0.00022,0.07722,0.07817,0.06439,0.29339,0.23522,0.00108,152011630,152424409,ESR1,0
179,chr6,161024901,161024901,0.29074,0.15338,0.17838,0.32511,0.04381,0.01157,0.02822,0.02346,0.00699,0.19554,0.15561,9e-05,0.0504,0.06232,0.07363,0.04521,0.07279,0.09772,0.23185,0.19167,0.00663,160952513,161085307,LPA,0
180,chr6,165707001,165707001,0.12563,0.26014,0.20124,0.06109,0.21636,0.11405,0.03441,0.01979,0.01134,0.02364,0.00124,0.001,0.08057,0.00047,0.01843,0.05399,0.00011,0.01277,0.06108,0.0155,0.01463,165693152,165723094,C6orf118,0
194,chr7,223801,223801,0.14109,0.0,0.05467,0.0889,0.01082,0.01274,0.14791,0.35111,0.41855,0.22264,0.21065,0.0573,0.11322,0.0106,0.01094,0.02156,0.01748,0.01391,0.05305,0.03582,5e-05,192968,300711,FAM20C,0
195,chr7,13278101,13278101,0.19984,0.22174,0.2769,0.18797,0.20292,0.2405,0.0,0.0,0.02037,0.01715,0.00908,0.0,0.0225,0.01941,0.01057,0.02778,0.02552,0.01506,0.00321,0.00135,0.00013,12765776,13744165,ENSG00000229618,0
196,chr7,31559801,31559801,0.01149,0.0592,0.25456,0.55195,0.13391,0.11307,0.01727,0.14426,0.43689,0.06017,0.04602,0.08282,0.31272,0.01707,0.01516,0.06919,0.03078,0.02659,0.18871,0.14182,7e-05,31553703,31696118,ITPRID1,0
197,chr7,48653101,48653101,0.32161,0.02328,0.0,0.0,0.0,0.02916,0.20373,0.3248,0.27061,0.31255,0.16933,0.02366,0.01778,0.02222,0.00268,0.0,0.0,0.02995,0.0,0.01938,0.02706,48211054,48687093,ABCA13,0
198,chr7,65143401,65143401,0.30759,0.19076,0.12847,0.28982,0.24214,0.29282,0.02914,0.04621,0.00111,0.01249,0.00055,0.00561,0.01955,0.00301,0.01592,0.03719,0.01691,0.04298,0.00676,1e-05,0.00679,65111923,65235797,LINC03006,0
199,chr7,65585201,65585201,0.03077,0.23656,0.09417,0.05556,0.10716,0.06076,0.15183,0.04021,0.00587,0.05306,0.02242,0.05542,0.13281,0.02887,0.06528,0.02625,0.00345,0.00105,0.03959,0.01346,0.0077,65552747,65617264,ENSG00000249319,0
200,chr7,74221201,74221201,0.23059,0.15953,0.26166,0.14379,0.12603,0.17003,0.05154,0.02361,0.05866,0.06515,0.03495,0.0162,0.0003,0.00747,0.00115,0.02084,0.0429,0.02079,0.00481,0.00035,0.00248,74210482,74267847,GTF2IRD2,0
201,chr7,91030501,91030501,0.43732,0.2952,0.14493,0.02736,0.01376,0.01048,0.0163,0.07605,0.24593,0.30621,0.28648,0.02473,0.14171,0.19221,0.18622,0.04925,0.08132,0.08666,0.00197,0.00127,3e-05,91010092,91186163,ENSG00000235450,0
202,chr7,99460701,99460701,0.14264,0.30166,0.36732,0.28618,0.348,0.35713,0.07375,0.08905,0.07011,0.08458,0.04397,0.0,0.0,0.0,0.00678,0.0,0.0,0.00968,0.0,0.00622,0.00873,99425635,99463716,CYP3A43,0
203,chr7,110581901,110581901,0.21477,0.04724,0.0,0.0,0.0,0.0,0.03737,0.21724,0.17631,0.20779,0.23969,0.04799,0.03628,0.04514,0.05518,0.0,0.0,0.0,0.0,0.0,0.0,110302699,111202548,IMMP2L,0
204,chr7,112425501,112425501,0.01376,0.11218,0.00011,0.05541,0.0316,0.00072,0.18203,0.01766,0.11391,0.00285,0.01597,0.11314,0.00843,0.24731,0.09138,0.05484,0.03917,0.00031,0.16216,0.04118,0.03574,112262444,112463694,LINC03076,0
205,chr7,126035201,126035201,0.0002,0.0686,0.08714,0.05062,0.00136,0.00159,0.05954,0.0664,0.07195,0.00043,0.00047,0.00062,0.22669,0.0548,0.04677,0.21649,0.06958,0.06832,0.07405,0.05402,1e-05,126019023,126064239,ENSG00000241921,0
206,chr7,143219101,143219101,0.20742,0.14858,0.10385,3e-05,0.0756,0.08342,0.06536,0.05977,0.24073,0.09839,0.1185,0.00504,0.19545,0.02569,0.03669,0.10212,0.00457,0.00963,0.07907,0.07831,0.00055,143104905,143220542,EPHA1-AS1,0
207,chr7,153919401,153919401,0.10712,0.07438,0.01553,0.05609,0.10813,0.10331,0.01698,0.05094,0.29193,0.01912,0.00908,0.02546,0.24007,0.00144,5e-05,0.11917,0.04274,0.03655,0.29972,0.27403,0.00071,153445217,154684996,DPP6,0
208,chr7,158477701,158477701,0.21826,0.07074,0.10666,0.00502,0.08855,0.09793,0.1042,0.06528,0.38938,0.0703,0.04621,0.00217,0.13492,0.00063,0.00101,0.16822,0.00044,0.00012,0.14586,0.13482,8e-05,158423860,158497495,NCAPG2,0
224,chr8,967401,967401,0.00016,0.00036,0.1089,0.0347,0.02491,0.00049,3e-05,0.08445,0.03016,0.02843,6e-05,0.09085,0.03044,0.03338,1e-05,0.01842,0.21649,0.09306,0.11941,0.02263,0.02765,687627,1656642,DLGAP2,0
225,chr8,3995301,3995301,0.00017,0.21613,0.21751,0.00011,0.3183,0.31294,0.24954,0.21007,0.00063,0.3365,0.2896,1e-05,0.21644,0.01454,0.00707,0.18982,0.01238,0.00688,0.30383,0.26737,0.0013,2792882,4852436,CSMD1,0
226,chr8,6094101,6094101,0.15662,0.0124,0.00024,0.01533,0.04431,0.0,0.2873,0.17846,0.10167,0.37977,0.13235,0.00999,0.05818,0.00867,0.01086,0.02026,0.04066,0.00018,0.11358,0.01411,0.04143,5901874,6115058,ENSG00000253880,0
227,chr8,9496901,9496901,0.11086,0.04464,0.00788,0.00701,0.02423,0.0518,0.30902,0.17507,0.0844,0.24311,0.26772,0.01779,0.11499,0.00541,4e-05,0.03135,0.00476,0.02072,0.06675,0.09343,0.00591,9413421,9639856,TNKS,0
228,chr8,11245401,11245401,0.42768,0.17424,0.52949,0.46978,0.18521,0.04558,0.09131,0.00103,0.00382,0.0828,0.17716,0.12868,0.11919,0.0,0.0395,0.00098,0.12595,0.27059,0.10861,0.20852,0.04679,11225910,11296166,FAM167A-AS1,0
229,chr8,22907701,22907701,0.02018,0.02295,0.03061,0.13439,0.02821,0.04135,0.0,0.0,0.2275,0.0,0.00321,0.0,0.24585,0.0,0.00374,0.28807,0.0,0.00534,0.27598,0.29719,0.00481,22877645,22926544,TNFRSF10B,0
230,chr8,36364301,36364301,0.19162,0.21286,0.26657,0.17811,0.20506,0.2683,0.0,0.0,0.02037,0.0094,0.00321,0.0,0.0225,0.01065,0.00374,0.02778,0.01404,0.00534,0.00028,0.00075,0.00185,36235586,36636682,ENSG00000253363,0
231,chr8,39217601,39217601,0.209,0.04199,0.00015,0.00163,0.08141,0.16912,0.07553,0.2317,0.24609,0.03199,3e-05,0.05018,0.05829,0.00717,0.05035,0.00094,0.09262,0.18355,0.0899,0.14793,0.02686,39172122,39274897,ENSG00000293376,0
232,chr8,72214401,72214401,0.0,0.20694,0.19373,0.38964,0.32687,0.14172,0.15899,0.13719,0.32058,0.24833,0.09229,0.00266,0.07,0.06078,0.00047,0.04272,0.0428,0.00079,0.0,0.04736,0.05253,72109667,72274304,EYA1,0
233,chr8,120761401,120761401,0.36242,0.08704,0.02174,0.0,0.01376,0.0052,0.14235,0.242,0.30789,0.32623,0.33255,0.01872,0.06751,0.06011,0.056,0.01535,0.00911,0.00856,0.00993,0.00342,2e-05,120743013,120845081,TAF2,0
234,chr8,123111701,123111701,0.00083,0.01643,0.01717,0.00151,0.05093,0.10558,0.02953,0.0259,7e-05,0.07474,0.14585,2e-05,0.04168,0.01583,0.07407,0.03505,0.01339,0.05191,0.10325,0.20879,0.01686,122966878,123139423,ENSG00000254303,0
235,chr8,129730001,129730001,0.11578,0.06985,0.12829,0.0268,0.01875,0.00018,0.01015,6e-05,0.27892,0.05552,0.12602,0.00838,0.19662,0.02089,0.08023,0.24773,0.05746,0.15338,0.09372,0.02362,0.02501,129646444,129978247,CCDC26,0
236,chr8,131832601,131832601,0.32968,0.20455,0.27327,0.1603,0.38812,0.17484,0.00721,0.00041,0.04209,0.02715,0.00138,0.00431,0.01143,0.05674,0.00127,0.03103,0.03881,0.00058,0.11277,0.01571,0.04052,131792546,132053155,ADCY8,0
237,chr8,143353701,143353701,0.1913,0.08704,0.03986,0.23612,0.0,0.0,0.03726,0.07599,0.00508,0.18491,0.21425,0.00795,0.06791,0.08333,0.10097,0.11797,0.0375,0.04951,0.22823,0.26444,0.0,143293440,143484543,TSNARE1,0
238,chr8,146281801,146281801,0.01974,0.01468,0.01182,0.32953,0.02403,0.01838,0.00021,0.0,0.19724,0.00035,0.00015,0.00013,0.15438,0.0,1e-05,0.17137,0.00021,0.0001,0.1966,0.19025,3e-05,146277852,146292071,C8orf33,0
248,chr9,17290001,17290001,0.4943,0.55462,0.641,0.49353,0.5373,0.3435,0.01249,0.04418,0.00012,0.00111,0.04322,0.00956,0.00565,0.01442,0.06988,0.0199,0.03715,0.11252,0.00159,0.04568,0.04886,17135037,17503921,CNTLN,0
249,chr9,23206601,23206601,0.17794,0.30407,0.22308,0.00792,0.33226,0.13491,0.00712,0.0025,0.12566,0.02276,0.0018,0.00041,0.24277,0.0084,0.01394,0.14266,0.00964,0.01031,0.24739,0.06847,0.03772,22703514,23438698,ENSG00000284418,0
250,chr9,43864101,43864101,0.30046,0.00591,4e-05,0.02222,0.06497,0.1074,0.23565,0.36102,0.42864,0.08169,0.0443,0.00662,0.04827,0.02977,0.05415,0.03277,0.07384,0.11901,0.12077,0.14979,0.0049,43684901,43924049,CNTNAP3B,0
251,chr9,112773601,112773601,0.30725,0.50001,0.4214,0.28642,0.13928,0.07053,0.0593,0.0259,0.0,0.02006,0.04948,0.00599,0.05473,0.1266,0.18076,0.02459,0.09148,0.15984,0.0201,0.05043,0.00946,112542477,112934792,PALM2AKAP2,0
252,chr9,116641901,116641901,0.00219,0.11411,0.07377,0.26262,0.10233,0.00022,0.14619,0.07625,0.36599,0.09932,0.00089,0.01493,0.05707,0.00028,0.03094,0.1324,0.01,0.02251,0.05686,0.07274,0.03454,116638561,116818871,ZNF618,0
253,chr9,130098601,130098601,0.88525,0.45552,0.18065,0.05556,0.22673,0.13627,0.16364,0.38583,0.66617,0.29031,0.2823,0.08549,0.24403,0.04029,0.06137,0.05067,0.00765,0.00024,0.08431,0.04026,0.00442,130025940,130155826,GARNL3,0
254,chr9,131183401,131183401,0.08988,0.07894,0.00025,0.00037,0.11241,0.33761,0.00243,0.08747,0.08423,0.0,0.06785,0.07787,0.07081,0.00267,0.11757,0.00107,0.11122,0.32242,0.09506,0.30464,0.08488,131174044,131199630,CERCAM,0
255,chr9,134074401,134074401,0.24892,0.00807,0.00186,0.06963,0.01037,0.02543,0.17743,0.20832,0.07315,0.26214,0.33333,0.00206,0.0305,0.02831,0.05123,0.04679,0.01793,0.03793,0.09668,0.14224,0.00107,134000972,134110050,NUP214,0
256,chr9,136453701,136453701,0.26558,0.2109,0.25679,0.01753,0.19511,0.0639,0.00612,2e-05,0.1519,0.00822,0.05748,0.00577,0.1034,0.00031,0.03493,0.13056,0.00897,0.07348,0.08675,0.0117,0.03321,136442202,136474511,FAM163B,0
257,chr9,140245301,140245301,0.24272,0.2092,0.4372,0.24604,0.35019,0.18928,0.00332,0.04051,8e-05,0.01115,0.00698,0.06365,0.00252,0.02572,0.0014,0.04577,0.00789,0.07203,0.01352,0.00626,0.03516,140201347,140317614,EXD3,0
263,chr10,4283201,4283201,0.22086,0.27483,0.23996,0.13213,0.31243,0.23498,0.01048,0.00138,0.036,0.00919,0.00547,0.01159,0.07094,3e-05,0.01999,0.01794,0.01275,0.00186,0.07468,0.00839,0.02362,4243332,4286104,LINC00702,0
264,chr10,7064801,7064801,0.04455,0.02427,0.01051,0.0012,0.13469,0.22868,0.12172,0.08036,0.05641,0.23416,0.25911,0.00344,0.03577,0.04318,0.1079,0.01681,0.0779,0.17248,0.13846,0.1942,0.03014,7050414,7160394,ENSG00000287277,0
265,chr10,24375401,24375401,0.02197,0.04628,0.00467,0.00018,0.18029,0.3048,0.1042,0.02207,0.06395,0.21872,0.284,0.08479,0.04325,0.04576,0.13239,0.01028,0.23856,0.35564,0.15479,0.23869,0.04021,23983674,24836772,KIAA1217,0
266,chr10,26996901,26996901,0.16119,0.00159,0.00172,0.09209,0.00314,0.06626,0.14439,0.12791,0.44936,0.12113,0.03108,0.0,0.11958,0.00021,0.03935,0.10908,0.00023,0.04613,0.11896,0.24283,0.03754,26986629,27035727,PDSS1,0
267,chr10,46283601,46283601,0.08371,0.00299,0.01468,0.07742,0.0523,0.02724,0.16189,0.19356,0.42601,0.32267,0.19856,0.0046,0.07898,0.0379,0.0116,0.03941,0.0154,0.0023,0.00881,0.01943,0.00513,46222647,46288409,WASHC2C,0
268,chr10,51595401,51595401,0.07025,0.03504,0.00119,0.0009,0.113,0.02215,0.17286,0.0865,0.08523,0.2535,0.10331,0.02498,0.04741,0.02068,0.00123,0.00407,0.09675,0.01446,0.12019,0.02433,0.03406,51592079,51623350,TIMM23,0
269,chr10,65508401,65508401,0.17572,0.17347,0.24635,0.18415,0.05237,0.03195,0.01698,0.0,0.0,0.07549,0.06957,0.02366,0.01778,0.06338,0.06468,0.0,0.10916,0.11097,0.0794,0.07398,0.00294,65424423,65750328,ENSG00000228566,0
270,chr10,66394301,66394301,0.35356,0.04769,0.03082,0.04088,0.00208,0.03213,0.27614,0.22468,0.23315,0.43389,0.46239,0.00154,0.0,0.07849,0.14356,0.00132,0.05062,0.12271,0.06656,0.12431,0.01914,65646692,66453203,ENSG00000228566,0
271,chr10,71023001,71023001,0.28571,0.18116,0.23289,0.00059,0.00477,0.02086,0.00706,0.00059,0.24677,0.22086,0.12046,0.00324,0.14365,0.1331,0.07268,0.17413,0.17931,0.1235,0.0016,0.01085,0.00671,70980087,71027308,HKDC1,0
272,chr10,84125601,84125601,0.1639,0.42276,0.12162,0.0147,0.2514,0.37174,0.11206,0.00652,0.10728,0.00692,0.04114,0.13147,0.40371,0.05592,0.00783,0.0526,0.02919,0.09333,0.16626,0.25579,0.019,83634949,84746934,NRG3,0
273,chr10,91949701,91949701,0.00769,0.00877,0.0051,0.46805,0.05037,0.00428,0.0,0.02989,0.45643,0.0644,0.01245,0.03403,0.48173,0.07242,0.01449,0.45652,0.03425,0.00014,0.28732,0.40909,0.02479,91613351,91985200,LINC01374,0
274,chr10,95524401,95524401,0.42358,0.43566,0.3544,0.05447,0.42171,0.37283,0.01698,0.04255,0.27976,0.01912,0.02664,0.03191,0.27444,0.00795,0.01991,0.15065,0.01174,0.00025,0.22684,0.14953,0.00729,95517607,95557915,LGI1,0
275,chr10,100686101,100686101,0.00023,0.03332,0.11037,0.15253,0.23395,0.06235,0.04701,0.12448,0.2136,0.30305,0.06081,0.03235,0.11408,0.20684,0.0042,0.01765,0.05636,0.01012,0.01731,0.03798,0.08551,100216833,100995609,HPSE2,0
276,chr10,114110401,114110401,0.04249,0.13039,0.27611,0.18373,0.18889,0.06477,0.02847,0.11027,0.06605,0.05344,0.00111,0.02378,0.00705,0.00332,0.01487,0.0043,0.01014,0.08124,0.00084,0.03667,0.03594,114067976,114111553,ENSG00000293449,0
277,chr10,122217801,122217801,0.25711,0.32386,0.31917,0.28247,0.1085,0.07617,0.0073,0.00257,0.00012,0.10145,0.07144,0.02345,0.00965,0.16213,0.10676,0.00494,0.11359,0.0942,0.12115,0.08154,0.00162,122216738,122351577,PLPP4,0
278,chr10,135380001,135380001,0.17696,0.1666,0.25093,0.14533,0.1845,0.11825,0.00371,0.00336,0.01719,0.00275,0.04736,0.01005,0.00235,1e-05,0.03177,0.02731,0.00871,0.08431,0.00168,0.01974,0.03431,135367404,135381795,SYCE1,0
286,chr11,4967301,4967301,0.27681,0.09434,0.11184,0.10248,0.06932,0.09958,0.10266,0.0462,0.07123,0.08843,0.04848,0.00316,0.0015,0.00074,0.00114,0.00042,0.00633,0.00042,0.00348,0.0,0.00353,4726013,5013659,MMP26,0
287,chr11,5840901,5840901,0.1375,0.15389,0.22075,0.14442,0.18349,0.16887,0.0,0.0401,0.0,0.0,0.01325,0.04559,0.0,0.0,0.01541,0.0424,0.05594,0.09169,0.0,0.01414,0.01979,5684792,5893588,TRIM5,0
288,chr11,7810901,7810901,0.30488,0.07368,0.00615,0.09506,0.10067,0.08938,0.11871,0.23013,0.12306,0.11441,0.07808,0.03874,0.0013,0.00052,8e-05,0.05396,0.05655,0.04978,0.00022,0.0006,0.00017,7726174,7904494,ENSG00000271758,0
289,chr11,26459101,26459101,0.0,0.0,0.0,0.2221,0.0,0.00942,0.0,0.0,0.17426,0.0,0.00582,0.0,0.18937,0.0,0.00678,0.22479,0.0,0.00968,0.21455,0.17846,0.00873,26210388,26684835,ANO3,0
290,chr11,28997201,28997201,0.02416,0.09058,0.00325,0.1039,4e-05,0.08587,0.22452,0.03988,0.03375,0.0237,0.16476,0.05454,0.38141,0.10001,0.00031,0.12694,0.00399,0.05271,0.10581,0.29906,0.08903,28923793,29085869,LINC02742,0
291,chr11,31389301,31389301,0.19231,0.04027,0.00204,0.02758,0.24262,0.23998,0.09521,0.23527,0.09083,0.00588,0.01596,0.07631,0.00023,0.13128,0.13075,0.05164,0.27825,0.26567,0.12446,0.12321,0.0049,30885149,31391286,DCDC1,0
292,chr11,45386401,45386401,0.06476,0.01946,0.06568,0.03744,0.13671,0.14632,0.0217,0.0002,0.22835,0.01217,0.01412,0.01581,0.14063,0.06672,0.06444,0.18432,0.01662,0.02277,0.29483,0.25121,0.00061,45377027,45389126,LINC02696,0
293,chr11,47052901,47052901,0.35714,0.63521,0.2545,0.53101,0.41471,0.30904,0.1488,0.00123,0.07939,0.02093,0.01362,0.15644,0.00955,0.05686,0.04204,0.0885,0.03348,0.02808,0.0186,0.01384,0.0,46958304,47185936,CSTPP1,0
294,chr11,60666201,60666201,0.09465,0.14049,0.31164,0.25676,0.03039,0.00061,0.00728,0.08444,0.06215,0.04763,0.0744,0.04338,0.0209,0.08883,0.12069,0.00673,0.26194,0.30119,0.23594,0.21851,0.02033,60658018,60674057,PRPF19,0
295,chr11,69982301,69982301,0.50884,0.12315,0.08826,0.00287,0.1685,0.04767,0.16307,0.16539,0.43265,0.10457,0.19603,0.00074,0.08192,0.00593,0.00775,0.05253,0.01124,0.00442,0.11285,0.02416,0.02923,69832012,70035636,ANO1,0
296,chr11,86304201,86304201,0.48011,0.00229,0.1263,0.11994,0.0128,0.00595,0.39384,0.13391,0.1554,0.36323,0.50174,0.07701,0.07708,0.00299,0.01245,5e-05,0.06309,0.17904,0.05755,0.1556,0.03374,86142631,86333909,ENSG00000254733,0
297,chr11,90555701,90555701,0.40764,0.4398,0.51343,0.42151,0.4924,0.51605,0.0,0.0,0.0,0.0,0.00321,0.0,0.0,0.0,0.00374,0.0,0.0,0.00534,0.0,0.00342,0.00481,89984371,90648216,DISC1FP1,0
298,chr11,96001701,96001701,0.13869,0.03501,0.00772,0.03504,0.00488,0.03591,0.04234,0.08689,0.28708,0.21045,0.26831,0.01055,0.13401,0.07177,0.12845,0.06752,0.02569,0.07667,0.02132,0.00038,0.01679,95709761,96076359,MAML2,0
299,chr11,105284101,105284101,0.13115,0.14691,0.14723,0.1378,0.13337,0.20068,0.0,0.00714,0.0,0.0094,0.00582,0.00815,0.0,0.01065,0.00678,0.00756,0.00016,0.00288,0.00993,0.00622,0.00467,105008447,105386729,CARD18,0
300,chr11,106774101,106774101,0.0286,0.12394,0.08103,0.13335,0.1983,0.13105,0.18333,0.11023,0.19787,0.21546,0.13542,0.0023,0.0003,0.0183,0.0025,0.004,0.03415,0.0106,0.01361,0.00109,0.00747,106544744,106889202,GUCY1A2,0
312,chr12,1203401,1203401,0.00135,0.11288,0.0414,0.28024,0.04232,0.13288,0.14202,0.04856,0.35143,0.05398,0.12289,0.01714,0.05716,0.02068,0.00102,0.11137,3e-05,0.02856,0.13152,0.02939,0.03055,1100373,1605099,ERC1,0
313,chr12,8558501,8558501,0.19954,0.24991,0.30929,0.03342,0.25083,0.35343,0.02557,0.03121,0.15204,0.00017,0.0353,0.0,0.21137,0.02163,0.0,0.24964,0.02842,0.0,0.17194,0.27589,0.03403,8555609,8605689,ENSG00000288954,0
314,chr12,31869501,31869501,0.0398,0.03175,0.04739,1e-05,0.07859,0.04473,0.00206,0.00154,0.10529,0.02955,0.00352,0.0002,0.06392,0.02222,0.00014,0.09435,0.03102,0.00098,0.20312,0.0704,0.03024,31824075,31881955,AMN1,0
315,chr12,32706301,32706301,0.02552,0.06804,0.05874,0.01443,0.07949,0.12929,0.0094,0.14407,0.0019,0.01049,0.03678,0.21805,0.02016,0.0,0.01532,0.12193,0.24536,0.25994,0.02247,0.05299,0.01896,32552491,32798984,FGD4,0
316,chr12,42652701,42652701,0.3121,0.16549,0.23088,0.12852,0.12114,0.09385,0.01478,0.00761,0.05825,0.0416,0.02975,0.00186,0.01144,0.00587,0.00363,0.0253,0.01745,0.01345,0.00101,0.00145,0.00013,42632248,42835749,PPHLN1,0
317,chr12,45888601,45888601,0.16316,0.03322,0.39119,0.32377,0.17572,0.01375,0.07759,0.11323,0.11829,5e-05,0.21622,0.29418,0.26087,0.06889,0.07825,0.00756,0.07813,0.45821,0.0692,0.36498,0.25407,45869302,46004373,ENSG00000257657,0
318,chr12,50273001,50273001,0.21575,0.28362,0.17297,0.19459,0.05451,0.00292,0.0119,0.00014,8e-05,0.06244,0.24332,0.01283,0.00889,0.11899,0.32055,0.00039,0.05078,0.22103,0.05976,0.2257,0.08099,50260678,50297683,FAIM2,0
319,chr12,82102101,82102101,0.21359,0.18812,0.12381,0.0,0.0,0.01466,0.00014,0.00276,0.1753,0.20665,0.12439,0.00181,0.14962,0.18096,0.11689,0.09016,0.11709,0.08555,0.0,0.00969,0.01359,81651753,82153129,PPFIA2,0
320,chr12,82138801,82138801,0.19504,0.35245,0.1641,0.00842,0.03051,0.05872,0.00948,0.00089,0.12403,0.08174,0.03274,0.01611,0.24827,0.17801,0.08596,0.09008,0.06662,0.02989,0.00601,0.02038,0.00793,81651753,82153129,PPFIA2,0
321,chr12,90483201,90483201,0.0125,0.24142,0.16134,0.00238,0.13246,0.08911,0.42169,0.2521,0.00467,0.21767,0.13163,0.01854,0.32685,0.02455,0.03813,0.19319,0.00073,0.00913,0.16346,0.09758,0.00438,90105824,90494540,ENSG00000258216,0
322,chr12,91721901,91721901,0.21359,0.09729,0.0,0.0,0.09376,0.0052,0.08153,0.21605,0.1753,0.02222,0.21629,0.09877,0.07565,0.0146,0.07501,0.0,0.09553,0.00534,0.0692,0.00342,0.09782,91670017,92028004,ENSG00000289605,0
323,chr12,102075601,102075601,0.21734,0.08014,0.07662,0.00269,0.11521,0.05218,0.07284,0.03697,0.22967,0.01817,0.03954,0.00309,0.11852,0.01496,0.00068,0.07595,0.00405,0.00062,0.11336,0.04692,0.0073,101988626,102079589,MYBPC1,0
329,chr13,39716501,39716501,0.15171,0.16945,0.2152,0.15921,0.20134,0.23592,0.0,0.0,0.0,0.0,0.00321,0.0,0.0,0.0,0.00374,0.0,0.0,0.00534,0.0,0.00342,0.00481,39627209,39797375,ENSG00000273507,0
330,chr13,39933401,39933401,0.04373,0.13027,0.18292,0.31838,0.17496,0.1753,0.02402,0.04588,0.17957,0.0433,0.03668,0.00637,0.09099,0.00458,0.00395,0.03613,0.00021,0.0002,0.04555,0.03564,0.0,39917028,40177330,LHFPL6,0
331,chr13,52806401,52806401,0.02882,0.00152,0.10656,0.08869,0.14249,0.04786,0.04041,0.21369,0.1931,0.24957,0.11427,0.0801,0.07435,0.11769,0.02643,0.0008,0.01766,0.00618,0.01007,0.00633,0.02233,52741843,52865692,ENSG00000217576,0
332,chr13,53059801,53059801,0.10577,0.08012,0.11836,0.01782,0.00756,0.00592,0.01698,0.00714,0.22297,0.07312,0.04688,0.00205,0.18052,0.04605,0.03279,0.22962,0.07247,0.05574,0.04758,0.03619,4e-05,53056938,53063351,LINC00345,0
333,chr13,78997501,78997501,0.79422,0.32345,0.26178,0.00842,0.05936,0.07881,0.23399,0.23154,0.73817,0.50933,0.33921,0.00248,0.2304,0.11616,0.06089,0.1661,0.08772,0.04905,0.02242,0.03407,0.0049,78493823,79158297,OBI1-AS1,0
334,chr13,86658401,86658401,0.14322,0.16016,0.20402,0.15038,0.1907,0.17808,0.0,0.0,0.0,0.0,0.0087,0.0,0.0,0.0,0.01013,0.0,0.0,0.01444,0.0,0.00929,0.01303,86634947,86745025,ENSG00000232252,0
335,chr13,108560101,108560101,0.02381,0.19087,0.24477,0.01138,0.03138,0.01972,0.08103,0.12236,0.0031,0.00039,5e-05,0.01519,0.11491,0.08092,0.07651,0.15451,0.14358,0.15907,0.00559,0.00268,0.00012,108521170,108585851,ENSG00000286343,0
346,chr14,35570601,35570601,0.13262,0.49717,0.22624,0.17784,0.11584,0.0243,0.22914,0.02842,0.0114,0.00015,0.03161,0.09343,0.13641,0.19847,0.34817,0.00458,0.02603,0.12832,0.00756,0.07085,0.03847,35554677,35591196,PPP2R3C,0
347,chr14,41608701,41608701,0.60642,0.31708,0.25872,0.46622,0.06048,0.13612,0.19917,0.08031,0.02383,0.39239,0.1463,0.01226,0.08651,0.09144,0.001,0.0225,0.1226,0.01926,0.26152,0.0708,0.04394,41423897,41618512,LINC02315,0
348,chr14,73996001,73996001,0.00375,0.2462,0.21248,0.05736,0.00029,0.00397,0.23175,0.16803,0.09879,0.00264,0.0,0.01769,0.47448,0.2828,0.15904,0.42562,0.23458,0.13926,0.07867,0.06999,0.00241,73945188,74025651,HEATR4,0
349,chr14,80100101,80100101,0.43686,0.20802,0.0086,0.01482,0.16822,0.21821,0.10393,0.35111,0.31769,0.0907,0.02342,0.1281,0.10881,3e-05,0.01766,0.00032,0.11392,0.17799,0.0866,0.12331,0.01838,78636715,80334634,NRXN3,0
350,chr14,81874601,81874601,0.07721,0.10058,0.10646,0.00916,0.00611,0.09164,0.33146,0.30946,0.03932,0.0486,5e-05,0.00019,0.16424,0.15533,0.31545,0.15756,0.16081,0.34949,0.00061,0.0335,0.05213,81726995,81902809,STON2,0
355,chr15,21181301,21181301,0.01283,5e-05,0.05531,0.08298,0.00039,0.01664,0.0182,0.10853,0.04016,0.01451,0.0008,0.0524,0.10099,0.00017,0.01513,0.22045,0.03861,0.09916,0.07805,0.0129,0.01854,21145733,21208843,LINC01193,0
356,chr15,36129701,36129701,0.06345,0.09561,0.05232,0.00035,0.07745,0.18672,0.30396,0.19859,0.07517,0.27105,0.37431,0.00883,0.0848,0.00413,0.00988,0.0378,0.00162,0.04291,0.06216,0.1457,0.0316,35838354,36152400,DPH6-DT,0
357,chr15,39364401,39364401,0.05706,0.00478,0.02915,0.04268,0.02257,6e-05,0.10331,0.00601,0.21649,0.00963,0.0491,0.05343,0.02327,0.0464,0.00315,0.12687,0.00039,0.03048,0.11982,0.0313,0.02301,38920260,39472700,LINC02694,0
358,chr15,62705301,62705301,0.22615,0.30729,0.42494,0.00608,0.17681,9e-05,0.00468,0.03689,0.17309,0.00657,0.18214,0.01891,0.24438,0.02329,0.25423,0.33497,0.08038,0.38908,0.11111,0.00374,0.15852,62682748,63136830,TLN2,0
359,chr15,71472401,71472401,0.39553,0.20326,0.04284,0.00849,0.0098,0.01879,0.10545,0.26404,0.36389,0.40562,0.22909,0.08379,0.1397,0.16947,0.09431,0.01002,0.01458,0.00397,4e-05,0.00129,0.00231,71389290,72075722,THSD4,0
360,chr15,84535501,84535501,0.16925,0.00173,0.02605,0.0386,0.08002,0.10058,0.2033,0.25316,0.07185,0.02952,0.02201,0.01181,0.05329,0.09361,0.10731,0.10514,0.16869,0.20511,0.00592,0.00838,0.00025,84322839,84708179,ADAMTSL3,0
361,chr15,86056201,86056201,0.04624,0.15903,0.21184,0.15115,0.28558,0.16653,0.05413,0.07309,0.0518,0.14857,0.04074,0.00035,0.00016,0.02168,9e-05,0.00109,0.02145,4e-05,0.02653,0.00041,0.01562,85923833,86292586,AKAP13,0
362,chr15,92673801,92673801,0.04741,0.00703,0.1223,0.12773,0.04803,9e-05,0.10133,0.01968,0.06713,0.00043,0.0335,0.1988,0.22018,0.09505,0.00754,0.01377,0.02351,0.09732,0.04815,0.09118,0.03799,92396937,92709133,SLCO3A1,0
363,chr15,98817401,98817401,0.0501,0.00035,0.00329,0.00041,0.00074,0.09995,0.05214,0.08052,0.06853,0.07063,0.24489,0.00585,0.00171,0.00226,0.10531,0.00115,0.00099,0.07277,3e-05,0.07572,0.08869,98581799,98836428,ENSG00000259199,0
364,chr15,99574201,99574201,0.03916,0.16111,0.03213,0.23152,0.10011,0.18791,0.05613,0.00049,0.12038,0.01501,0.05452,0.05785,0.01077,0.01105,0.00083,0.10775,0.02114,0.07785,0.0409,0.00386,0.01839,99497377,99646030,SYNM-AS1,0
365,chr15,100416501,100416501,0.20882,0.38727,0.20183,0.15274,0.30382,0.19603,0.04438,0.00286,0.00448,0.03467,0.00864,0.02151,0.07531,0.0,0.00688,0.01318,0.02031,0.00287,0.0597,0.02175,0.0073,100347195,100457023,ENSG00000259363,0
366,chr15,102282301,102282301,0.01222,0.01968,0.12316,0.06954,0.02136,0.00914,0.08232,0.24351,0.04977,0.08275,0.03743,0.04207,0.15416,4e-05,0.00245,0.3104,0.05191,0.06985,0.16313,0.10879,0.0024,102277301,102287073,UBE2Q2P13,0
374,chr16,12403501,12403501,0.0,0.17824,0.04449,0.0,0.0,0.0,0.1358,0.02989,0.0,0.0,0.0,0.05407,0.14141,0.17137,0.2035,0.03162,0.04187,0.0552,0.0,0.0,0.0,12070590,12668144,SNX29,0
375,chr16,13293001,13293001,0.21491,0.10343,0.13484,0.06142,0.05572,0.00486,0.0679,0.05591,0.10592,0.12005,0.13501,0.00027,0.00681,0.01592,0.05764,0.01029,0.0235,0.08353,0.00166,0.0291,0.02539,12995454,13334273,SHISA9,0
376,chr16,17475601,17475601,0.17822,0.19358,0.09546,0.0,0.0,0.0,0.00481,0.00523,0.1451,0.17217,0.19998,0.01988,0.15418,0.18626,0.22044,0.06891,0.09012,0.11693,0.0,0.0,0.0,17195625,17564817,XYLT1,0
377,chr16,21501301,21501301,0.0,0.0,0.0,0.4596,0.0,0.0,0.0,0.0,0.38598,0.0,0.0,0.0,0.41032,0.0,0.0,0.46344,0.0,0.0,0.44863,0.49728,0.0,21458003,21513581,ENSG00000291073,0
378,chr16,55794701,55794701,0.06959,0.41951,0.33801,0.32184,0.1854,0.03036,0.17657,0.10975,0.10829,0.02994,0.00544,0.00529,0.00891,0.05491,0.20791,0.00032,0.02852,0.18101,0.02067,0.13778,0.06757,55794487,55828070,CES1P1,0
379,chr16,58945801,58945801,0.04817,0.07845,0.00084,0.10351,0.0183,0.06093,0.02557,0.04182,0.27426,0.02667,0.00064,0.07224,0.33289,0.06923,0.01238,0.12598,0.01197,0.051,0.2232,0.30503,0.01918,58783541,59142878,ENSG00000245768,0
380,chr16,76538201,76538201,0.23015,0.39214,0.56856,0.28522,0.39408,0.43358,0.03232,0.13223,0.00374,0.02681,0.03544,0.04219,0.01443,0.00014,0.00052,0.09765,0.04602,0.03098,0.01112,0.01794,0.00132,76311175,76593135,CNTNAP4,0
381,chr16,84143601,84143601,0.10431,0.32137,0.22628,0.37882,0.14607,0.168,0.12424,0.02878,0.21861,0.00339,0.00594,0.02349,0.00797,0.06919,0.04792,0.04995,0.01305,0.00786,0.11256,0.07475,0.00067,84087367,84150547,MBTPS1,0
382,chr16,87418301,87418301,0.05403,0.16215,0.0905,0.00028,0.0046,0.10794,0.03925,0.00173,0.07723,0.03335,0.00537,0.02429,0.22141,0.13458,0.00911,0.1058,0.05923,0.00193,0.0075,0.10729,0.07256,87364416,87423456,FBXO31,0
389,chr17,7336401,7336401,0.00132,0.00281,0.01791,0.26321,0.1116,0.00295,0.00045,0.02031,0.25258,0.0967,0.00572,0.02574,0.27662,0.11175,0.00851,0.1444,0.04707,0.00787,0.02465,0.22417,0.09612,7323421,7347400,ENSG00000262880,0
390,chr17,35753901,35753901,0.01531,0.00544,0.06068,0.01799,0.03974,0.09391,0.00429,0.01463,9e-05,0.09938,0.11575,0.04084,0.00574,0.07582,0.10748,0.01228,0.21769,0.22507,0.10815,0.12541,0.02237,35441926,35766927,ACACA,0
391,chr17,51845801,51845801,0.38389,0.14187,0.22292,0.00287,0.23207,0.20035,0.08919,0.01901,0.31237,0.03204,0.01985,0.02265,0.09633,0.0165,0.01842,0.15391,0.0011,0.0001,0.16295,0.12936,0.00052,51354120,52144186,ENSG00000285939,0
392,chr17,58411201,58411201,0.10144,0.17096,0.32489,0.22528,0.248,0.3695,0.01298,0.08573,0.04819,0.03857,0.09903,0.02703,0.01113,0.00599,0.03815,0.00165,0.0075,0.00248,0.00124,0.00574,0.01597,58254687,58469494,USP32,0
393,chr17,80963001,80963001,0.01381,0.25161,0.1708,0.32059,0.01434,0.17069,0.29904,0.20188,0.3816,0.03825,0.17522,0.01543,0.00443,0.11576,0.00425,0.03633,0.06512,0.00229,0.15534,0.01398,0.0767,80900024,81009646,B3GNTL1,0
404,chr18,24546001,24546001,0.21359,0.04724,0.01075,0.0,0.0,0.0052,0.06697,0.19036,0.1753,0.20665,0.23545,0.0314,0.03628,0.04514,0.05795,0.00756,0.01009,0.01772,0.0,0.00342,0.00481,24445173,24578732,AQP4-AS1,0
405,chr18,44387501,44387501,0.1744,0.15326,0.2594,0.1875,0.03477,0.08005,0.0022,0.00827,0.00039,0.05492,0.02906,0.01891,0.00108,0.04083,0.01862,0.01371,0.10787,0.08012,0.05602,0.02811,0.00619,44383180,44497470,PIAS2,0
406,chr18,54392801,54392801,0.24118,0.2054,0.20146,0.41372,0.27477,0.35437,0.00431,0.01068,0.07917,8e-05,0.00326,0.00163,0.10403,0.00547,0.01592,0.11807,0.0141,0.0334,0.06203,0.04559,0.00264,54318573,54694544,WDR7,0
407,chr18,64208601,64208601,0.11468,0.4293,0.46666,0.03323,0.13991,0.26868,0.19432,0.18149,0.02885,0.00014,0.02478,0.00234,0.31074,0.15916,0.05869,0.31183,0.16626,0.06266,0.03365,0.10326,0.02633,64168319,64271327,CDH19,0
408,chr18,75266901,75266901,0.02643,0.32895,0.45799,1e-05,0.1699,0.18018,0.20735,0.30801,0.02733,0.0628,0.06249,0.02121,0.33011,0.035,0.01808,0.43314,0.10367,0.07219,0.15082,0.14129,0.0011,75133574,75273000,ENSG00000264015,0
414,chr19,12018801,12018801,0.22756,0.25155,0.2743,0.00776,0.25388,0.26012,0.0,0.01449,0.2476,0.01912,0.01499,0.01653,0.26701,0.02163,0.01743,0.25554,0.00034,0.00447,0.23957,0.20117,0.00258,11998669,12025144,ZNF69,0
415,chr19,12570001,12570001,0.0187,0.00012,0.02619,0.16441,0.0,0.14715,0.02036,0.0917,0.11029,0.02093,0.05697,0.03108,0.19041,0.00014,0.13376,0.30082,0.02743,0.28442,0.17959,0.00571,0.15056,12543916,12595630,ENSG00000269755,0
416,chr19,35660001,35660001,0.0,0.22763,0.18184,0.06946,0.00705,0.00567,0.19795,0.13852,0.06242,0.00696,0.00461,0.00046,0.04311,0.1771,0.19607,0.03063,0.1394,0.17116,0.04013,0.0449,8e-05,35645637,35660784,FXYD5,0
417,chr19,52119301,52119301,0.02259,0.07085,0.2152,0.00301,2e-05,0.00086,0.17594,0.3202,0.02134,0.02545,0.01422,0.04058,0.12308,0.07024,0.08604,0.27098,0.21159,0.25391,0.00378,0.00059,0.00113,52114212,52133654,SIGLEC5,0
418,chr19,54554601,54554601,0.03701,0.00989,0.0001,0.14804,0.10181,0.02542,0.0893,0.04054,0.03931,0.01493,0.00052,0.00804,0.23105,0.15057,0.04801,0.15459,0.10805,0.0287,0.00447,0.03875,0.02208,54544078,54567151,VSTM1,0
427,chr20,1552201,1552201,0.36803,0.07875,0.16595,0.00616,0.15002,0.09876,0.16803,0.12506,0.38251,0.14911,0.10635,0.012,0.11059,0.00597,0.00431,0.18497,0.00157,0.00081,0.18241,0.09681,3e-05,1532605,1600655,ENSG00000260861,0
428,chr20,15292501,15292501,0.03165,0.01299,0.01474,0.25061,0.00475,0.02066,0.00332,0.00355,0.11063,0.01081,0.00049,0.0,0.14256,0.00204,0.00089,0.15294,0.0023,0.00121,0.1806,0.10623,0.00591,13976014,16033842,MACROD2,0
429,chr20,25988601,25988601,0.17435,0.01464,0.0412,0.23748,0.13169,0.17809,0.07456,0.03079,0.00995,0.00466,0.0,0.00577,0.12095,0.04515,0.07058,0.06495,0.0163,0.03955,0.02643,0.00804,0.00528,25965938,26033341,FAM182A,0
430,chr20,31308901,31308901,0.05315,0.00061,0.00506,0.23177,0.11648,0.04082,0.04967,0.07661,0.45583,0.25039,0.10821,0.00809,0.24851,0.11787,0.03948,0.16975,0.07463,0.01935,0.02525,0.06172,0.01509,31219984,31331329,ENSG00000285382,0
433,chr21,16583101,16583101,0.06012,0.1447,0.18055,0.00791,0.18081,0.14123,0.01626,0.03341,0.10169,0.03222,0.01981,0.00578,0.19288,0.00439,0.0019,0.19551,0.00016,0.00075,0.20569,0.1417,0.00023,16562725,16596714,ENSG00000288555,0
434,chr21,19325501,19325501,0.07877,0.15749,0.14572,0.42416,0.40178,0.12433,0.01496,0.0142,0.18142,0.15785,0.01101,6e-05,0.1022,0.09036,2e-05,0.08744,0.0865,1e-05,0.00038,0.0758,0.08186,19273579,19639690,CHODL,0
435,chr21,23645501,23645501,0.05607,0.63021,0.55463,0.87976,0.17437,0.04759,0.42602,0.37212,0.72935,0.06166,0.00099,0.00971,0.14325,0.16576,0.41432,0.04666,0.21157,0.45132,0.41358,0.66568,0.06618,23582238,23781728,ENSG00000226043,0
436,chr21,25244001,25244001,0.23419,0.25865,0.31922,0.2446,0.30123,0.31576,0.0,0.0,0.0,0.0,0.01325,0.0,0.0,0.0,0.01541,0.0,0.0,0.02192,0.0,0.01414,0.01979,25229396,25261466,ENSG00000287612,0
443,chr22,17920301,17920301,0.33255,0.0133,0.05103,0.01513,0.00184,0.00654,0.21148,0.13678,0.21403,0.39806,0.21585,0.00958,4e-05,0.02557,0.00105,0.00839,0.07127,0.02013,0.02909,0.00142,0.01391,17840838,18037852,CECR2,0
444,chr22,18519801,18519801,0.3,0.16985,0.22605,0.10163,0.01507,0.02609,0.11816,0.05089,0.14584,0.24222,0.18584,0.00716,0.01207,0.10258,0.06972,0.0298,0.14652,0.11997,0.04805,0.02955,0.00133,18512150,18520736,LINC01634,0
445,chr22,20326501,20326501,0.25615,0.15331,0.19259,0.11919,0.03045,0.00438,0.0683,0.01468,0.08781,0.14155,0.14488,0.00601,0.00281,0.05198,0.07714,0.01343,0.07948,0.1228,0.03307,0.05614,0.00947,20326327,20350457,XXbac-B33L19.3,0
446,chr22,32520401,32520401,0.00202,0.21871,0.03295,0.03442,0.01595,0.00853,0.22568,0.03892,0.05043,0.0254,0.01289,0.08829,0.08463,0.13221,0.13934,1e-05,0.00396,0.0081,0.00433,0.00718,0.00074,32517963,32529456,AP1B1P1,0
447,chr22,33780301,33780301,0.00088,7e-05,0.00157,0.01483,0.20102,0.06097,0.00045,0.00431,0.02424,0.14091,0.03405,0.00205,0.01778,0.16387,0.0439,0.00756,0.22117,0.07344,0.20391,0.06657,0.0406,33558211,34157463,LARGE1,0
448,chr22,39293301,39293301,0.79872,0.21876,0.00037,0.15121,0.16303,0.24633,0.29789,0.78658,0.42483,0.41827,0.23649,0.20995,0.01058,0.01174,0.00082,0.14179,0.15438,0.24094,0.0,0.01678,0.02157,39282841,39299799,ENSG00000288106,0
449,chr22,42896701,42896701,0.18207,0.02746,0.00827,0.13234,0.02026,0.00017,0.05992,0.21738,0.32623,0.29324,0.11663,0.05171,0.1667,0.07966,0.01526,0.08633,0.00066,0.00706,0.11711,0.08531,0.0115,42896558,42908568,SERHL,0
450,chr22,45554601,45554601,0.17283,0.10223,0.00602,0.18116,0.09725,0.24952,0.0469,0.14752,0.0,0.04444,0.00648,0.0726,0.04904,0.00103,0.03762,0.15497,0.06489,0.21187,0.04682,0.00692,0.04789,45528900,45559662,NUP50-DT,0
