chr1,25001,45000,3.3208
chr1,48001,78000,3.2608
chr1,88001,96000,0.5038
chr1,2133001,2162000,7.152
chr1,2193001,2223000,5.9894
chr1,9329001,9339000,1.0398
chr1,12579001,12595000,2.933
chr1,16006001,16044000,1.046
chr1,16114001,16154000,1.0582
chr1,16159001,16200000,1.0286
chr1,16366001,16377000,3.1654
chr1,16396001,16448000,4.6516
chr1,16474001,16530000,2.5502
chr1,16532001,16551000,2.775
chr1,16592001,16649000,3.1962
chr1,16676001,16760000,2.9712
chr1,103443001,103460000,1.0386
chr1,103469001,103797000,0.8786
chr1,109702001,109714000,2.9694
chr1,112164001,112177000,0.154
chr1,120328001,120346000,0.969
chr1,120450001,120462000,1.1766
chr1,120711001,120822000,1.3472
chr1,120851001,120933000,1.1516
chr1,121733001,121742000,0.8544
chr1,121864001,121889000,1.0374
chr1,121939001,121986000,4.6486
chr1,122126001,122164000,4.915
chr1,122172001,122185000,6.5412
chr1,122253001,122280000,5.016
chr1,122315001,122333000,3.3986
chr1,122596001,122657000,1.2812
chr1,122662001,122675000,0.827
chr1,122678001,122802000,1.1462
chr1,122812001,122988000,0.988
chr1,122990001,123028000,1.1064
chr1,123031001,123067000,0.7386
chr1,123069001,123196000,0.98
chr1,123198001,123299000,0.9734
chr1,123302001,123342000,0.7478
chr1,123488001,123505000,1.2286
chr1,123548001,123565000,1.088
chr1,123569001,123604000,1.1074
chr1,123633001,123777000,0.9116
chr1,123882001,123904000,1.4936
chr1,124097001,124119000,1.1968
chr1,124179001,124203000,4.2928
chr1,124204001,124252000,4.1346
chr1,124306001,124338000,1.3322
chr1,124343001,124380000,1.367
chr1,124450001,124486000,1.0946
chr1,124549001,124611000,0.7678
chr1,124627001,124686000,0.8212
chr1,124703001,124721000,1.006
chr1,124772001,124789000,0.952
chr1,124791001,124847000,0.9758
chr1,124860001,124885000,0.9874
chr1,125062001,125093000,1.0438
chr1,125097001,125114000,1.1328
chr1,125121001,125154000,1.344
chr1,125156001,125167000,0.8034
chr1,125173001,125197000,0.8482
chr1,125202001,125234000,1.1444
chr1,125262001,125278000,1.0444
chr1,125301001,125332000,0.9956
chr1,125414001,125454000,0.9732
chr1,125456001,125669000,0.7642
chr1,125676001,125755000,0.9364
chr1,125760001,125814000,0.8452
chr1,126012001,126043000,1.0012
chr1,126053001,126086000,0.918
chr1,126108001,126187000,1.0116
chr1,126247001,126277000,3.7278
chr1,126331001,126361000,1.1866
chr1,126939001,126980000,3.7244
chr1,127023001,127063000,3.7642
chr1,127085001,127124000,4.441
chr1,127148001,127170000,1.1982
chr1,127249001,127278000,0.8136
chr1,127280001,127304000,0.7182
chr1,127305001,127371000,1.3928
chr1,127382001,127417000,1.034
chr1,127511001,127541000,0.1374
chr1,127606001,127625000,0.7268
chr1,127628001,127667000,0.7536
chr1,127668001,127680000,0.7966
chr1,127914001,127946000,2.7136
chr1,128053001,128072000,0.8256
chr1,128225001,128246000,1.1582
chr1,128295001,128305000,2.6274
chr1,128307001,128376000,2.8116
chr1,128389001,128406000,2.6764
chr1,128464001,128524000,2.8308
chr1,128837001,128852000,2.8056
chr1,128935001,128951000,0.863
chr1,129157001,129239000,0.8426
chr1,129259001,129311000,3.5788
chr1,129323001,129345000,3.5696
chr1,129364001,129397000,6.7236
chr1,129405001,129462000,3.2802
chr1,129537001,129557000,3.754
chr1,129560001,129577000,3.0872
chr1,129650001,129975000,6.5596
chr1,129978001,130014000,5.8856
chr1,130022001,130395000,6.4036
chr1,130430001,130494000,6.2794
chr1,130498001,130549000,6.055
chr1,130599001,130627000,5.7408
chr1,130631001,130995000,6.3098
chr1,130996001,131120000,3.9316
chr1,131135001,131193000,3.308
chr1,132118001,132130000,0.8902
chr1,132177001,132191000,1.0102
chr1,132278001,132298000,4.3872
chr1,133097001,133110000,1.0334
chr1,133505001,133518000,0.9384
chr1,133559001,133575000,1.025
chr1,133594001,133607000,1.0566
chr1,134167001,134179000,0.9726
chr1,134214001,134233000,1.0878
chr1,134273001,134321000,1.2172
chr1,134629001,134639000,0.7926
chr1,134651001,134681000,1.2452
chr1,134750001,134783000,1.1752
chr1,135884001,135919000,1.1912
chr1,136565001,136580000,1.2808
chr1,136651001,136668000,1.1184
chr1,136762001,136809000,1.3816
chr1,139170001,139210000,4.7582
chr1,140008001,140041000,1.0784
chr1,140045001,140072000,0.9936
chr1,140157001,140172000,0.7178
chr1,140493001,140533000,4.131
chr1,140603001,140626000,0.6806
chr1,140659001,140820000,4.435
chr1,140822001,140899000,4.5136
chr1,140977001,141023000,4.7166
chr1,141194001,141342000,3.9806
chr1,141344001,141551000,5.5862
chr1,141640001,141704000,4.398
chr1,141727001,141783000,4.9558
chr1,141808001,141844000,4.6208
chr1,141856001,142013000,5.2968
chr1,142120001,142175000,5.7996
chr1,142196001,142210000,1.166
chr1,142817001,142829000,2.88
chr1,143188001,143203000,1.276
chr1,146235001,146265000,2.6688
chr1,151337001,151354000,0.7654
chr1,151720001,151753000,1.0644
chr1,160578001,160629000,2.6472
chr1,160838001,161002000,1.142
chr1,196089001,196117000,4.1672
chr1,196173001,196201000,3.8662
chr1,196203001,196213000,3.8808
chr1,214559001,214568000,1.0162
chr1,227749001,227777000,0.7064
chr1,227779001,227806000,0.8784
chr1,227821001,227920000,0.9922
chr1,227923001,228002000,1.0346
chr1,236115001,236125000,0.615
chr1,237863001,237907000,0.9662
chr1,248078001,248089000,2.9298
chr2,1524001,1544000,0.8972
chr2,52519001,52554000,0.9706
chr2,73799001,73815000,3.675
chr2,87001001,87023000,1.298
chr2,87427001,87439000,3.5526
chr2,87763001,87778000,2.8942
chr2,88871001,89042000,0.9554
chr2,89734001,89750000,0.9996
chr2,89945001,90014000,0.6152
chr2,90707001,90724000,0.4624
chr2,90846001,90895000,0.5988
chr2,90934001,90954000,1.0206
chr2,90979001,90990000,1.2606
chr2,90998001,91031000,0.7904
chr2,91034001,91082000,0.9464
chr2,91144001,91178000,1.1896
chr2,91193001,91233000,0.9588
chr2,91234001,91286000,1.0294
chr2,91552001,91602000,0.5474
chr2,91626001,91642000,0.7756
chr2,92311001,92331000,4.2258
chr2,92587001,92613000,3.2642
chr2,92626001,92691000,4.5596
chr2,92693001,92732000,5.2586
chr2,92781001,92820000,1.1124
chr2,92840001,92902000,4.487
chr2,92913001,92941000,1.3062
chr2,92943001,92961000,0.9834
chr2,92972001,93144000,0.9718
chr2,93148001,93172000,0.9178
chr2,93181001,93248000,0.9524
chr2,93252001,93364000,1.0388
chr2,93390001,93417000,1.1642
chr2,93444001,93481000,1.3212
chr2,93508001,93522000,1.1382
chr2,93524001,93562000,1.2302
chr2,93566001,93592000,0.9544
chr2,93612001,93642000,1.3556
chr2,93686001,93718000,1.2702
chr2,93720001,93753000,1.3686
chr2,93755001,93788000,1.2706
chr2,93956001,93968000,0.7888
chr2,94020001,94141000,0.7052
chr2,94147001,94165000,0.6576
chr2,94297001,94359000,0.7732
chr2,94362001,94384000,0.7272
chr2,94496001,94521000,0.7266
chr2,113916001,113929000,0.855
chr2,126124001,126132000,0.0006
chr2,146554001,146568000,1.003
chr2,232834001,232940000,2.989
chr2,242464001,242516000,1.0324
chr2,242640001,242674000,3.0096
chr3,75572001,75604000,0.484
chr3,84951001,84965000,0.9084
chr3,90753001,90863000,0.1526
chr3,90928001,90974000,0.3906
chr3,90978001,91090000,0.4828
chr3,91093001,91109000,0.7768
chr3,91143001,91228000,0.6822
chr3,91233001,91247000,0.7806
chr3,91250001,91272000,0.8182
chr3,91279001,91300000,1.0056
chr3,91337001,91375000,4.3942
chr3,91375001,91383000,0.477
chr3,91384001,91440000,0.5056
chr3,91461001,91479000,0.9762
chr3,92047001,92122000,3.0352
chr3,92127001,92161000,3.5274
chr3,92231001,92253000,3.6318
chr3,92355001,92380000,2.8786
chr3,92427001,92471000,2.9402
chr3,92475001,92563000,4.2142
chr3,92565001,92598000,4.051
chr3,92663001,92688000,1.1348
chr3,92731001,92749000,1.0028
chr3,92788001,92802000,0.941
chr3,92870001,93552000,6.3772
chr3,93555001,94295000,4.6906
chr3,94297001,94412000,4.4874
chr3,94412001,94492000,0.3542
chr3,94492001,94713000,5.0142
chr3,95099001,95174000,4.1012
chr3,95204001,95235000,4.6506
chr3,95251001,95278000,4.341
chr3,95325001,95366000,7.005
chr3,95488001,95515000,2.9962
chr3,95863001,95973000,3.3566
chr3,95995001,96040000,2.982
chr3,96044001,96090000,2.8016
chr3,96099001,96132000,3.1108
chr3,96176001,96228000,3.223
chr3,96260001,96296000,2.7654
chr3,128527001,128551000,2.6538
chr3,130875001,130882000,1.0372
chr3,132788001,132832000,1.0242
chr3,134734001,134739000,0.002
chr3,149345001,149357000,2.8734
chr3,154422001,154432000,0.9692
chr3,165583001,165602000,0.9484
chr3,165822001,165826000,0.0
chr3,195853001,195863000,0.0032
chr3,198177001,198189000,0.0938
chr3,198324001,198341000,3.2014
chr3,198365001,198395000,2.6718
chr3,198617001,198679000,3.6596
chr3,198680001,198717000,3.1922
chr3,199531001,199537000,0.0744
chr3,200350001,200368000,3.031
chr3,200369001,200400000,2.9122
chr3,201069001,201092000,0.8466
chr4,21001,68000,2.9552
chr4,9070001,9092000,0.995
chr4,9124001,9155000,3.0304
chr4,9211001,9232000,3.6168
chr4,49334001,49356000,2.7072
chr4,49533001,49546000,13.5662
chr4,49750001,49865000,1.0174
chr4,49879001,49900000,0.9996
chr4,49906001,49938000,0.8988
chr4,49993001,50008000,0.947
chr4,50108001,50128000,0.8912
chr4,50139001,50191000,0.6944
chr4,50194001,50220000,0.6576
chr4,50221001,50245000,0.783
chr4,50247001,50273000,0.697
chr4,50346001,50368000,0.7288
chr4,50551001,50577000,0.7066
chr4,50598001,50655000,0.9888
chr4,50678001,50710000,0.7054
chr4,50714001,50746000,0.7264
chr4,50782001,50813000,0.6714
chr4,50845001,50862000,0.7072
chr4,50878001,50933000,0.7108
chr4,50975001,51006000,0.5934
chr4,51012001,51038000,0.557
chr4,51040001,51088000,0.7112
chr4,51091001,51133000,1.0124
chr4,51157001,51199000,0.7204
chr4,51217001,51240000,0.72
chr4,51252001,51288000,0.7816
chr4,51306001,51330000,0.8074
chr4,51333001,51340000,0.3384
chr4,51363001,51389000,0.715
chr4,51391001,51402000,0.5932
chr4,51405001,51424000,0.8012
chr4,51427001,51459000,0.7378
chr4,51479001,51495000,0.6372
chr4,51501001,51530000,0.7168
chr4,51552001,51570000,0.6352
chr4,51585001,51594000,0.4956
chr4,51596001,51647000,0.8126
chr4,51658001,51678000,0.8018
chr4,51686001,51708000,0.5922
chr4,51710001,51731000,0.8866
chr4,51750001,51765000,0.4808
chr4,51768001,51780000,0.497
chr4,51794001,51807000,0.5102
chr4,51810001,51821000,0.583
chr4,51823001,51844000,0.7188
chr4,51847001,51858000,0.5888
chr4,51861001,51877000,0.7516
chr4,51880001,51890000,0.4916
chr4,51892001,51921000,0.671
chr4,51943001,51969000,0.8042
chr4,51971001,51992000,0.6592
chr4,52008001,52024000,0.7946
chr4,52028001,52038000,0.5056
chr4,52040001,52068000,0.7082
chr4,52091001,52106000,0.7004
chr4,52145001,52169000,0.3826
chr4,52172001,52192000,0.5058
chr4,52194001,52214000,0.2338
chr4,52216001,52224000,0.4388
chr4,52227001,52458000,0.5108
chr4,52459001,52957000,0.4264
chr4,52959001,52999000,0.3706
chr4,53002001,53275000,0.4754
chr4,53285001,53324000,0.364
chr4,53326001,53337000,0.3792
chr4,53340001,53493000,0.4394
chr4,53497001,53508000,0.3446
chr4,53513001,53676000,0.4228
chr4,53680001,54240000,0.3802
chr4,54245001,54302000,0.8058
chr4,54354001,54471000,0.4214
chr4,54474001,54528000,0.5006
chr4,54531001,54714000,0.6286
chr4,54979001,54994000,0.7234
chr4,54994001,55080000,7.6684
chr4,55089001,55160000,6.5786
chr4,55200001,55297000,0.297
chr4,67266001,67286000,0.0344
chr4,71949001,72066000,1.046
chr4,72601001,72632000,2.9114
chr4,72639001,72717000,2.524
chr4,135030001,135086000,0.87
chr4,149314001,149323000,0.211
chr4,167944001,168027000,3.007
chr4,168029001,168103000,3.0356
chr4,168105001,168213000,2.959
chr4,169926001,169937000,0.7568
chr4,177724001,177741000,0.9578
chr4,193434001,193573000,0.9928
chr5,676001,757000,5.6946
chr5,3818001,3823000,0.0092
chr5,12748001,12757000,1.0012
chr5,21485001,21605000,1.3002
chr5,45258001,45268000,0.9768
chr5,46522001,46526000,0.0014
chr5,46696001,46749000,0.5174
chr5,46829001,47039000,0.1358
chr5,47050001,47077000,0.1246
chr5,47229001,47285000,5.5452
chr5,47368001,47389000,0.8762
chr5,47398001,47413000,0.6156
chr5,47437001,47462000,0.739
chr5,47467001,47537000,0.679
chr5,47558001,47570000,0.7366
chr5,47601001,47624000,0.638
chr5,47683001,47701000,0.9104
chr5,47734001,47750000,1.0014
chr5,47787001,47798000,0.945
chr5,47867001,47888000,0.7834
chr5,47890001,47905000,0.934
chr5,47937001,47973000,0.884
chr5,47975001,47998000,0.7906
chr5,48031001,48059000,0.7962
chr5,48081001,48145000,0.8914
chr5,48193001,48220000,1.1592
chr5,48273001,48292000,0.617
chr5,48300001,48318000,0.7078
chr5,48323001,48338000,0.6596
chr5,48344001,48363000,0.6792
chr5,48370001,48412000,0.9016
chr5,48425001,48445000,0.8068
chr5,48451001,48485000,0.9416
chr5,48496001,48527000,0.8484
chr5,48531001,48545000,0.5944
chr5,48570001,48601000,0.8192
chr5,48605001,48697000,0.7714
chr5,48704001,48722000,0.6654
chr5,48725001,48736000,0.4936
chr5,48738001,48761000,0.683
chr5,48764001,48784000,0.9824
chr5,48887001,48953000,0.8894
chr5,49009001,49039000,0.8948
chr5,49516001,49564000,4.2406
chr5,49714001,49739000,0.861
chr5,49745001,49764000,1.1142
chr5,49825001,49831000,0.3002
chr5,49836001,49847000,0.5924
chr5,49850001,49856000,0.3628
chr5,49909001,49998000,0.1746
chr5,50139001,50444000,0.276
chr5,50553001,50575000,1.2502
chr5,50682001,50708000,6.3558
chr5,50708001,50725000,0.6988
chr5,50828001,50852000,0.9776
chr5,50855001,50898000,0.8864
chr5,70415001,70424000,2.9664
chr5,70465001,70484000,3.2666
chr5,70721001,70902000,1.3968
chr5,70916001,70932000,1.4654
chr5,70953001,70972000,1.4094
chr5,70972001,70992000,3.6326
chr5,71228001,71247000,3.5274
chr5,71447001,71488000,2.8058
chr5,71518001,71530000,2.894
chr5,71574001,71592000,2.7358
chr5,71634001,71659000,1.3208
chr5,71659001,71673000,3.348
chr5,71697001,71720000,3.4786
chr5,71764001,71806000,2.699
chr5,104614001,104626000,0.007
chr5,141368001,141384000,1.0192
chr5,145832001,145871000,2.9604
chr5,181929001,181947000,3.7334
chr5,181949001,182032000,3.7306
chr6,112001,151000,1.2912
chr6,29665001,29689000,2.8836
chr6,29799001,29827000,2.9142
chr6,29839001,29857000,3.502
chr6,32385001,32395000,0.218
chr6,32503001,32510000,0.0568
chr6,53904001,53910000,0.956
chr6,58516001,58541000,1.2568
chr6,58755001,58814000,1.3502
chr6,58831001,58847000,1.0988
chr6,58880001,58916000,0.9578
chr6,58920001,58965000,1.2752
chr6,58971001,58998000,1.0276
chr6,59020001,59032000,0.7274
chr6,59040001,59138000,0.963
chr6,59141001,59181000,0.9236
chr6,59200001,59297000,1.028
chr6,59300001,59423000,1.0872
chr6,59434001,59452000,0.9986
chr6,59456001,59488000,1.0678
chr6,59495001,59525000,0.8702
chr6,59556001,59580000,0.8728
chr6,59584001,59612000,0.9692
chr6,59617001,59720000,0.9114
chr6,59722001,59758000,0.973
chr6,59775001,59791000,1.0518
chr6,59859001,59885000,1.042
chr6,59886001,59909000,0.8156
chr6,59913001,59996000,0.9862
chr6,59998001,60036000,0.7388
chr6,60048001,60070000,0.7792
chr6,60074001,60100000,0.7568
chr6,60113001,60129000,0.5838
chr6,60133001,60216000,0.9352
chr6,60253001,60275000,0.8676
chr6,60277001,60352000,0.8518
chr6,60355001,60377000,0.7118
chr6,60379001,60494000,0.9706
chr6,60496001,60534000,0.7618
chr6,60562001,60599000,0.6512
chr6,60601001,60636000,0.8356
chr6,60640001,60657000,0.9346
chr6,60667001,60705000,1.0288
chr6,60726001,60740000,0.779
chr6,60743001,60764000,1.0012
chr6,61207001,61234000,1.0094
chr6,69453001,69466000,0.1126
chr6,77565001,77570000,0.0152
chr6,81782001,81793000,1.0074
chr6,104465001,104490000,0.0034
chr6,112345001,112349000,0.0
chr6,172044001,172083000,3.6858
chr7,252001,261000,0.9932
chr7,1296001,1305000,0.5598
chr7,4700001,4718000,1.3172
chr7,26233001,26241000,0.907
chr7,38391001,38423000,1.0262
chr7,38506001,38515000,1.097
chr7,51688001,51692000,0.004
chr7,56567001,56607000,3.2318
chr7,57177001,57202000,1.3466
chr7,58149001,58158000,1.0186
chr7,58386001,58406000,3.4304
chr7,58443001,58468000,1.224
chr7,58480001,58758000,1.2304
chr7,59620001,59645000,1.4152
chr7,59692001,59771000,3.4096
chr7,59801001,59814000,1.3568
chr7,60429001,60449000,1.2394
chr7,60466001,60506000,1.431
chr7,60506001,60533000,4.6072
chr7,60563001,60695000,4.4142
chr7,60726001,60754000,3.1592
chr7,60949001,60976000,1.4836
chr7,61000001,61012000,1.1782
chr7,61016001,61031000,1.1686
chr7,61063001,61081000,1.1984
chr7,61083001,61117000,1.394
chr7,61119001,61140000,1.0608
chr7,61147001,61160000,1.0536
chr7,61229001,61253000,1.1894
chr7,61364001,61386000,1.4238
chr7,61682001,61729000,1.3508
chr7,61768001,61828000,1.3682
chr7,61929001,61970000,1.3126
chr7,62020001,62042000,1.2918
chr7,62046001,62067000,1.2988
chr7,62069001,62089000,1.3706
chr7,62108001,62126000,1.327
chr7,62135001,62201000,1.476
chr7,62204001,62235000,1.4242
chr7,62247001,62275000,1.0812
chr7,62290001,62372000,1.224
chr7,62390001,62491000,1.316
chr7,62495001,62535000,1.3182
chr7,62540001,62567000,1.2014
chr7,62584001,62603000,1.2972
chr7,62626001,62851000,1.487
chr7,63324001,63367000,3.7108
chr7,63368001,63562000,5.5022
chr7,63672001,63704000,4.7526
chr7,66869001,66904000,1.3592
chr7,74236001,74313000,1.4152
chr7,76482001,76644000,1.2492
chr7,92650001,92661000,1.0166
chr7,98996001,99003000,0.998
chr7,102297001,102314000,1.1192
chr7,102316001,102325000,1.065
chr7,103984001,104000000,2.7562
chr7,143859001,143879000,1.0474
chr7,144924001,144942000,2.6942
chr7,145064001,145127000,2.7524
chr7,145461001,145558000,4.614
chr8,7002001,7020000,1.119
chr8,7078001,7099000,3.9406
chr8,7107001,7125000,3.3042
chr8,7265001,7345000,0.5306
chr8,7537001,7574000,1.3586
chr8,7576001,7633000,1.2924
chr8,11513001,11538000,0.1676
chr8,11627001,11703000,1.4162
chr8,11705001,11920000,0.6536
chr8,12062001,12079000,1.0922
chr8,12082001,12142000,1.447
chr8,12542001,12564000,1.3252
chr8,12584001,12642000,0.636
chr8,25394001,25412000,0.9352
chr8,39651001,39807000,1.042
chr8,44384001,44410000,3.4246
chr8,44414001,44456000,3.2816
chr8,44486001,44603000,2.9344
chr8,44637001,44649000,2.832
chr8,44652001,44684000,2.8686
chr8,44735001,44886000,2.5702
chr8,44932001,44973000,3.0022
chr8,44994001,45025000,2.8462
chr8,45260001,45292000,2.616
chr8,45353001,45372000,2.6666
chr8,45374001,45441000,2.6836
chr8,45444001,45470000,2.5858
chr8,45538001,45556000,2.839
chr8,86284001,86338000,1.494
chr8,120271001,120277000,0.0018
chr9,5001,22000,1.2196
chr9,23296001,23306000,0.9952
chr9,23369001,23384000,0.9964
chr9,39529001,39576000,3.0946
chr9,41111001,41141000,0.6734
chr9,41142001,41165000,0.7142
chr9,43740001,43753000,1.2458
chr9,44087001,44119000,2.7848
chr9,44172001,44227000,2.8174
chr9,45056001,45088000,4.7124
chr9,45090001,45311000,4.7598
chr9,45314001,45442000,4.0384
chr9,45445001,45462000,4.097
chr9,45464001,45507000,3.7518
chr9,45509001,45577000,3.5086
chr9,45599001,45677000,3.293
chr9,45723001,45759000,3.6046
chr9,45775001,45803000,3.225
chr9,45861001,45894000,3.6042
chr9,45904001,45927000,3.867
chr9,45933001,46109000,5.0652
chr9,46110001,46306000,5.9916
chr9,46308001,46436000,4.357
chr9,46440001,46461000,4.185
chr9,46483001,46584000,3.7112
chr9,46586001,46630000,3.7074
chr9,46632001,46746000,4.8236
chr9,46748001,46961000,5.0952
chr9,46985001,47095000,4.9526
chr9,47100001,47142000,4.003
chr9,47203001,47228000,4.4528
chr9,47267001,47390000,5.8932
chr9,47391001,47412000,4.7916
chr9,47453001,47555000,5.0012
chr9,48273001,48287000,2.7334
chr9,48500001,48545000,3.595
chr9,48785001,48798000,1.0724
chr9,48831001,48854000,0.5096
chr9,48970001,49053000,0.4204
chr9,49068001,49103000,0.9394
chr9,49146001,49158000,0.6808
chr9,49183001,49383000,0.4416
chr9,49386001,49407000,0.8338
chr9,49419001,49476000,0.407
chr9,49489001,51132000,0.351
chr9,51135001,51270000,0.6078
chr9,51272001,51470000,0.5086
chr9,51487001,51527000,1.0246
chr9,51538001,51616000,0.3482
chr9,51618001,51822000,0.4924
chr9,51826001,51886000,0.549
chr9,51888001,52213000,0.3698
chr9,52215001,53017000,0.5104
chr9,53031001,53059000,0.7466
chr9,53061001,53336000,0.5744
chr9,53341001,53528000,0.5752
chr9,53530001,53912000,0.6522
chr9,53914001,54518000,0.5506
chr9,54525001,54554000,0.5426
chr9,54559001,54625000,0.8908
chr9,54655001,54744000,0.929
chr9,54787001,55021000,0.9078
chr9,55025001,55249000,0.8624
chr9,55332001,55340000,1.059
chr9,55553001,55567000,0.8478
chr9,55630001,55697000,0.6822
chr9,55718001,55787000,0.79
chr9,55797001,55809000,0.814
chr9,55812001,55916000,0.6872
chr9,55918001,55969000,0.938
chr9,55973001,56035000,0.6816
chr9,56037001,56229000,0.8234
chr9,56234001,56276000,0.9104
chr9,56301001,56335000,0.9496
chr9,56337001,56668000,0.8536
chr9,56684001,56739000,1.032
chr9,56754001,56812000,0.8464
chr9,56819001,57106000,0.7106
chr9,57122001,57405000,0.757
chr9,57407001,57844000,0.5994
chr9,57846001,58205000,0.6522
chr9,58210001,58308000,0.7672
chr9,58319001,58328000,0.7538
chr9,58335001,58666000,0.599
chr9,58668001,59013000,0.693
chr9,59022001,59249000,0.752
chr9,59252001,59288000,0.7428
chr9,59292001,59415000,0.777
chr9,59423001,59540000,1.0528
chr9,59543001,59655000,0.8382
chr9,59662001,59882000,0.6108
chr9,59885001,60102000,0.795
chr9,60114001,60222000,1.0104
chr9,60226001,60271000,1.4486
chr9,60277001,60323000,1.1242
chr9,60327001,60373000,0.8748
chr9,60380001,60699000,0.9412
chr9,60702001,62690000,0.4566
chr9,62692001,63345000,0.452
chr9,63352001,63418000,0.4512
chr9,63428001,64059000,0.5168
chr9,64085001,64105000,0.8416
chr9,64107001,64120000,0.8136
chr9,64147001,64170000,0.6194
chr9,64175001,64277000,0.625
chr9,64279001,64327000,0.8164
chr9,64339001,64389000,0.6248
chr9,64392001,65073000,0.6366
chr9,65081001,65108000,1.1278
chr9,65170001,65189000,1.2452
chr9,65234001,65360000,1.068
chr9,65362001,65731000,0.8422
chr9,65734001,65826000,0.7658
chr9,65982001,66004000,1.1646
chr9,66133001,66147000,0.8276
chr9,66211001,66383000,0.7466
chr9,66391001,66403000,0.7396
chr9,66406001,66573000,0.7452
chr9,66577001,66639000,0.67
chr9,66642001,66835000,0.7864
chr9,66837001,66903000,0.8206
chr9,66905001,66960000,0.9938
chr9,66963001,67272000,0.8062
chr9,67293001,67344000,1.0022
chr9,67358001,67417000,0.7808
chr9,67423001,67722000,0.6526
chr9,67731001,68938000,0.641
chr9,68948001,68957000,0.7524
chr9,68961001,69510000,0.6122
chr9,69526001,69916000,0.6624
chr9,69921001,70045000,0.7726
chr9,70052001,70262000,0.913
chr9,70265001,70739000,0.7066
chr9,70741001,70924000,1.0914
chr9,70930001,71025000,1.0026
chr9,71033001,71087000,1.1462
chr9,71089001,71368000,0.893
chr9,71554001,71628000,4.3718
chr9,71647001,71682000,1.064
chr9,71694001,71706000,1.062
chr9,71715001,71797000,1.141
chr9,71801001,71834000,1.2578
chr9,71838001,71864000,1.4012
chr9,71883001,71919000,1.0568
chr9,71943001,71959000,0.9164
chr9,71962001,72006000,1.1166
chr9,72013001,72094000,1.0026
chr9,72099001,72136000,0.9772
chr9,72159001,72181000,1.0682
chr9,72236001,72257000,1.4342
chr9,72264001,72298000,1.2324
chr9,72366001,72468000,0.8384
chr9,72472001,72487000,0.9806
chr9,72508001,72528000,1.0496
chr9,72534001,72564000,1.0102
chr9,72585001,72616000,1.2656
chr9,72620001,72642000,0.8462
chr9,72657001,72684000,1.1936
chr9,72765001,72777000,1.1482
chr9,73033001,73098000,4.6752
chr9,73195001,73268000,3.8424
chr9,73277001,73299000,1.1528
chr9,73302001,73340000,1.1516
chr9,73343001,73400000,0.9556
chr9,73416001,73428000,1.1836
chr9,73432001,73503000,0.7184
chr9,73539001,73645000,1.3322
chr9,73725001,73800000,0.8038
chr9,73809001,73834000,1.2774
chr9,73887001,73933000,1.1572
chr9,73936001,73976000,1.2568
chr9,73981001,74054000,1.1784
chr9,74074001,74122000,1.1726
chr9,74157001,74186000,1.3984
chr9,74214001,74247000,1.2144
chr9,74309001,74346000,1.3456
chr9,74351001,74401000,0.8666
chr9,74413001,74428000,1.215
chr9,74470001,74612000,1.1658
chr9,74623001,74638000,1.154
chr9,74672001,74763000,1.3218
chr9,74783001,74956000,0.9462
chr9,74992001,75003000,0.4568
chr9,75041001,75052000,1.0848
chr9,75060001,75133000,1.0634
chr9,75176001,75189000,1.2524
chr9,75191001,75209000,1.2636
chr9,75265001,75286000,1.0648
chr9,75288001,75324000,0.9056
chr9,75328001,75370000,0.984
chr9,75372001,75531000,1.0172
chr9,75534001,75549000,1.0334
chr9,75551001,75593000,1.24
chr9,75602001,75635000,1.3068
chr9,75655001,75664000,1.0882
chr9,75700001,75759000,1.0514
chr9,75761001,75815000,1.1596
chr9,75817001,75963000,1.222
chr9,75998001,76109000,0.6388
chr9,76117001,76202000,0.8306
chr9,76208001,76237000,1.059
chr9,76254001,76293000,0.777
chr9,76307001,76328000,1.1444
chr9,76386001,76527000,0.8486
chr9,77774001,77787000,3.1688
chr9,79265001,79277000,3.8314
chr9,80152001,80197000,2.6164
chr9,114126001,114136000,1.0314
chr9,125247001,125285000,1.2242
chr9,150102001,150112000,1.1276
chr10,4001,32000,1.4116
chr10,37200001,37233000,3.1138
chr10,38591001,38617000,1.0912
chr10,40214001,40241000,1.2836
chr10,40243001,40270000,1.295
chr10,40478001,40511000,1.436
chr10,40521001,40583000,1.4458
chr10,40591001,40623000,1.2948
chr10,40706001,40738000,0.8392
chr10,41139001,41157000,1.0814
chr10,41163001,41200000,1.2892
chr10,41671001,41684000,1.1924
chr10,41710001,41727000,1.0728
chr10,41804001,41853000,1.1254
chr10,42086001,42143000,1.0822
chr10,42204001,42216000,1.1818
chr10,42227001,42238000,1.0406
chr10,42302001,42346000,1.1334
chr10,42547001,42595000,0.8632
chr10,42658001,42675000,0.4768
chr10,42677001,42705000,0.7142
chr10,42718001,42760000,0.8206
chr10,42769001,42787000,1.0192
chr10,42799001,42831000,6.0224
chr10,42835001,42866000,4.3218
chr10,42868001,42909000,4.238
chr10,42914001,42962000,4.468
chr10,43084001,43099000,1.0962
chr10,80584001,80615000,1.1606
chr10,99810001,99824000,1.1032
chr10,127832001,127841000,0.8228
chr10,129363001,129389000,0.5064
chr10,131703001,131727000,1.7526
chr10,134616001,134708000,0.9928
chr10,134710001,134725000,1.0392
chr11,32001,96000,1.3254
chr11,206001,226000,0.6744
chr11,7913001,7924000,1.0864
chr11,19019001,19064000,1.0614
chr11,43088001,43109000,1.1332
chr11,51034001,51066000,1.2198
chr11,51175001,51199000,3.7996
chr11,51673001,51698000,1.128
chr11,52023001,52061000,1.3102
chr11,52090001,52127000,1.244
chr11,52140001,52193000,0.9888
chr11,52207001,52231000,0.9284
chr11,52374001,52417000,0.9736
chr11,52419001,52456000,0.9942
chr11,52458001,52610000,0.6984
chr11,52611001,52632000,0.6384
chr11,52634001,52660000,0.8572
chr11,52676001,52702000,0.6612
chr11,52705001,52763000,0.7608
chr11,52785001,52807000,0.7178
chr11,52821001,52851000,1.034
chr11,52861001,52875000,0.7016
chr11,52877001,53213000,0.7462
chr11,53224001,53330000,1.1598
chr11,53339001,53371000,1.3074
chr11,53389001,53417000,0.9656
chr11,53421001,53452000,1.0478
chr11,53454001,53502000,0.869
chr11,53531001,53545000,0.962
chr11,53552001,53576000,0.752
chr11,53584001,53618000,1.0098
chr11,53620001,53648000,1.0324
chr11,53704001,53759000,0.8722
chr11,53918001,53929000,0.7716
chr11,53946001,53955000,0.7956
chr11,53956001,53979000,0.9372
chr11,54692001,54714000,0.029
chr11,55536001,55602000,0.0098
chr11,55606001,55643000,0.891
chr11,61159001,61235000,1.0918
chr11,63409001,63426000,3.0106
chr11,86107001,86115000,0.988
chr11,89665001,89678000,2.9058
chr11,89807001,89813000,0.0274
chr11,89986001,90015000,1.0418
chr11,94149001,94247000,1.2808
chr11,107374001,107385000,1.0794
chr12,8224001,8241000,2.6484
chr12,9377001,9386000,3.8294
chr12,10303001,10319000,4.0412
chr12,10900001,10913000,3.0
chr12,30997001,31040000,4.3028
chr12,31046001,31078000,4.3274
chr12,33102001,33116000,1.0812
chr12,34631001,34694000,1.1398
chr12,34790001,34892000,5.255
chr12,34894001,34942000,4.5474
chr12,35034001,35060000,3.6558
chr12,35063001,35130000,4.037
chr12,35134001,35162000,3.6556
chr12,35603001,35635000,3.0636
chr12,36172001,36193000,3.2684
chr12,36694001,36728000,3.6224
chr12,36764001,36795000,4.3172
chr12,36958001,37010000,3.5318
chr12,37294001,37304000,2.9402
chr12,58306001,58314000,0.597
chr12,58946001,58953000,1.0618
chr12,70458001,70464000,1.0168
chr12,79740001,79748000,3.9242
chr12,133005001,133012000,0.1294
chr13,1,85000,5.15
chr13,226001,326000,8.7676
chr13,334001,360000,5.6218
chr13,383001,455000,7.2362
chr13,485001,518000,7.6594
chr13,530001,703000,5.7046
chr13,736001,876000,8.9848
chr13,878001,1056000,6.153
chr13,1059001,1190000,6.7524
chr13,1193001,1210000,3.9388
chr13,1236001,1286000,3.4654
chr13,1288001,1299000,0.4288
chr13,1304001,1314000,0.4196
chr13,1319001,1453000,0.2824
chr13,1456001,1542000,0.526
chr13,1546001,1576000,0.5208
chr13,1580001,1925000,0.3846
chr13,1927001,1960000,0.8256
chr13,1962001,2071000,0.5328
chr13,2088001,2201000,0.256
chr13,2201001,2206000,0.0406
chr13,2223001,2235000,0.5104
chr13,2237001,2286000,0.3348
chr13,2289001,2389000,0.4906
chr13,2389001,2399000,0.3592
chr13,2400001,2431000,0.551
chr13,2444001,2740000,0.175
chr13,2744001,2766000,0.4318
chr13,2769001,2855000,0.279
chr13,2882001,2888000,0.019
chr13,2891001,2960000,0.1292
chr13,2977001,2989000,0.7108
chr13,2995001,3002000,0.1962
chr13,3005001,3184000,0.3006
chr13,3188001,3338000,0.3974
chr13,3340001,3444000,0.5284
chr13,3451001,3747000,0.3438
chr13,3751001,3835000,0.5018
chr13,3838001,3851000,0.3276
chr13,3853001,4143000,0.2748
chr13,4145001,4450000,0.2258
chr13,4503001,4519000,0.8698
chr13,4537001,4552000,0.6824
chr13,4555001,4657000,0.7066
chr13,4660001,4693000,0.7684
chr13,4695001,4723000,0.426
chr13,4747001,4757000,0.7398
chr13,4761001,4781000,0.638
chr13,4796001,4812000,0.8038
chr13,4821001,4846000,0.6148
chr13,4875001,4906000,0.9328
chr13,4970001,4998000,0.8822
chr13,5000001,5093000,0.8524
chr13,5096001,5143000,0.9356
chr13,5145001,5203000,1.4432
chr13,5205001,5266000,1.213
chr13,5306001,5323000,2.9236
chr13,5350001,5368000,0.9974
chr13,5417001,5455000,0.6944
chr13,5491001,5527000,4.995
chr13,5565001,5591000,1.1748
chr13,5596001,5630000,1.0626
chr13,5650001,5677000,0.9648
chr13,5788001,5814000,1.2332
chr13,5929001,6031000,1.3982
chr13,6117001,6186000,1.3562
chr13,6211001,6243000,1.3194
chr13,6305001,6337000,1.326
chr13,6399001,6421000,1.2264
chr13,6446001,6478000,1.303
chr13,6492001,6501000,0.9476
chr13,6586001,6623000,1.3756
chr13,6634001,6689000,1.375
chr13,6774001,6828000,1.367
chr13,6868001,6885000,1.1744
chr13,6915001,6948000,1.2868
chr13,7009001,7110000,1.3788
chr13,7150001,7294000,1.4362
chr13,7385001,7435000,1.3834
chr13,7479001,7500000,1.1276
chr13,7526001,7552000,1.1626
chr13,7573001,7661000,1.4078
chr13,7819001,7835000,1.2146
chr13,7902001,7928000,1.172
chr13,7995001,8018000,1.1826
chr13,8043001,8069000,1.266
chr13,8183001,8253000,1.2832
chr13,8277001,8294000,1.0914
chr13,8324001,8451000,1.3222
chr13,8465001,8482000,1.0882
chr13,8512001,8707000,1.3722
chr13,8747001,9123000,1.3928
chr13,9125001,9169000,1.4452
chr13,9248001,9304000,4.8152
chr13,10013001,10042000,3.2
chr13,10089001,10188000,3.272
chr13,10190001,10399000,4.1422
chr13,10405001,10671000,2.899
chr13,10675001,10753000,3.1944
chr13,10761001,10862000,2.5844
chr13,10993001,11024000,1.1336
chr13,11717001,11772000,1.3666
chr13,12309001,12331000,0.8508
chr13,12355001,12402000,0.803
chr13,12403001,12415000,0.609
chr13,12417001,12435000,0.8694
chr13,12442001,12457000,1.2336
chr13,12799001,12839000,1.44
chr13,13182001,13210000,0.982
chr13,13320001,13336000,1.479
chr13,13815001,13947000,1.4502
chr13,13980001,14015000,1.0136
chr13,14018001,14035000,0.763
chr13,14038001,14052000,0.7348
chr13,14111001,14134000,0.7496
chr13,14155001,14194000,0.7132
chr13,14204001,14223000,0.6576
chr13,14243001,14289000,0.9632
chr13,14382001,14406000,0.6452
chr13,14447001,14498000,0.7354
chr13,14513001,14529000,0.6168
chr13,14560001,14579000,0.4562
chr13,14590001,14618000,0.7282
chr13,14621001,14638000,0.817
chr13,14641001,14680000,0.788
chr13,14705001,14808000,0.7382
chr13,14822001,14841000,0.7418
chr13,15087001,15129000,0.7732
chr13,15130001,15146000,0.4726
chr13,15282001,15292000,0.6742
chr13,15317001,15336000,0.6972
chr13,15415001,15424000,0.5218
chr13,15564001,15589000,1.0502
chr13,15703001,15729000,1.1368
chr13,15735001,15777000,0.842
chr13,15783001,15821000,0.9078
chr13,15826001,15914000,0.7614
chr13,15917001,15986000,0.56
chr13,15987001,16159000,0.5792
chr13,16167001,16200000,0.56
chr13,16203001,16351000,0.5254
chr13,16354001,16372000,0.7018
chr13,16375001,16419000,0.6164
chr13,16422001,16473000,0.56
chr13,16478001,16549000,0.6876
chr13,16552001,16578000,0.4918
chr13,16579001,16696000,0.5612
chr13,16701001,16715000,0.7398
chr13,16719001,16734000,0.6312
chr13,16737001,16750000,0.5498
chr13,16752001,16809000,0.6446
chr13,16813001,16849000,0.6
chr13,16852001,16879000,0.5164
chr13,16881001,16992000,0.5556
chr13,16998001,17014000,0.6784
chr13,17018001,17037000,0.6336
chr13,17039001,17058000,0.6914
chr13,17060001,17097000,0.598
chr13,17102001,17137000,0.583
chr13,17140001,17248000,0.614
chr13,17250001,17301000,0.5874
chr13,17303001,17321000,0.87
chr13,17324001,17366000,0.7858
chr13,17372001,17393000,0.8094
chr13,17413001,17433000,1.0678
chr13,17981001,17997000,3.0676
chr13,56358001,56389000,3.699
chr13,82761001,82817000,0.0022
chr14,13001,186000,0.3958
chr14,189001,224000,0.4472
chr14,263001,277000,0.7276
chr14,279001,465000,0.7776
chr14,478001,530000,0.7648
chr14,532001,576000,0.908
chr14,579001,635000,0.6764
chr14,705001,716000,0.6694
chr14,783001,821000,1.0472
chr14,914001,949000,2.9274
chr14,949001,1005000,0.193
chr14,1006001,1241000,0.1214
chr14,1241001,1252000,0.32
chr14,1270001,1288000,0.369
chr14,1291001,1311000,0.4372
chr14,1313001,1342000,1.3072
chr14,1348001,1445000,0.8864
chr14,1448001,1469000,1.2494
chr14,1472001,1497000,1.4358
chr14,1529001,1568000,1.203
chr14,1571001,1591000,1.2554
chr14,1619001,1644000,1.185
chr14,1836001,1855000,0.6326
chr14,1868001,1881000,1.0078
chr14,1904001,1923000,1.0964
chr14,1927001,1962000,1.098
chr14,1992001,2006000,2.9498
chr14,2073001,2102000,2.9764
chr14,2809001,2941000,3.294
chr14,3307001,3321000,0.8672
chr14,3632001,3649000,0.9198
chr14,3731001,3739000,1.04
chr14,3741001,3751000,1.0622
chr14,3762001,3771000,1.3622
chr14,4085001,4117000,3.246
chr14,4122001,4144000,3.115
chr14,4157001,4169000,3.4632
chr14,4187001,4215000,2.9264
chr14,4234001,4251000,3.0448
chr14,4254001,4289000,3.244
chr14,4304001,4322000,2.848
chr14,4361001,4374000,3.0338
chr14,4390001,4412000,3.0
chr14,4418001,4435000,3.1622
chr14,4437001,4678000,4.8324
chr14,4699001,4728000,4.5318
chr14,4741001,4756000,1.242
chr14,4760001,4772000,1.066
chr14,4784001,4857000,5.9234
chr14,4865001,4977000,4.045
chr14,4994001,5012000,3.5628
chr14,5027001,5056000,2.791
chr14,5093001,5141000,3.3628
chr14,5147001,5181000,3.5504
chr14,5183001,5210000,3.323
chr14,5213001,5263000,2.7696
chr14,5274001,5327000,2.7564
chr14,5358001,5403000,3.1416
chr14,5429001,5486000,3.0448
chr14,5488001,5556000,3.1322
chr14,5558001,5643000,3.0268
chr14,5900001,5929000,3.3792
chr14,6530001,6551000,2.5976
chr14,6909001,6925000,0.57
chr14,6964001,6988000,3.046
chr14,7546001,7556000,4.5566
chr14,8202001,8215000,0.7714
chr14,8361001,8383000,3.1732
chr14,8385001,8429000,3.3422
chr14,8432001,8462000,2.5602
chr14,8528001,8572000,2.6368
chr14,8610001,8650000,2.5098
chr14,9132001,9204000,1.119
chr14,9302001,9317000,1.483
chr14,10683001,10701000,0.832
chr14,10803001,10832000,0.9614
chr14,10839001,10860000,0.576
chr14,10874001,10890000,0.7626
chr14,10893001,10928000,0.9022
chr14,10930001,10957000,0.8964
chr14,10986001,11033000,1.39
chr14,11054001,11124000,1.2796
chr14,11140001,11227000,0.9762
chr14,11228001,11380000,0.8492
chr14,11383001,11485000,0.895
chr14,11488001,11567000,1.021
chr14,11569001,11676000,0.7404
chr14,11678001,11698000,0.7574
chr14,11718001,11759000,1.004
chr14,11762001,11907000,0.7664
chr14,11910001,11957000,0.9366
chr14,11959001,11978000,0.8068
chr14,11983001,12009000,0.7978
chr14,12011001,12065000,0.709
chr14,12068001,12138000,0.7908
chr14,12141001,12176000,0.9124
chr14,12181001,12277000,0.856
chr14,12280001,12340000,0.9302
chr14,12350001,12387000,1.3494
chr14,12390001,12405000,0.7546
chr14,12950001,13011000,1.4952
chr14,13109001,13137000,2.8136
chr14,13212001,13242000,3.3118
chr14,13257001,13280000,3.0298
chr14,13284001,13404000,3.3252
chr14,13438001,13469000,3.4002
chr14,13473001,13496000,3.2418
chr14,13588001,13622000,3.0816
chr14,13633001,13656000,2.6658
chr14,13852001,13900000,4.1928
chr14,34331001,34339000,1.0
chr14,40544001,40550000,0.0018
chr14,67738001,67765000,0.1062
chr14,73850001,73859000,1.024
chr14,99878001,99901000,0.994
chr14,99919001,99933000,3.0448
chr14,99981001,100002000,1.2838
chr14,100016001,100132000,0.6134
chr14,100136001,100600000,1.0014
chr14,100725001,100748000,3.5728
chr14,100783001,100807000,3.9026
chr15,1001,53000,3.4406
chr15,87001,183000,5.2498
chr15,219001,283000,3.1698
chr15,295001,324000,2.901
chr15,368001,384000,0.8214
chr15,420001,465000,0.7952
chr15,471001,566000,0.8144
chr15,583001,629000,0.9992
chr15,650001,673000,1.167
chr15,698001,755000,1.3432
chr15,774001,792000,1.0588
chr15,794001,850000,1.0078
chr15,860001,920000,0.9678
chr15,928001,1089000,0.961
chr15,1090001,1133000,0.8118
chr15,1140001,1241000,0.7258
chr15,1252001,1279000,0.8354
chr15,1281001,1366000,0.5972
chr15,1375001,1390000,0.9948
chr15,1481001,1500000,1.033
chr15,1612001,1648000,2.9868
chr15,1943001,1976000,3.8606
chr15,2247001,2262000,0.509
chr15,2277001,2288000,0.9108
chr15,2306001,2463000,3.3896
chr15,5440001,5453000,1.1614
chr15,5579001,5594000,0.6472
chr15,5607001,5632000,0.864
chr15,5637001,5658000,0.7928
chr15,5676001,5689000,0.5944
chr15,5698001,5759000,0.8766
chr15,5763001,5774000,0.5582
chr15,5780001,5794000,0.792
chr15,5800001,5811000,0.7252
chr15,5859001,5873000,0.5692
chr15,5886001,5921000,0.737
chr15,5953001,5967000,0.5698
chr15,5969001,5991000,4.5252
chr15,6183001,6236000,3.9874
chr15,6237001,6260000,3.9414
chr15,6301001,6312000,0.86
chr15,6419001,6442000,1.0568
chr15,6460001,6488000,0.8114
chr15,6493001,6559000,1.1146
chr15,6744001,6756000,0.792
chr15,6788001,6805000,1.034
chr15,6813001,6896000,0.9064
chr15,6899001,7089000,0.8126
chr15,7092001,7142000,0.6844
chr15,7148001,7157000,0.416
chr15,7157001,7168000,0.6348
chr15,7169001,7259000,0.5232
chr15,7261001,7279000,0.7482
chr15,7281001,7310000,0.6206
chr15,7315001,7478000,0.4476
chr15,7486001,7501000,0.955
chr15,7505001,7533000,1.0112
chr15,7576001,7589000,0.76
chr15,7604001,7624000,0.5742
chr15,7675001,7691000,0.8196
chr15,7695001,7720000,0.9166
chr15,7748001,7761000,0.5244
chr15,7766001,7817000,0.631
chr15,7820001,7917000,0.4312
chr15,7919001,8008000,0.353
chr15,8010001,8119000,0.444
chr15,8122001,8231000,0.4632
chr15,8234001,8311000,0.6642
chr15,8314001,8346000,0.5928
chr15,8369001,8443000,0.805
chr15,8457001,8475000,0.8838
chr15,8509001,8545000,0.7968
chr15,8548001,8570000,0.6868
chr15,8573001,8675000,0.546
chr15,8677001,8700000,0.6392
chr15,8712001,8747000,0.8506
chr15,8773001,8798000,0.7572
chr15,8908001,9018000,0.7436
chr15,9021001,9039000,0.514
chr15,9042001,9057000,0.6174
chr15,9063001,9073000,0.746
chr15,9076001,9198000,0.5542
chr15,9202001,9219000,0.4402
chr15,9222001,9275000,0.7124
chr15,9278001,9298000,0.6486
chr15,9300001,9331000,0.7192
chr15,9336001,9356000,0.6968
chr15,9358001,9408000,0.6924
chr15,9418001,9433000,0.6344
chr15,9439001,9453000,0.5572
chr15,9460001,9474000,0.885
chr15,9501001,9552000,0.7274
chr15,9554001,9580000,0.8698
chr15,9599001,9682000,0.8888
chr15,9747001,9759000,0.4142
chr15,9781001,9819000,0.3996
chr15,9822001,10187000,0.3594
chr15,10189001,10383000,0.4464
chr15,10386001,10523000,0.6126
chr15,10548001,10592000,0.7234
chr15,10610001,10617000,0.4666
chr15,10621001,10634000,0.4734
chr15,10674001,10913000,0.4192
chr15,10916001,11111000,0.4704
chr15,11114001,11236000,0.6484
chr15,11249001,11338000,0.7088
chr15,11341001,11364000,0.8236
chr15,11366001,11430000,0.8132
chr15,11432001,11694000,0.652
chr15,11711001,11760000,0.789
chr15,11764001,11914000,0.7924
chr15,11938001,12037000,0.6106
chr15,12039001,12121000,0.5416
chr15,12125001,12148000,0.4472
chr15,12150001,12201000,0.6804
chr15,12205001,12214000,0.7382
chr15,12217001,12271000,0.7216
chr15,12295001,12310000,0.7158
chr15,12311001,12351000,0.6914
chr15,12353001,12390000,0.8786
chr15,12392001,12406000,0.7578
chr15,12427001,12493000,0.6942
chr15,12499001,12684000,0.6956
chr15,12686001,12701000,0.5796
chr15,12715001,12808000,0.9128
chr15,12810001,12842000,0.78
chr15,12844001,12881000,1.0054
chr15,12909001,12927000,0.942
chr15,12983001,13033000,0.8036
chr15,13084001,13106000,1.0324
chr15,13110001,13120000,0.8644
chr15,13123001,13175000,1.273
chr15,13519001,13535000,0.8638
chr15,13539001,13551000,0.7956
chr15,13553001,13618000,1.0854
chr15,13654001,13693000,0.92
chr15,13695001,13750000,0.8784
chr15,14301001,14330000,0.9894
chr15,14460001,14541000,0.5954
chr15,14700001,14737000,1.2234
chr15,14944001,14953000,0.9448
chr15,15222001,15244000,1.003
chr15,15418001,15451000,0.9938
chr15,15455001,15495000,4.5086
chr15,15495001,15613000,1.4266
chr15,16687001,16823000,5.4516
chr15,16827001,17515000,4.4762
chr15,17517001,17602000,5.7566
chr15,17610001,17651000,3.3654
chr15,17658001,17677000,0.7968
chr15,17921001,17935000,1.258
chr15,18004001,18075000,1.3444
chr15,18252001,18341000,3.1014
chr15,18429001,18475000,1.4008
chr15,18594001,18616000,2.779
chr15,18659001,18672000,0.7684
chr15,18857001,18883000,0.8236
chr15,18915001,18954000,2.9724
chr15,18962001,18977000,2.9518
chr15,18980001,18991000,2.9362
chr15,19002001,19180000,2.9388
chr15,19182001,19208000,2.9762
chr15,19478001,19534000,2.6606
chr15,19540001,19561000,4.3118
chr15,19595001,19628000,2.8438
chr15,19693001,19929000,3.0532
chr15,20722001,20733000,0.458
chr15,20810001,20924000,1.142
chr15,20928001,21101000,1.1584
chr15,22161001,22210000,1.018
chr15,26046001,26058000,2.8284
chr15,26155001,26198000,1.3076
chr15,26378001,26462000,1.2362
chr15,71886001,71952000,1.383
chr15,73144001,73165000,1.4148
chr15,80306001,80323000,3.057
chr15,80352001,80373000,3.3986
chr15,82080001,82130000,2.638
chr15,99512001,99526000,1.0322
chr15,99667001,99712000,1.463
chr16,18247001,18271000,0.9646
chr16,32681001,32699000,3.808
chr16,32702001,33059000,1.3788
chr16,33066001,33112000,3.2336
chr16,33587001,33663000,4.1168
chr16,33789001,34294000,0.5814
chr16,34297001,34334000,0.872
chr16,34361001,34374000,0.7322
chr16,34379001,34441000,0.5852
chr16,34443001,34933000,0.4334
chr16,35021001,35101000,0.7024
chr16,35351001,35396000,1.07
chr16,36163001,36229000,3.2422
chr16,36316001,36344000,3.3768
chr16,36611001,36636000,1.3588
chr16,36651001,36665000,1.0028
chr16,36687001,36700000,1.0752
chr16,36744001,36758000,0.7642
chr16,36866001,36899000,0.8824
chr16,37259001,37287000,2.8238
chr16,37556001,37574000,1.288
chr16,37735001,37793000,3.6122
chr16,37800001,37820000,0.9152
chr16,38101001,38117000,1.368
chr16,39505001,39517000,0.9132
chr16,39602001,39778000,1.2582
chr16,39797001,39812000,1.2784
chr16,39832001,39876000,1.3726
chr16,39897001,39987000,1.1332
chr16,39991001,40001000,1.2052
chr16,40004001,40104000,1.3758
chr16,40106001,40145000,1.311
chr16,40148001,40193000,1.2542
chr16,40283001,40295000,1.1586
chr16,40331001,40368000,0.8904
chr16,40371001,40382000,1.0572
chr16,40444001,40476000,1.35
chr16,40499001,40514000,1.2854
chr16,40569001,40630000,1.004
chr16,40640001,40724000,1.2984
chr16,40816001,40830000,1.0154
chr16,40834001,40902000,1.3412
chr16,40926001,40959000,0.9738
chr16,40965001,40984000,1.0862
chr16,40990001,41036000,1.2968
chr16,41043001,41064000,5.0228
chr16,41079001,41100000,1.1302
chr16,41125001,41143000,1.096
chr16,41145001,41154000,1.1196
chr16,41185001,41225000,1.2524
chr16,41282001,41430000,1.2194
chr16,41456001,41706000,0.976
chr16,41711001,41723000,0.905
chr16,41728001,41840000,0.8822
chr16,41844001,41877000,1.1458
chr16,41880001,42259000,0.7778
chr16,42264001,42387000,0.83
chr16,42389001,42455000,0.8128
chr16,42457001,43282000,0.6836
chr16,43284001,43964000,0.7184
chr16,43966001,46619000,0.6948
chr16,46621001,46711000,0.603
chr16,46724001,46852000,0.823
chr16,46854001,46875000,0.8628
chr16,46877001,46943000,0.7114
chr16,46945001,47428000,0.6454
chr16,47430001,47579000,0.623
chr16,47587001,48038000,0.7102
chr16,48042001,48270000,0.784
chr16,48282001,48367000,0.863
chr16,48387001,48489000,0.9488
chr16,48492001,48578000,0.8786
chr16,48580001,48609000,0.8958
chr16,48631001,48659000,1.1046
chr16,48671001,48694000,1.3464
chr16,48703001,48716000,1.0722
chr16,48745001,48760000,1.0246
chr16,48763001,48813000,1.112
chr16,48815001,48863000,1.117
chr16,48865001,48878000,1.1132
chr16,48880001,48933000,1.0328
chr16,48946001,48985000,0.9478
chr16,49004001,49031000,1.15
chr16,49098001,49170000,0.8228
chr16,49174001,49350000,0.9312
chr16,49351001,49391000,0.872
chr16,49406001,49415000,0.7698
chr16,49429001,49512000,0.868
chr16,49515001,49632000,0.85
chr16,49635001,49886000,0.9312
chr16,49893001,49936000,0.9178
chr16,49938001,50054000,0.992
chr16,50075001,50174000,1.066
chr16,50205001,50244000,1.3248
chr16,50347001,50371000,1.2716
chr16,50412001,50423000,0.6388
chr16,50480001,50518000,3.0242
chr16,50576001,50653000,1.2778
chr16,50658001,50672000,0.938
chr16,50780001,50807000,1.2432
chr16,50809001,50835000,1.2504
chr16,50884001,50924000,1.2036
chr16,50942001,50996000,1.3818
chr16,51038001,51063000,1.2732
chr16,51067001,51095000,1.298
chr16,51116001,51133000,1.1428
chr16,51414001,51437000,1.1642
chr16,51884001,51942000,1.184
chr16,51999001,52112000,1.3934
chr16,52114001,52142000,1.4536
chr16,52155001,52171000,1.3236
chr16,75933001,75980000,1.2848
chr16,75986001,76002000,1.3906
chr16,80177001,80473000,1.056
chr16,84394001,84407000,1.0014
chr16,94986001,95000000,1.0366
chr17,16001,33000,0.5714
chr17,16717001,16772000,0.9302
chr17,18400001,18435000,1.4484
chr17,21856001,21957000,1.0592
chr17,22009001,22058000,5.1906
chr17,22066001,22101000,3.6486
chr17,22168001,22193000,1.4356
chr17,22214001,22221000,1.2278
chr17,23579001,23608000,2.6542
chr17,23733001,23749000,1.1058
chr17,24191001,24338000,1.265
chr17,24341001,24377000,1.095
chr17,24379001,24414000,1.2916
chr17,24416001,24444000,1.3696
chr17,24491001,24508000,4.0812
chr17,24756001,24957000,1.2076
chr17,24960001,24981000,1.1492
chr17,24984001,25047000,1.2838
chr17,25052001,25075000,1.1366
chr17,25077001,25104000,1.046
chr17,25122001,25197000,1.3092
chr17,25217001,25253000,1.1452
chr17,25257001,25370000,1.2226
chr17,25373001,25420000,1.1034
chr17,25424001,25546000,1.1238
chr17,25549001,25616000,1.304
chr17,25636001,25829000,1.3438
chr17,25836001,25892000,1.2334
chr17,25942001,26001000,1.2964
chr17,26003001,26067000,1.254
chr17,26177001,26206000,1.2086
chr17,26774001,26787000,2.96
chr17,26839001,26855000,3.0634
chr17,27090001,27111000,1.1978
chr17,27222001,27234000,3.2616
chr17,27348001,27359000,1.053
chr17,27461001,27485000,3.2892
chr17,37120001,37196000,0.8422
chr17,37336001,37418000,0.6568
chr17,38878001,38912000,3.987
chr17,39082001,39113000,2.7558
chr17,44114001,44170000,8.3248
chr17,46366001,46382000,2.7102
chr17,46435001,46447000,4.1216
chr17,47154001,47568000,1.0764
chr17,54651001,54658000,0.9218
chr17,73987001,73995000,1.014
chr17,83782001,84061000,1.0036
chr17,84240001,84258000,3.7592
chr18,2001,218000,0.6676
chr18,14614001,14623000,1.0378
chr18,15721001,15732000,0.9538
chr18,15769001,15803000,0.8336
chr18,15840001,15894000,3.453
chr18,16258001,16281000,1.4122
chr18,16308001,16330000,0.7264
chr18,16373001,16427000,1.4884
chr18,16518001,16749000,1.3492
chr18,16859001,16887000,1.1846
chr18,16888001,16983000,1.0278
chr18,16985001,17003000,1.0756
chr18,17005001,17137000,1.1922
chr18,17139001,17238000,1.0774
chr18,17254001,17463000,1.0518
chr18,17465001,17486000,1.302
chr18,17597001,17759000,1.0264
chr18,17785001,17798000,1.199
chr18,17944001,18120000,1.3068
chr18,18123001,18509000,1.2478
chr18,18514001,18685000,1.4478
chr18,18772001,18875000,1.3692
chr18,18880001,18910000,1.4478
chr18,18919001,19180000,1.475
chr18,19183001,19305000,1.4298
chr18,19538001,19570000,2.9958
chr18,19619001,19651000,2.789
chr18,20069001,20155000,1.4908
chr18,20398001,20430000,1.4186
chr18,20871001,20888000,1.3242
chr18,20891001,20963000,0.8906
chr18,20966001,21028000,0.9968
chr18,47153001,47222000,3.665
chr18,67490001,67498000,0.8624
chr18,74426001,74432000,0.2396
chr18,79249001,79264000,0.4574
chr18,79875001,79894000,0.7932
chr19,159001,171000,1.4838
chr19,8734001,8892000,1.2586
chr19,24481001,24502000,1.293
chr19,24740001,24892000,0.9236
chr19,24903001,25054000,0.996
chr19,25056001,25184000,0.886
chr19,25287001,25296000,3.798
chr19,25329001,25367000,0.809
chr19,25369001,25539000,0.866
chr19,25712001,25740000,3.0826
chr19,26321001,26332000,0.84
chr19,26499001,26608000,0.9042
chr19,26610001,26723000,0.7062
chr19,26725001,26829000,0.914
chr19,26832001,26868000,0.9148
chr19,26916001,26941000,1.1324
chr19,26982001,27045000,0.841
chr19,27084001,27109000,1.1386
chr19,27172001,27239000,1.0574
chr19,27262001,27317000,0.9136
chr19,27320001,27329000,0.7522
chr19,27464001,27484000,0.9924
chr19,27487001,27539000,0.9716
chr19,27571001,27601000,0.9922
chr19,27603001,27679000,0.663
chr19,27682001,27701000,0.8826
chr19,27703001,27779000,0.8966
chr19,27784001,27848000,0.9126
chr19,27850001,27884000,0.6622
chr19,27900001,28157000,0.6494
chr19,28159001,28192000,0.486
chr19,28199001,28211000,0.5428
chr19,28215001,28256000,0.8938
chr19,28296001,28362000,0.7786
chr19,28398001,28412000,0.5694
chr19,28419001,28431000,0.515
chr19,28435001,28470000,0.7048
chr19,28507001,28525000,0.9182
chr19,29281001,29350000,1.3482
chr19,29353001,29412000,5.4192
chr19,29471001,29543000,10.191
chr19,29643001,29673000,1.4124
chr19,30243001,30256000,0.6028
chr19,38818001,38984000,0.8334
chr19,39944001,40048000,0.9102
chr19,40052001,40075000,1.1056
chr19,40076001,40092000,0.921
chr19,46017001,46063000,1.0446
chr19,46064001,46081000,1.0956
chr19,50742001,50884000,1.4064
chr19,50911001,50930000,1.3358
chr19,54719001,54735000,3.0034
chr19,56097001,56132000,2.9204
chr19,57302001,57322000,3.0094
chr20,2001,18000,1.488
chr20,1615001,1636000,3.2558
chr20,1893001,1907000,0.336
chr20,26014001,26080000,3.8808
chr20,26389001,26399000,0.963
chr20,26412001,26427000,2.7048
chr20,26466001,26488000,0.9338
chr20,26506001,26530000,0.6678
chr20,26590001,26610000,1.367
chr20,26660001,26677000,3.0054
chr20,26768001,26797000,1.167
chr20,26805001,26836000,1.0356
chr20,26850001,26863000,0.893
chr20,26908001,26923000,0.5136
chr20,27253001,27290000,2.61
chr20,27375001,27397000,3.0258
chr20,28642001,28655000,1.1814
chr20,29034001,29049000,1.057
chr20,29191001,29199000,1.1602
chr20,29207001,29223000,1.1266
chr20,29253001,29280000,0.9538
chr20,29321001,29361000,1.1958
chr20,29366001,29392000,1.1478
chr20,29445001,29461000,3.2082
chr20,30128001,30206000,2.8906
chr20,30208001,30429000,2.832
chr20,30432001,30503000,2.7962
chr20,30506001,30537000,2.785
chr20,30739001,30790000,1.0812
chr20,30793001,30814000,1.3812
chr20,31735001,31772000,1.0014
chr20,31784001,31833000,0.5196
chr20,31844001,31909000,1.239
chr20,32092001,32117000,7.2734
chr20,32153001,32181000,1.0362
chr20,32232001,32369000,0.4708
chr20,32369001,32406000,4.1598
chr20,32406001,32422000,0.9442
chr20,32434001,32518000,0.8808
chr20,32523001,32557000,0.737
chr20,32560001,32578000,0.8416
chr20,32582001,32618000,0.5976
chr20,32622001,32638000,0.6236
chr20,32641001,32797000,0.4416
chr20,32797001,32858000,7.6072
chr20,32871001,32901000,3.2978
chr20,49645001,49664000,0.8086
chr20,66108001,66121000,3.65
chr21,19001,40000,3.1524
chr21,138001,173000,5.2164
chr21,176001,233000,4.0372
chr21,281001,384000,0.7724
chr21,386001,399000,0.5896
chr21,475001,505000,0.9956
chr21,625001,657000,0.9836
chr21,711001,736000,1.0546
chr21,805001,845000,1.2936
chr21,876001,912000,1.3336
chr21,1057001,1138000,0.7542
chr21,1140001,1168000,0.9444
chr21,1175001,1247000,0.595
chr21,1310001,1334000,1.0356
chr21,1336001,1361000,0.8222
chr21,1373001,1412000,1.2336
chr21,1446001,1466000,0.8616
chr21,1496001,1536000,0.6018
chr21,1538001,1559000,0.5958
chr21,1641001,1694000,0.6852
chr21,1697001,1710000,0.7632
chr21,1713001,1758000,0.9796
chr21,1763001,1796000,0.7928
chr21,1819001,1859000,0.7944
chr21,1914001,1932000,0.6968
chr21,1950001,1976000,0.879
chr21,1979001,2123000,0.8654
chr21,2268001,2348000,1.0944
chr21,2372001,2410000,2.5908
chr21,2501001,2611000,0.5466
chr21,2672001,2696000,4.7186
chr21,2714001,2748000,0.909
chr21,2785001,2798000,0.692
chr21,2921001,2943000,3.1572
chr21,2977001,3010000,1.218
chr21,3010001,3054000,2.6468
chr21,3931001,3949000,1.4358
chr21,3973001,3996000,1.468
chr21,4204001,4216000,1.4008
chr21,5565001,5614000,7.3526
chr21,5661001,5783000,0.7474
chr21,5923001,6047000,1.2818
chr21,6054001,6165000,1.314
chr21,6219001,6252000,1.2628
chr21,6270001,6302000,0.9954
chr21,6521001,6614000,1.1048
chr21,6641001,6669000,1.028
chr21,6689001,6709000,1.0512
chr21,6714001,6861000,0.5956
chr21,6882001,7723000,0.5636
chr21,7726001,7766000,0.7124
chr21,7776001,7902000,1.1608
chr21,8013001,8050000,1.2562
chr21,8182001,8232000,3.5998
chr21,8702001,8763000,1.217
chr21,8802001,8832000,2.7796
chr21,9119001,9149000,1.1534
chr21,9238001,9252000,1.0682
chr21,9489001,9500000,3.2672
chr21,10196001,10277000,1.2278
chr21,10802001,10871000,5.5668
chr21,10872001,11018000,6.6914
chr21,11019001,11137000,7.4426
chr21,11138001,11305000,10.6354
chr22,76001,98000,1.022
chr22,109001,167000,0.8114
chr22,171001,191000,0.724
chr22,197001,265000,0.987
chr22,272001,291000,0.7166
chr22,300001,327000,0.7314
chr22,328001,350000,0.7324
chr22,350001,411000,3.0806
chr22,529001,740000,0.5222
chr22,745001,901000,0.5926
chr22,904001,1243000,0.421
chr22,1250001,1579000,0.3792
chr22,1581001,1837000,0.36
chr22,1844001,1857000,0.485
chr22,1878001,1911000,0.3734
chr22,1941001,1990000,3.9642
chr22,2010001,2177000,6.1384
chr22,2183001,2317000,4.5062
chr22,2319001,2975000,6.7568
chr22,2979001,3093000,10.0186
chr22,3095001,3138000,12.6744
chr22,3149001,3941000,5.625
chr22,4123001,4258000,3.1936
chr22,4258001,4279000,1.2996
chr22,4279001,4374000,4.2206
chr22,4400001,4494000,3.627
chr22,4527001,4547000,0.6404
chr22,4659001,4675000,1.1192
chr22,4699001,4719000,1.18
chr22,5721001,5804000,1.4314
chr22,5804001,5975000,3.4594
chr22,5976001,6509000,3.8308
chr22,6532001,6555000,3.3214
chr22,6597001,6723000,1.3332
chr22,6731001,6984000,0.2688
chr22,7017001,7051000,0.2642
chr22,7078001,7085000,0.194
chr22,7098001,7173000,0.41
chr22,7184001,7279000,0.5822
chr22,7325001,7428000,0.3772
chr22,7561001,7585000,5.8594
chr22,7700001,7817000,0.4268
chr22,7827001,9236000,0.1818
chr22,9236001,9300000,2.6298
chr22,9313001,9347000,3.0492
chr22,9447001,9464000,0.6836
chr22,9464001,9514000,2.6578
chr22,9564001,9578000,3.4876
chr22,9848001,9906000,0.6618
chr22,9958001,10071000,0.8278
chr22,10073001,10118000,0.9024
chr22,10138001,10165000,0.3314
chr22,10166001,10183000,0.3908
chr22,10248001,10319000,1.2686
chr22,10322001,10518000,1.4702
chr22,10520001,10563000,1.3122
chr22,10588001,10720000,1.2528
chr22,10724001,10790000,0.751
chr22,10810001,10840000,0.949
chr22,10873001,10909000,0.6404
chr22,10912001,10953000,0.8218
chr22,10981001,11107000,1.2872
chr22,11339001,11374000,2.6878
chr22,11375001,11391000,2.8202
chr22,11392001,11417000,3.1198
chr22,11877001,11898000,2.7232
chr22,12191001,12208000,2.6514
chr22,12309001,12320000,25.7786
chr22,12461001,12471000,3.812
chr22,12789001,12856000,4.8206
chr22,12909001,12940000,5.182
chr22,13157001,13166000,0.7818
chr22,13169001,13185000,0.685
chr22,13186001,13285000,0.7404
chr22,13287001,13766000,0.823
chr22,13770001,13783000,0.7084
chr22,13785001,13797000,0.9134
chr22,13799001,13938000,0.7652
chr22,13942001,13977000,1.1734
chr22,13991001,14015000,0.8324
chr22,14018001,14044000,0.9214
chr22,14057001,14069000,0.874
chr22,14073001,14135000,0.8362
chr22,14178001,14209000,0.766
chr22,14233001,14255000,1.0576
chr22,14344001,14374000,1.054
chr22,14389001,14521000,0.9128
chr22,14525001,14553000,0.8226
chr22,14567001,14595000,0.9492
chr22,14610001,14628000,1.0228
chr22,14681001,14721000,1.157
chr22,14726001,14742000,1.0144
chr22,14745001,14763000,1.016
chr22,15057001,15133000,4.5656
chr22,15177001,15336000,6.9292
chr22,15339001,15393000,4.6712
chr22,15395001,15430000,4.7652
chr22,15441001,15615000,5.133
chr22,16214001,16281000,3.3772
chr22,16286001,16311000,3.3484
chr22,16337001,16430000,3.1786
chr22,16487001,16518000,2.9658
chr22,16898001,16914000,1.051
chr22,18868001,18890000,1.3688
chr22,18922001,18964000,1.308
chr22,18967001,19074000,1.2166
chr22,19140001,19176000,1.3768
chr22,19180001,19229000,1.2202
chr22,20720001,20742000,0.2536
chr22,21762001,21790000,2.9022
chr22,21821001,21890000,2.6312
chr22,22812001,22821000,0.954
chr22,24379001,24409000,3.0316
chr22,24409001,24427000,1.038
chr22,24430001,24463000,1.1298
chr22,39109001,39114000,0.0
chr22,39369001,39373000,0.0014
chrX,40001,123000,0.909
chrX,127001,263000,0.8782
chrX,266001,345000,0.8804
chrX,347001,777000,0.979
chrX,784001,931000,0.9742
chrX,933001,1021000,0.9656
chrX,1024001,1145000,1.032
chrX,1148001,1459000,1.0052
chrX,1461001,1589000,0.8792
chrX,1592001,1683000,1.1142
chrX,1685001,1747000,1.0028
chrX,1749001,2115000,1.0366
chrX,2118001,2266000,1.0776
chrX,2269001,2379000,1.082
chrX,2381001,2394000,0.9088
chrX,3442001,3462000,3.1182
chrX,7722001,7735000,1.0294
chrX,48792001,48838000,1.3688
chrX,51761001,51773000,2.7242
chrX,51783001,51808000,2.6994
chrX,57824001,57889000,3.2922
chrX,57926001,57942000,3.048
chrX,58049001,58135000,4.844
chrX,58385001,58413000,1.1908
chrX,58487001,58502000,0.967
chrX,58586001,58641000,0.9666
chrX,58642001,58728000,0.966
chrX,58782001,58805000,1.0958
chrX,59026001,59064000,3.3688
chrX,59182001,59198000,2.853
chrX,59311001,59334000,2.7594
chrX,59337001,59427000,2.9862
chrX,59447001,59463000,2.988
chrX,59482001,59523000,3.3638
chrX,59533001,59548000,3.1576
chrX,59659001,59682000,3.1238
chrX,59860001,59898000,2.9
chrX,60204001,60223000,3.6638
chrX,60224001,60280000,3.5918
chrX,60364001,60394000,3.2282
chrX,60412001,60446000,3.4392
chrX,60641001,60686000,2.6186
chrX,60696001,60722000,3.0052
chrX,60725001,60738000,3.4506
chrX,60755001,60841000,3.194
chrX,60874001,60898000,1.0156
chrX,63291001,63304000,1.1002
chrX,87637001,87647000,1.0762
chrX,88718001,88727000,0.0594
chrX,134112001,134125000,0.9816
chrX,134146001,134175000,1.2478
chrX,139328001,139430000,2.8496
chrX,139561001,139838000,3.6262
chrX,139846001,139864000,2.886
chrX,139867001,140009000,3.6886
chrX,152425001,152529000,1.3794
chrX,153930001,154260000,1.0254
chrY,6001,22000,0.5736
chrY,42001,137000,0.8188
chrY,140001,155000,0.9342
chrY,159001,280000,1.1396
chrY,283001,297000,1.2222
chrY,301001,333000,1.0104
chrY,335001,446000,1.0148
chrY,460001,572000,0.965
chrY,575001,682000,1.2702
chrY,684001,693000,1.0882
chrY,703001,715000,1.0196
chrY,735001,772000,1.0334
chrY,777001,832000,0.9038
chrY,837001,865000,1.043
chrY,874001,1095000,1.039
chrY,1098001,1215000,1.0268
chrY,1219001,1231000,1.1628
chrY,1241001,1323000,1.1088
chrY,1375001,1431000,1.1566
chrY,1432001,1473000,1.0512
chrY,1476001,1746000,1.1018
chrY,1748001,1834000,1.0744
chrY,1837001,2039000,1.0294
chrY,2042001,2069000,1.2308
chrY,2076001,2251000,1.0126
chrY,2253001,5216000,0.1908
chrY,5218001,11518000,0.0382
chrY,11522001,62337000,0.0086
chrY,62339001,62399000,1.228
chrY,62401001,62456000,1.1834
