hs1,12048,177033,22
hs1,228416,267160,24
hs1,471226,471326,10
hs1,318047,471226,21
hs1,206555003,206584860,8
hs1,120531252,120663489,9
hs1,120550433,120632388,9
hs1,120531252,120632288,9
hs1,120747274,120765533,6
hs1,121106625,121150305,26
hs1,121087890,121150305,20
hs1,142782992,142966207,44
hs1,143117904,143286555,54
hs1,143343095,143346454,34
hs1,143668630,143671619,12
hs1,143645795,143648120,6
hs1,143699358,143699873,6
hs1,143709152,143721248,8
hs1,143709598,143721248,8
hs1,143708706,143717385,8
hs1,143709598,143717385,8
hs1,143720002,143721248,8
hs1,143668630,143669746,6
hs1,143668630,143695957,10
hs1,143673493,143697899,6
hs1,143668630,143672171,12
hs1,143648120,143664598,8
hs1,143669746,143672171,17
hs1,143668630,143673493,12
hs1,143699358,143721248,8
hs1,144026283,144028624,6
hs1,143986662,144017106,6
hs1,143913645,143985818,8
hs1,143913445,143913645,8
hs1,143986662,144045374,6
hs1,143986662,144091939,6
hs1,144045274,144045374,6
hs1,143873213,143985818,8
hs1,144017106,144045374,6
hs1,144017106,144026283,6
hs1,144146792,144224420,201
hs1,144294333,144400682,11
hs1,144274620,144292174,8
hs1,144612537,144622084,43
hs1,144456917,144472316,8
hs1,144482471,144488959,10
hs1,144482042,144482471,14
hs1,144488959,144522495,11
hs1,144452805,144456917,10
hs1,144672660,144708985,7
hs1,145120773,145183781,6
hs1,145183781,145199994,9
hs1,144950287,145081100,7
hs1,144906613,144908385,4
hs1,145270872,145273281,8
hs1,144863780,144866335,6
hs1,144908385,144910495,4
hs1,145199994,145202755,6
hs1,144884342,144885171,6
hs1,144932302,144948483,4
hs1,145096445,145120773,6
hs1,145270872,145368788,162
hs1,144876584,144881590,10
hs1,144895650,144906613,4
hs1,144913569,144931782,4
hs1,145185836,145199994,9
hs1,145202755,145269221,9
hs1,145619295,145833107,2
hs1,145944620,145984927,6
hs1,145941761,145944320,6
hs1,145883788,145944320,4
hs1,146214763,146253252,145
hs1,146352157,146367582,6
hs1,146367682,146373564,6
hs1,146374569,146466519,155
hs1,210075855,210086936,1
hs1,147602041,147620971,14
hs1,147630485,147631191,6
hs1,147532878,147601791,47
hs1,147635342,147718555,6
hs1,147622765,147624044,8
hs1,147626727,147629781,4
hs1,147406490,147498847,4
hs1,147624529,147628018,8
hs1,147532878,147602041,47
hs1,147618488,147620971,13
hs1,147626727,147630485,4
hs1,147624529,147626727,10
hs1,147532878,147622765,42
hs1,147630485,147631491,6
hs1,147601791,147602041,14
hs1,147602041,147618488,16
hs1,147883254,147890035,6
hs1,147856243,147878456,10
hs1,147856243,147857209,6
hs1,147890035,147908760,8
hs1,147909069,148026036,54
hs1,148218952,148361013,162
hs1,148176695,148218952,14
hs1,148588867,148680725,50
hs1,148511499,148553018,10
hs1,148736585,148865155,51
hs1,149245199,149258795,8
hs1,149258995,149282497,8
hs1,149245199,149258995,8
hs1,149225203,149241031,8
hs1,149245199,149282497,8
hs1,149282497,149297317,14
hs1,149297317,149344066,8
hs1,149258795,149258995,14
hs1,149241031,149245199,7
hs1,149005200,149036436,84
hs1,149674224,149682845,14
hs1,149673676,149682845,14
hs1,149673676,149681427,14
hs1,149674224,149681427,14
hs1,149623168,149623380,4
hs1,149683599,149783561,6
hs1,149624984,149626176,4
hs1,149624984,149644767,8
hs1,149674224,149783561,8
hs1,149510081,149596911,13
hs1,149626176,149644767,8
hs1,152517350,152590206,2
hs1,152555489,152590206,1
hs1,215491381,215495998,1
hs1,9845436,9863387,1
hs1,72767498,72812601,0
hs1,161399282,161452584,28
hs1,13104942,13142659,12
hs1,13103107,13142659,11
hs1,13104942,13126055,13
hs1,13126055,13151389,10
hs1,13104024,13126055,12
hs1,13103107,13151389,12
hs1,13104942,13162055,10
hs1,13126055,13142659,6
hs1,13104942,13151389,12
hs1,13103107,13126055,13
hs1,13103107,13104942,6
hs1,13373092,13387933,6
hs1,13329795,13374627,10
hs1,13351443,13379197,10
hs1,13497031,13499353,10
hs1,13374286,13382914,8
hs1,13327525,13372997,10
hs1,13375480,13382914,8
hs1,13329795,13372903,12
hs1,13327525,13374627,10
hs1,13380059,13428400,8
hs1,13512627,13526732,7
hs1,13503895,13504199,2
hs1,13373859,13382914,6
hs1,13380892,13496414,8
hs1,13327525,13372903,10
hs1,13372903,13373092,6
hs1,13504199,13508240,4
hs1,13496414,13497031,8
hs1,13327525,13329795,4
hs1,13678556,13696357,5
hs1,13698267,13718176,8
hs1,13716300,13717211,14
hs1,13719636,13720148,6
hs1,13688411,13716755,6
hs1,13678556,13697166,5
hs1,13678556,13716300,6
hs1,13695957,13717211,8
hs1,13696157,13720148,8
hs1,13696157,13697716,6
hs1,13698267,13717693,8
hs1,13716300,13718176,10
hs1,13717211,13718176,6
hs1,13674927,13695957,6
hs1,13674927,13717211,6
hs1,13698267,13717211,8
hs1,13718176,13720148,9
hs1,13698267,13716300,6
hs1,13725296,13733660,4
hs1,13678556,13695957,4
hs1,13697112,13718679,8
hs1,13697112,13716300,6
hs1,223737250,223741135,2
hs1,17013005,17051972,6
hs1,17051972,17124790,12
hs1,17013005,17087806,8
hs1,17087806,17124790,7
hs1,16851144,17013005,26
hs1,17051972,17087806,16
hs1,17176853,17232654,14
hs1,17176853,17255737,10
hs1,17216388,17231379,18
hs1,17231379,17281703,6
hs1,17232654,17255737,4
hs1,17176853,17205794,12
hs1,17255737,17281703,8
hs1,17176853,17216388,13
hs1,17176853,17281703,10
hs1,17205794,17216388,8
hs1,17232654,17281703,6
hs1,85972347,86007029,4
hs1,234911363,234956952,7
hs1,238614611,238633200,1
hs1,238633200,238654982,1
hs1,248668525,248675365,4
hs1,248850097,248908159,2
hs1,248668525,248737761,4
hs1,248654392,248675365,4
hs1,248636428,248720752,4
hs1,110215300,110257943,3
hs1,112690871,112707656,0
hs2,126442301,126452009,0
hs2,243040366,243102434,20
hs2,242895812,242954423,1
hs2,243061617,243102434,26
hs2,243160340,243189358,27
hs2,131200177,131269060,26
hs2,131365303,131436468,39
hs2,146855676,146880424,1
hs2,87616909,87621997,22
hs2,87616909,87637304,20
hs2,87616909,87666547,8
hs2,87572228,87616909,43
hs2,87639856,87666547,4
hs2,87731135,87752862,4
hs2,89159815,89457515,4
hs2,89457515,89544362,4
hs2,90113518,90286866,6
hs2,90243282,90320902,20
hs2,89988834,90320902,8
hs2,90113518,90320902,10
hs2,90243282,90286866,4
hs2,89880875,89882991,4
hs2,90097208,90320902,10
hs2,89882991,89900732,4
hs2,89880562,89880875,4
hs2,90394690,90459133,75
hs2,90472935,90528365,37
hs2,90536493,90541269,6
hs2,91686153,91708687,12
hs2,91616125,91686153,70
hs2,91686153,91752272,31
hs2,91708687,91752272,41
hs2,34690390,34736880,1
hs2,110686899,110733376,4
hs2,114258334,114259635,9
hs2,114259635,114260950,8
hs2,233213701,233320834,5
hs2,52749525,52785835,1
hs3,611179,679415,7
hs3,611179,664360,8
hs3,129762720,129807983,9
hs3,68733803,68748314,1
hs3,192874970,192885553,0
hs3,195456053,195475056,3
hs3,195466565,195475056,3
hs3,195457816,195472945,3
hs3,195340839,195456934,8
hs3,195453277,195456053,4
hs3,195473245,195475056,4
hs3,195473245,195475979,2
hs3,195473095,195475056,4
hs3,195453277,195475056,3
hs3,195472945,195473245,4
hs3,195398446,195473245,6
hs3,195456053,195466565,3
hs3,197861916,197962407,24
hs3,75480354,75674096,23
hs3,75717435,75720162,204
hs3,146307209,146319973,3
hs3,162510866,162628598,2
hs3,162764826,162769218,0
hs4,21300,72378,12
hs4,64689035,64716708,0
hs4,190983254,190983554,5
hs4,190985982,191016089,250
hs4,69365480,69553855,3
hs4,8942468,9274560,71
hs4,9324760,9423525,97
hs4,10211223,10236068,1
hs4,161878774,161885249,0
hs4,161861160,161931882,2
hs4,165551038,165619267,3
hs4,165517521,165543529,3
hs4,165619799,165787152,3
hs4,173424805,173436609,0
hs4,175300292,175323766,1
hs4,115172502,115185798,1
hs4,49247661,49337407,243
hs5,685856,850649,5
hs5,144674800,144718199,3
hs5,83948296,83955075,0
hs5,12810950,12820771,1
hs5,17496291,17530640,24
hs5,17484632,17530640,19
hs5,17507209,17530640,37
hs5,17516495,17530640,48
hs5,21476995,21566031,13
hs5,21476995,21524170,21
hs5,103438320,103454142,0
hs5,34172851,34197391,41
hs5,175346135,175351764,4
hs5,175345333,175346135,4
hs5,45004677,45015379,1
hs5,57323420,57335861,0
hs5,70395448,70660702,15
hs5,68914039,70300781,15
hs5,140227756,140228378,7
hs5,140227706,140230243,7
hs5,140222865,140239009,3
hs5,140228378,140228428,5
hs5,140228378,140230243,7
hs5,140235889,140235928,5
hs5,140222865,140227756,1
hs5,140230243,140239009,3
hs6,77561,123019,14
hs6,256313,296702,2
hs6,123019,154647,35
hs6,195980,209203,2
hs6,296702,383004,4
hs6,60199,123019,14
hs6,60199,154647,26
hs6,256313,383004,4
hs6,77561,154647,26
hs6,81277336,81294474,1
hs6,26687609,26718462,8
hs6,26665950,26687609,10
hs6,29910762,29911582,6
hs6,29833263,29905667,4
hs6,29771605,29780578,4
hs6,29910762,29916364,7
hs6,29924593,29925594,4
hs6,29925093,29937122,4
hs6,29910762,29937122,4
hs6,31275740,31280690,2
hs6,31280690,31316901,0
hs6,32522939,32536437,2
hs6,32526295,32550142,3
hs6,32526295,32547079,2
hs6,32532643,32549441,2
hs6,32521059,32536437,2
hs6,32526295,32536437,1
hs6,103737361,103767104,0
hs6,161023693,161076390,27
hs6,165724057,165733204,1
hs6,57447621,57452661,6
hs6,58028491,58087463,4
hs6,62120311,62127935,4
hs6,62086179,62127935,4
hs7,150302,161182,1
hs7,57116863,57121037,6
hs7,62955715,62978507,8
hs7,62970636,62978507,6
hs7,62955715,62970636,8
hs7,62955615,62978507,8
hs7,62978507,62988155,6
hs7,62970636,62988155,6
hs7,65093046,65191144,12
hs7,64920620,65148842,30
hs7,65093046,65148842,18
hs7,65093046,65120841,22
hs7,72452364,72529954,20
hs7,72476611,72529954,28
hs7,72536258,72627232,6
hs7,72400589,72727075,10
hs7,72456717,72627232,14
hs7,74282555,74402809,14
hs7,74345758,74402809,6
hs7,74438750,74439986,2
hs7,74551887,74700894,8
hs7,74692733,74715363,26
hs7,76151204,76178431,28
hs7,76150010,76178431,27
hs7,76144224,76148816,0
hs7,76144224,76178431,22
hs7,76144224,76151204,1
hs7,76148816,76178431,27
hs7,76151204,76239066,12
hs7,76146520,76178431,25
hs7,133784023,133797310,1
hs7,142041869,142048176,4
hs7,142044812,142048176,4
hs7,142107763,142110049,5
hs7,142098376,142107663,3
hs7,143454872,143572547,5
hs7,26135754,26145416,1
hs7,143909268,144074768,5
hs7,91030116,91040927,1
hs7,102113880,102332519,11
hs8,75132,133147,13
hs8,75132,168807,23
hs8,75132,176641,23
hs8,15239,160973,18
hs8,133147,176641,32
hs8,15239,176641,20
hs8,75132,160973,24
hs8,133147,160973,35
hs8,12719,168807,20
hs8,120148758,120161381,0
hs8,2201668,2241721,4
hs8,2246200,2270044,4
hs8,6828277,7474073,19
hs8,7159226,7187516,9
hs8,6921519,7159226,29
hs8,7159226,7201223,29
hs8,7403133,7474073,51
hs8,7187516,7201223,82
hs8,7159226,7474073,26
hs8,7525167,8097772,28
hs8,11891390,11929820,8
hs8,11929820,12091774,25
hs8,12176136,12278996,24
hs8,12147530,12176136,6
hs8,146279935,146301739,2
hs8,24972220,24991172,1
hs8,32678972,32692337,0
hs8,39225975,39389130,1
hs8,40773964,40780569,0
hs9,23289161,23301327,1
hs9,23353862,23377802,1
hs9,104710425,104726456,1
hs9,39531602,39623510,8
hs9,39475127,39658943,8
hs9,39475127,39505489,4
hs9,39475127,39583784,8
hs9,38875213,39030481,6
hs9,39505489,39588078,8
hs9,39464552,39473433,4
hs9,39464552,39468546,4
hs9,39030481,39443067,6
hs9,38875213,38962678,4
hs9,39588078,39588624,5
hs9,39588624,39658943,8
hs9,39475127,39579491,8
hs9,38859814,38875213,4
hs9,38771597,38962678,4
hs9,38962678,39417101,8
hs9,39505489,39658943,8
hs9,38771597,38859814,4
hs9,39579491,39588351,6
hs9,39461712,39462546,4
hs9,39190327,39423865,8
hs9,39946647,39960041,4
hs9,39946647,39973429,2
hs9,39714675,39946647,6
hs9,39714675,39973429,6
hs9,39972354,39972891,2
hs9,39960041,39970919,2
hs9,40140093,40233003,4
hs9,40291862,40425765,8
hs9,40763142,40798482,4
hs9,40476360,40627693,6
hs9,40768960,40831391,4
hs9,40802667,40831391,4
hs9,40763142,40768960,4
hs9,40776823,40790505,4
hs9,40627693,40761959,10
hs9,40476360,40761959,6
hs9,40790505,40798482,4
hs9,40831589,40939004,8
hs9,40627693,40831391,8
hs9,40802667,40803270,4
hs9,40990666,41143072,8
hs9,41195048,41365748,8
hs9,41649449,41733824,8
hs9,41415948,41563015,8
hs9,41585829,41588110,2
hs9,41649210,41729131,8
hs9,41573966,41588110,2
hs9,41588885,41648972,4
hs9,43140744,43142960,44
hs9,42719797,42817672,52
hs9,43422192,43659626,8
hs9,43842880,43942008,8
hs9,43686446,43942008,6
hs9,43314103,43657001,8
hs9,43659626,43942008,6
hs9,43314103,43418894,8
hs9,43314103,43942008,6
hs9,44047311,44048556,86
hs9,44047311,44128982,30
hs9,44512792,44581373,8
hs9,44577997,44584749,5
hs9,44047311,44511106,14
hs9,44512792,44676517,8
hs9,43997676,44014481,15
hs9,44511106,44512792,4
hs9,44726804,44890106,12
hs9,45166349,45250199,4
hs9,45005053,45220461,9
hs9,45220461,45235112,4
hs9,45048900,45235112,8
hs9,45352183,45357708,42
hs9,45509282,45566915,14
hs9,45618984,45815168,14
hs9,45865708,46095771,14
hs9,46267778,46461034,15
hs9,46561617,47059521,10
hs9,47163809,47289114,9
hs9,65768152,65918249,4
hs9,66364413,66404593,26
hs9,66268540,66364363,14
hs9,66454942,66612577,16
hs9,67104329,67107504,9
hs9,67208002,67365991,16
hs9,67321199,67365991,37
hs9,68140302,68509016,20
hs9,68669324,68747239,28
hs9,69008536,69087440,28
hs9,69450732,69719626,15
hs9,69328670,69947894,24
hs9,70061027,70218383,40
hs9,70707571,70735434,6
hs9,70836908,70922716,12
hs10,124359323,124379046,6
hs10,124357869,124379046,7
hs10,124338394,124379046,9
hs10,18116895,18122837,2
hs10,81459165,81506354,10
hs10,81473890,81506354,5
hs10,81473890,81580469,6
hs10,81459165,81580469,8
hs10,100686349,100704505,1
hs10,42602725,42818989,50
hs10,46397386,46411326,4
hs10,46411573,46426895,4
hs10,46389483,46390982,4
hs10,46624363,46637181,3
hs10,46639032,46690339,4
hs10,46681706,46690339,6
hs10,47142102,47170473,4
hs10,47048634,47429105,8
hs10,47132970,47134018,47
hs10,47773421,47776457,4
hs10,47786263,47787366,2
hs10,47771269,47773421,4
hs10,47769554,47776457,4
hs10,47778433,47784580,4
hs10,47772345,47776457,4
hs10,47962493,47972895,4
hs10,47979955,47981914,4
hs10,47972945,47979955,4
hs10,47965655,47972895,4
hs10,47893321,47972895,4
hs10,48105899,48257808,10
hs10,48105899,48278204,8
hs10,48868575,49094588,8
hs10,48868575,48879335,6
hs10,49344611,49390477,4
hs10,49347339,49350102,4
hs10,49195727,49333672,10
hs10,49195727,49272762,12
hs10,51214678,51218873,6
hs10,51388550,51397654,6
hs10,51300831,51314720,4
hs10,51205209,51211763,2
hs10,51266773,51274100,6
hs10,51187594,51205209,4
hs10,51294353,51300831,10
hs10,51212826,51214678,6
hs10,51263000,51293000,4
hs10,51274100,51293000,4
hs10,51190491,51198338,4
hs10,51205209,51218873,6
hs10,51205209,51214678,6
hs10,51263000,51314720,6
hs10,51909547,51911057,2
hs10,51906365,51911433,2
hs10,51906365,51909547,4
hs10,51833663,51918223,4
hs10,51907956,51911433,2
hs10,51910681,51918223,4
hs10,51906365,51918223,4
hs10,51909547,51910681,2
hs10,51910681,51911433,2
hs10,51911057,51918223,4
hs11,60199,185611,30
hs11,3298836,3302482,2
hs11,89798760,89809826,6
hs11,89477275,89488114,8
hs11,89809826,89821573,8
hs11,89614058,89626675,4
hs11,89691011,89694962,4
hs11,89693831,89694962,4
hs11,89488114,89494590,6
hs11,89692648,89701562,6
hs11,89693831,89701562,6
hs11,89619695,89633239,5
hs11,89797479,89821573,7
hs11,89809826,89811077,5
hs11,89619695,89626675,4
hs11,89614058,89632839,6
hs11,89693831,89698897,6
hs11,89682693,89694962,4
hs11,89477275,89494590,8
hs11,89691011,89691463,4
hs11,89691011,89698897,4
hs11,89691011,89701562,6
hs11,89811219,89820198,8
hs11,89619695,89630949,6
hs11,89798760,89811361,7
hs11,89798760,89821573,7
hs11,89477275,89506777,7
hs11,89694962,89698897,6
hs11,89692648,89694962,4
hs11,89691463,89698897,4
hs11,89798760,89820198,7
hs11,89682693,89690077,5
hs11,89683309,89690077,5
hs11,107228442,107250433,1
hs11,55357826,55431931,0
hs11,55445590,55452018,0
hs11,55433583,55444654,0
hs12,148387,176756,10
hs12,8309583,8561113,20
hs12,11216255,11250827,4
hs12,11216255,11252544,4
hs12,133664284,133702471,2
hs12,80143994,80163675,4
hs12,33380312,33400138,1
hs13,84126434,84128284,0
hs13,84100865,84154772,0
hs13,57711693,57803423,8
hs13,57706875,57748716,16
hs13,57706875,57747786,17
hs13,57711693,57747786,17
hs14,19057021,19114433,16
hs14,20542722,20556649,0
hs14,19361159,20309505,14
hs14,20518590,20556649,2
hs14,19361159,20424293,12
hs14,19361159,20424959,11
hs14,19361159,20218774,15
hs14,19354521,20309505,14
hs14,85297022,85302644,1
hs14,106550910,106672291,6
hs14,106481137,106570754,2
hs14,106068841,106136444,6
hs14,106481137,106539075,2
hs14,106680123,106765148,4
hs14,106731675,106734528,4
hs14,106734528,106962129,7
hs14,106162892,106187613,4
hs14,106410280,106672291,4
hs14,106765148,106962129,6
hs14,106062213,106136444,6
hs14,106173871,106175512,4
hs14,106330354,106635768,4
hs14,106926290,106941307,6
hs14,106175512,106179968,4
hs14,106183675,106188637,3
hs14,106926808,106964349,4
hs14,106758581,106774583,2
hs14,106330354,106672291,4
hs14,106138017,106175512,4
hs14,106481137,106635768,6
hs14,106539579,106550910,1
hs14,106731675,106765148,3
hs14,106765148,106926290,7
hs14,106756160,106765148,4
hs14,106539579,106552864,2
hs14,106175512,106187613,3
hs14,106715579,106725554,3
hs14,106899674,106941307,6
hs14,106068841,106138017,6
hs14,106720566,106731675,3
hs14,106753739,106826114,4
hs14,106179968,106187613,3
hs14,106550910,106635768,8
hs14,106061539,106173871,6
hs14,106680123,106731675,3
hs14,106552864,106570754,2
hs14,106550910,106570754,4
hs14,106545244,106552864,2
hs14,106187613,106188637,3
hs14,106162892,106175512,4
hs14,106570754,106635768,6
hs14,106068841,106162443,6
hs14,106680123,106715579,4
hs14,106162892,106179968,4
hs14,106188637,106247161,6
hs14,106247161,106328849,2
hs14,106183675,106326754,3
hs14,106753739,106774583,4
hs14,106680123,106727227,3
hs14,106680123,106728900,4
hs14,106175512,106183675,3
hs14,106539075,106539579,4
hs14,106899674,106926290,4
hs14,106849156,106962129,4
hs14,106410280,106539075,4
hs14,106765148,106826114,7
hs14,106926808,106962129,4
hs14,106727227,106731675,2
hs14,106188637,106326754,3
hs14,106139300,106326754,3
hs14,106774583,106829235,6
hs14,106635768,106672291,3
hs14,106410280,106539579,3
hs14,106715579,106731675,4
hs14,106481137,106672291,6
hs14,106753739,106761864,4
hs14,106179968,106326754,3
hs14,106765148,106774583,4
hs14,106175512,106326754,3
hs14,106917241,106926808,4
hs14,106330354,106410280,2
hs14,106852751,106941307,4
hs14,106914222,106941307,6
hs14,106570754,106672291,7
hs14,106899674,106962129,4
hs14,106247161,106326754,2
hs14,106139300,106179968,4
hs14,106921765,106933798,6
hs14,106725554,106731675,2
hs14,106758581,106962129,6
hs14,106136444,106247161,6
hs14,106917241,106926290,3
hs14,106410280,106481137,4
hs14,106734528,106917241,4
hs14,106175512,106188637,3
hs14,106715579,106725254,2
hs14,106715579,106728900,4
hs14,106539579,106672291,6
hs14,106162892,106326754,3
hs14,106061539,106247161,6
hs14,106758581,106765148,2
hs14,106179968,106188637,3
hs14,106758581,106768243,2
hs14,106926808,106941307,6
hs14,106139300,106175028,4
hs14,106636303,106672291,3
hs14,106552864,106635768,8
hs14,106067702,106138017,6
hs14,106061539,106162443,6
hs14,106330354,106481137,2
hs14,106179968,106183675,3
hs14,106187613,106247161,8
hs14,106774583,106826114,5
hs14,106138658,106180742,4
hs14,106734528,106774583,4
hs14,106330354,106552864,2
hs14,106680123,106725554,3
hs14,106440632,106612577,4
hs14,106768243,106774583,4
hs14,106734528,106758581,4
hs14,106917241,106941307,6
hs14,106539579,106570754,3
hs14,106852751,106962129,4
hs14,106183675,106187613,3
hs14,106539075,106552864,2
hs14,106330354,106539579,2
hs14,106849156,106941307,6
hs14,106768243,106826114,7
hs14,106734528,106756160,3
hs14,106725554,106728900,4
hs14,106636838,106672291,3
hs14,106061539,106137230,6
hs14,73990657,74053945,2
hs14,80106178,80115190,1
hs15,20198164,20894589,12
hs15,20935189,21205060,10
hs15,21885406,22211793,9
hs15,22340286,22590413,4
hs15,22344732,22425022,4
hs15,22425022,22472949,4
hs15,22262252,22590413,5
hs15,22335841,22590413,4
hs15,22294059,22344732,6
hs15,22425022,22473149,4
hs15,22335841,22344732,3
hs15,22294059,22590413,5
hs15,22294059,22335841,6
hs15,22294059,22425022,6
hs15,22472949,22473349,10
hs15,22262252,22294059,5
hs15,22294059,22472949,6
hs15,22262252,22473149,4
hs15,22335841,22425022,4
hs15,22262252,22344732,7
hs15,22425022,22473349,4
hs15,22262252,22425022,6
hs15,22425022,22590413,4
hs15,22473149,22590413,4
hs15,22646309,22760311,17
hs15,22670204,22760311,19
hs15,22646309,22670204,9
hs15,24597221,24745254,5
hs15,24651112,24744920,5
hs15,24651112,24745087,5
hs15,84953809,84984418,16
hs15,28912591,28915669,5
hs15,28912591,28933837,5
hs15,28915669,28933837,5
hs15,28835763,28911286,10
hs15,28595106,28746519,15
hs15,28942266,28958106,30
hs15,82778985,82820627,16
hs15,82647490,82663187,9
hs15,82609879,82623487,6
hs15,82609879,82628483,6
hs15,82629416,82681025,18
hs15,82643643,82663187,10
hs15,82651337,82663644,6
hs15,82643643,82662730,10
hs15,82692449,82778985,16
hs15,82643643,82651337,14
hs15,83068866,83186055,14
hs15,82926660,83028039,19
hs15,83179077,83200255,20
hs15,82926660,83039142,18
hs15,82926660,83064754,17
hs15,83182566,83200255,24
hs15,83028039,83064754,10
hs15,83039142,83064754,14
hs15,83166043,83200255,18
hs15,82909057,82925025,6
hs15,83206282,83206660,2
hs16,78368427,78385161,1
hs16,78355520,78411844,2
hs16,90188986,90292986,30
hs16,90163263,90292986,28
hs16,14842022,14862500,43
hs16,14836679,14862500,41
hs16,14784271,14862500,33
hs16,14801930,14824288,42
hs16,14824288,14842022,8
hs16,14830483,14866311,37
hs16,14801930,14842022,33
hs16,14824288,14836679,6
hs16,14784271,14836679,29
hs16,14836679,14866311,40
hs16,14824288,14862500,33
hs16,14836679,14864405,41
hs16,14842022,14866311,41
hs16,14836679,14842022,23
hs16,14784271,14824288,33
hs16,14784271,14839350,29
hs16,14784271,14801930,6
hs16,14784271,14842022,28
hs16,14784271,14866311,32
hs16,14801930,14839350,34
hs16,14839350,14864405,42
hs16,14801930,14862500,36
hs16,14824288,14866311,33
hs16,14801930,14836679,34
hs16,21405616,21596721,15
hs16,22710040,22783557,2
hs16,22554439,22710040,3
hs16,22472054,22783557,11
hs16,22554439,22783557,3
hs16,29382664,29590459,21
hs16,30199998,30310497,19
hs16,30199998,30229546,5
hs16,30199998,30273208,22
hs16,33106071,33292140,12
hs16,55842234,55850927,5
hs16,55855206,55857449,6
hs16,55796243,55797961,1
hs16,55848160,55850927,4
hs16,55848160,55852047,4
hs16,55798725,55810591,4
hs16,55842234,55848160,5
hs16,55857799,55863438,5
hs16,55803560,55810591,2
hs16,55807299,55810591,1
hs16,55846736,55848160,4
hs16,55813085,55820610,3
hs16,55846736,55850927,4
hs16,55842234,55846736,5
hs16,55857799,55858230,5
hs16,55848160,55853167,4
hs16,55854378,55857449,5
hs16,70142301,70239335,5
hs16,70108392,70239335,5
hs16,74408655,74427896,44
hs16,74408655,74465525,20
hs16,74360049,74465525,14
hs16,74360049,74427896,18
hs16,74427896,74465525,6
hs16,74360049,74408655,4
hs17,51849523,51863194,1
hs17,71093360,71103945,1
hs17,21301199,21307770,4
hs17,21685479,21729515,4
hs17,21691747,21719217,4
hs17,21685479,21687025,4
hs17,77627260,77631781,2
hs17,78599606,78614488,3
hs17,81117594,81123288,2
hs17,81135123,81139386,2
hs17,81106321,81123288,2
hs17,34405281,34674805,9
hs17,34438389,34666383,11
hs17,34480907,34594251,16
hs17,34480907,34674805,10
hs17,34594251,34657961,2
hs17,34594251,34674805,4
hs17,34438389,34594251,12
hs17,36281623,36410521,16
hs17,39422828,39431705,0
hs17,43572721,43664683,10
hs17,43572721,43686056,10
hs17,43598070,43686056,8
hs17,43598070,43664683,8
hs17,44208362,44406622,4
hs17,44406622,44787272,4
hs18,64958629,64968579,1
hs18,14253897,14547817,12
hs18,14337075,14551120,11
hs18,44539088,44563607,22
hs18,63722929,63732546,1
hs19,60199,173565,12
hs19,60199,266327,22
hs19,60199,129238,9
hs19,43653347,43803048,13
hs19,43634631,43803048,12
hs19,48404969,48465292,115
hs19,52133352,52152312,3
hs19,52124677,52133352,2
hs19,53516839,53554034,3
hs19,8842174,8915524,23
hs19,54723670,54747932,7
hs19,54723670,54750666,7
hs19,55315929,55323123,6
hs19,55324868,55381836,8
hs19,55233556,55243091,4
hs19,55227920,55381836,6
hs19,55233556,55244968,4
hs19,55245170,55301994,9
hs19,55245170,55381836,8
hs19,55301994,55381836,6
hs19,55301994,55324868,2
hs19,55245245,55301994,9
hs19,36748353,36801799,104
hs20,29495523,29510930,11
hs20,29530960,29652408,25
hs21,9412532,9591460,36
hs21,9692362,9774965,63
hs21,9927289,10034834,49
hs21,9866600,9927289,14
hs21,9928895,10034834,47
hs21,10088819,10215818,47
hs21,10491826,10493667,91
hs21,10592462,10596799,30
hs21,10860899,10895330,29
hs21,10951512,11053652,12
hs21,14373669,14412922,17
hs21,15133137,15166301,6
hs21,14925777,14973315,6
hs21,14931928,14974920,6
hs21,14977683,15106209,13
hs21,14931928,14973315,6
hs21,15166301,15171270,2
hs21,15107582,15166301,6
hs21,15171270,15360427,20
hs21,14977683,15130369,11
hs21,23654416,23666937,1
hs22,16050208,16061494,6
hs22,16061494,16460641,14
hs22,18656197,18883339,11
hs22,20503717,20503817,2
hs22,20489646,20503717,7
hs22,20310677,20370753,14
hs22,20370753,20489646,5
hs22,20489646,20503817,5
hs22,20610555,20718305,12
hs22,21810729,21918976,5
hs22,21461146,21711132,11
hs22,24367468,24368807,4
hs22,24349717,24367468,2
hs22,24343445,24368807,2
hs22,24367468,24370658,4
hs22,24316535,24334443,3
hs22,24283926,24291963,2
hs22,24343445,24367468,2
hs22,24343445,24347528,3
hs22,24343445,24404938,2
hs22,24348828,24367468,3
hs22,24347528,24348228,2
hs22,24367468,24372510,4
hs22,24272559,24283926,4
hs22,24272559,24295704,4
hs22,24343445,24348828,2
hs22,24272559,24291963,4
hs22,24272559,24287944,4
hs22,24272559,24309053,4
hs22,24329533,24334443,4
hs22,24346581,24386872,2
hs22,24370658,24404938,2
hsX,152329703,152351444,4
hsX,152331188,152334170,4
hsX,152348253,152351444,3
hsX,152331188,152423741,3
hsX,152433588,152486500,3
hsX,152424320,152560119,3
hsX,153408881,153523661,4
hsX,114957681,115006571,117
hsX,140119673,140231682,6
hsX,140076772,140205798,8
hsX,140764691,140789715,10
hsX,140563744,140692175,8
hsX,140650676,140692175,10
hsX,140235447,140341624,3
hsX,140316939,140789715,5
hsX,52152874,52154384,4
hsX,52293979,52295525,5
hsX,52231187,52246272,8
hsX,52214569,52227464,3
hsX,52168665,52189228,2
hsX,52196618,52204315,4
hsX,52250083,52284632,5
hsX,52193801,52213280,3
hsX,52228805,52246272,9
hsX,52250083,52267949,8
hsX,52271756,52271856,4
hsX,52275150,52284632,4
hsX,52285079,52288162,4
hsX,52227764,52246272,8
hsX,52193801,52196618,6
hsX,52164581,52168665,4
hsX,52204315,52295525,4
hsX,52384161,52386109,4
hsX,52293979,52302691,4
hsX,52289546,52364046,3
hsX,52274559,52284632,3
hsX,52190581,52206736,5
hsX,52214569,52225823,3
hsX,52500171,52519210,7
hsX,52484464,52486149,3
hsX,52553928,52556044,3
hsX,52487538,52495055,5
hsX,52449302,52486149,3
hsX,52504194,52519210,8
hsX,52487538,52494416,5
hsX,52566427,52573835,4
hsX,52463419,52627384,3
hsX,52463419,52479725,5
hsX,52525145,52553878,8
hsX,52566427,52577923,4
hsX,64085065,64105877,1
hsX,152233644,152277058,3
hsX,152237910,152241972,4
hsX,140578321,140584760,4
hsX,140563744,140584760,6
hsX,140692225,140764691,3
hsX,140650676,140764691,6
hsX,152331188,152444252,3
hsX,152444252,152562356,3
hsX,64085065,64093990,1
