Chromosome,Start,End,Africa-America,Africa-CentralAsiaSiberia,Africa-EastAsia,Africa-Oceania,Africa-SouthAsia,Africa-WestEurasia,America-CentralAsiaSiberia,America-EastAsia,America-Oceania,America-SouthAsia,America-WestEurasia,CentralAsiaSiberia-EastAsia,CentralAsiaSiberia-Oceania,CentralAsiaSiberia-SouthAsia,CentralAsiaSiberia-WestEurasia,EastAsia-Oceania,EastAsia-SouthAsia,EastAsia-WestEurasia,Oceania-SouthAsia,Oceania-WestEurasia,SouthAsia-WestEurasia
chr1,8360201,8360201,0.32161,0.19993,0.0,0.0,0.0,0.0,0.00956,0.3248,0.27061,0.31255,0.35335,0.20261,0.15949,0.19242,0.22741,0.0,0.0,0.0,0.0,0.0,0.0
chr1,9846201,9846201,0.27586,0.04239,0.04981,0.02736,0.09376,0.01048,0.12424,0.09716,0.19008,0.03445,0.17463,0.00196,0.01078,0.02217,0.005,0.01737,0.01359,0.01488,0.04846,0.00036,0.05253
chr1,13219701,13219701,0.12209,0.03194,0.00035,0.01716,0.00461,0.03145,0.25941,0.11083,0.05879,0.10485,0.03173,0.03815,0.09418,0.06579,0.10193,0.01286,0.00234,0.02582,0.00593,0.00135,0.01395
chr1,16150401,16150401,0.00136,0.01265,0.02431,0.16701,0.07339,0.06031,0.0266,0.04137,0.16935,0.05396,0.03517,0.00097,0.2866,0.13966,0.10306,0.33966,0.18954,0.15444,0.02655,0.02565,0.00035
chr1,24377601,24377601,0.00769,0.11063,0.25742,0.66625,0.13524,0.15024,0.10092,0.20043,0.61746,0.11015,0.10763,0.06285,0.38182,0.00497,0.01891,0.14607,0.03831,0.01258,0.30917,0.20186,0.00683
chr1,62113301,62113301,0.36614,0.16221,0.04389,0.07613,0.00018,0.01683,0.06061,0.19349,0.13364,0.39091,0.21787,0.04532,0.01696,0.1771,0.06881,0.00591,0.05019,0.00484,0.08776,0.0174,0.01959
chr1,62622101,62622101,0.32773,0.08017,0.00258,0.00814,0.0136,0.05126,0.12431,0.37123,0.33293,0.26016,0.12535,0.11291,0.10526,0.03528,0.00049,0.00756,0.03158,0.06778,0.03698,0.0529,0.02089
chr1,62654201,62654201,0.29251,0.31846,0.20632,0.42452,0.02805,0.00116,0.00341,0.00085,0.02772,0.14319,0.26816,0.00717,0.01119,0.17826,0.30831,0.03315,0.10643,0.21625,0.26436,0.40776,0.0202
chr1,72755201,72755201,0.14884,0.08983,0.1886,0.20407,0.07712,0.15207,0.05135,0.00257,0.02424,0.04745,0.01059,0.04136,0.16537,0.00196,0.00716,0.04891,0.04727,0.00713,0.10883,0.04313,0.01572
chr1,78647101,78647101,0.08267,0.09108,0.1625,0.08061,0.05419,0.06027,0.33558,0.43635,0.31805,0.26502,0.25406,0.0162,0.0003,0.01444,0.01023,0.02084,0.05734,0.04348,0.01058,0.00728,2e-05
chr1,80214501,80214501,0.45009,0.18912,0.18609,0.01674,0.04086,0.10606,0.15183,0.1266,0.64736,0.26828,0.13572,0.00037,0.30558,0.05856,0.01155,0.267,0.05394,0.01008,0.09559,0.15271,0.01632
chr1,85974801,85974801,0.00074,0.19351,0.00378,0.03099,0.01608,0.03054,0.25727,0.00977,0.05007,0.02498,0.03203,0.18844,0.07075,0.10961,0.06236,0.0197,0.00643,0.01794,0.00346,1e-05,0.00305
chr1,94285701,94285701,0.4312,0.41269,0.44266,0.33411,0.28246,0.17574,6e-05,0.00254,0.00741,0.01684,0.02574,0.00188,0.00828,0.0188,0.02989,0.01751,0.03487,0.05454,0.00215,0.00852,0.00344
chr1,106010101,106010101,0.02604,0.02093,0.02359,0.13902,0.00014,0.00579,0.00091,0.08881,0.30465,0.02147,0.00604,0.08553,0.30942,0.01663,0.00339,0.05498,0.0256,0.04833,0.13991,0.14283,0.00383
chr1,108732201,108732201,0.49746,0.07909,0.21636,0.24122,0.31489,0.07253,0.24543,0.09708,0.10184,0.04073,0.17162,0.03911,0.04851,0.09737,0.00034,0.00022,0.01597,0.03194,0.01169,0.02962,0.08178
chr1,109476101,109476101,0.26949,0.04721,0.07349,0.21361,0.12821,0.11201,0.09749,0.08132,0.00488,0.0312,0.02767,0.00163,0.06173,0.01959,0.01622,0.04833,0.01237,0.0113,0.01214,0.01116,1e-05
chr1,112686501,112686501,0.59347,0.2857,0.20732,0.36645,0.43793,0.16036,0.17109,0.22443,0.11291,0.06292,0.20832,0.00821,0.00959,0.03776,0.01119,0.0339,0.08381,0.00061,0.00941,0.03598,0.09008
chr1,142781101,142781101,0.04739,0.00987,0.17648,0.10337,0.03312,2e-05,0.01364,0.03949,0.20964,0.10809,0.03394,0.09382,0.14023,0.05916,0.00708,0.33318,0.24667,0.15686,0.01771,0.08762,0.03196
chr1,145946001,145946001,0.12091,0.04839,0.17801,0.23029,0.18509,0.1709,0.03763,0.0001,0.01373,0.00075,0.0027,0.05544,0.13796,0.0659,0.05165,0.01481,0.00043,0.00318,0.01082,0.00132,0.00147
chr1,157173601,157173601,0.08389,0.36749,0.12747,1e-05,0.00683,0.00132,0.1753,0.01182,0.07803,0.15058,0.04374,0.08286,0.32911,0.4328,0.29785,0.09879,0.17034,0.1023,0.00662,0.00079,0.01103
chr1,158867201,158867201,0.10617,0.02689,0.05431,0.02685,0.00046,8e-05,0.06406,0.03389,0.2476,0.10797,0.10203,0.00382,0.11093,0.02238,0.02912,0.15618,0.04732,0.06143,0.03546,0.02463,0.00097
chr1,161408001,161408001,0.28249,0.14653,0.12942,0.06386,0.04745,0.15172,0.06418,0.11453,0.12766,0.17166,0.0546,0.00725,0.01956,0.04309,5e-05,0.00511,0.02196,0.00577,0.00374,0.01466,0.03954
chr1,169217201,169217201,0.08719,0.00035,0.00302,0.09185,0.01536,0.06235,0.12241,0.10248,0.0,0.20398,0.19881,0.00129,0.12755,0.02205,0.06224,0.10795,0.03969,0.10033,0.21302,0.20956,0.02072
chr1,174796101,174796101,0.03226,0.10587,0.1218,0.24716,0.18232,0.044,0.16057,0.13668,0.33272,0.20109,0.05721,0.00427,0.02098,0.0174,0.00299,0.00348,0.00394,0.0152,2e-05,0.02993,0.03376
chr1,179328101,179328101,0.23176,0.25604,0.2985,0.24209,0.19395,0.22978,0.0,0.00714,0.0,0.02691,0.02115,0.00815,0.0,0.03042,0.02458,0.00756,0.02498,0.02211,0.02838,0.02257,3e-05
chr1,187420501,187420501,0.07788,0.04599,0.05635,0.14622,0.08533,0.00027,0.03467,0.013,0.32719,0.0094,0.06599,0.0002,0.29378,0.01307,0.04279,0.31698,0.00569,0.0581,0.36179,0.13042,0.07928
chr1,187690701,187690701,0.04596,0.00069,0.01291,0.01618,0.14637,0.33177,0.08148,0.02037,0.02037,0.2373,0.36224,0.02139,0.02932,0.12086,0.2706,0.00082,0.22303,0.40998,0.19474,0.33315,0.06274
chr1,198299601,198299601,0.09039,0.15623,0.00077,0.04453,0.02617,0.00959,0.0095,0.0776,0.22712,0.18177,0.13272,0.14121,0.28683,0.25462,0.21023,0.05509,0.03548,0.01594,0.00293,0.01097,0.00399
chr1,199109901,199109901,0.32587,0.25067,0.42569,0.33855,0.2916,0.17327,0.0469,0.0,0.0,0.06154,0.06541,0.0646,0.04904,5e-05,0.01999,0.0,0.08958,0.1046,0.06478,0.06957,0.02433
chr1,204369601,204369601,0.01348,0.08639,0.01915,0.06389,0.07605,0.21406,0.03769,9e-05,0.02229,0.02257,0.13069,0.03074,0.00506,0.00566,0.02731,0.01637,0.01895,0.11438,2e-05,0.09707,0.08747
chr1,206277501,206277501,0.80295,0.31489,0.58207,0.12245,0.27561,0.28373,0.36067,0.02017,0.47078,0.3977,0.11611,0.17649,0.03751,0.00316,0.01682,0.2775,0.23262,0.07071,0.02158,0.06844,0.03512
chr1,210050601,210050601,0.09362,0.00219,0.00956,0.02233,0.05159,0.02629,0.09338,0.0511,0.22689,0.26712,0.16288,0.0026,0.04495,0.07911,0.03809,0.05934,0.10519,0.06617,0.00495,7e-05,0.00349
chr1,210721501,210721501,0.21566,0.12395,0.16827,0.13548,0.01852,0.0006,0.01979,0.00334,0.02264,0.12334,0.234,0.00624,1e-05,0.05126,0.1419,0.00689,0.08844,0.20346,0.05454,0.15063,0.02676
chr1,215477601,215477601,0.58204,0.24587,0.15145,0.12852,0.01376,0.02006,0.25049,0.14251,0.28815,0.49606,0.43425,0.00363,0.00965,0.14013,0.08404,0.01664,0.10719,0.09514,0.0626,0.0315,0.00311
chr1,234318601,234318601,0.31556,0.40731,0.64847,0.46805,0.10283,0.02291,0.00786,0.14267,0.02519,0.06765,0.19838,0.09782,0.00545,0.1251,0.29108,0.05678,0.37447,0.57831,0.16913,0.34348,0.04026
chr1,240391301,240391301,0.25645,1e-05,0.00703,0.00888,0.02818,0.01451,0.37332,0.18792,0.38805,0.17391,0.12141,0.00789,0.0107,0.0335,0.01384,0.02891,0.00651,0.00163,0.06752,0.03539,0.00123
chr10,4283201,4283201,0.22086,0.27483,0.23996,0.13213,0.31243,0.23498,0.01048,0.00138,0.036,0.00919,0.00547,0.01159,0.07094,3e-05,0.01999,0.01794,0.01275,0.00186,0.07468,0.00839,0.02362
chr10,7064801,7064801,0.04455,0.02427,0.01051,0.0012,0.13469,0.22868,0.12172,0.08036,0.05641,0.23416,0.25911,0.00344,0.03577,0.04318,0.1079,0.01681,0.0779,0.17248,0.13846,0.1942,0.03014
chr10,17305801,17305801,0.85965,0.29682,0.12125,0.15603,0.05073,0.03401,0.3052,0.43857,0.56445,0.72109,0.65338,0.0359,0.05676,0.16897,0.15596,0.00154,0.04457,0.04407,0.03831,0.02824,9e-05
chr10,24375401,24375401,0.02197,0.04628,0.00467,0.00018,0.18029,0.3048,0.1042,0.02207,0.06395,0.21872,0.284,0.08479,0.04325,0.04576,0.13239,0.01028,0.23856,0.35564,0.15479,0.23869,0.04021
chr10,26996901,26996901,0.16119,0.00159,0.00172,0.09209,0.00314,0.06626,0.14439,0.12791,0.44936,0.12113,0.03108,0.0,0.11958,0.00021,0.03935,0.10908,0.00023,0.04613,0.11896,0.24283,0.03754
chr10,27586501,27586501,0.06001,0.0001,0.00269,0.1147,0.09725,0.13492,0.08136,0.08856,0.35788,0.00235,0.00917,0.00168,0.1233,0.11854,0.1434,0.09043,0.1368,0.18171,0.42018,0.43297,0.0037
chr10,28657601,28657601,0.24028,0.07266,0.09671,0.02611,0.00903,0.01965,0.05508,0.03881,0.12399,0.15439,0.09872,0.00118,0.0127,0.0295,0.01285,0.02081,0.04498,0.02591,0.00398,0.00012,0.0024
chr10,46283601,46283601,0.08371,0.00299,0.01468,0.07742,0.0523,0.02724,0.16189,0.19356,0.42601,0.32267,0.19856,0.0046,0.07898,0.0379,0.0116,0.03941,0.0154,0.0023,0.00881,0.01943,0.00513
chr10,51595401,51595401,0.07025,0.03504,0.00119,0.0009,0.113,0.02215,0.17286,0.0865,0.08523,0.2535,0.10331,0.02498,0.04741,0.02068,0.00123,0.00407,0.09675,0.01446,0.12019,0.02433,0.03406
chr10,54693201,54693201,0.26389,0.04531,0.05554,0.06056,0.10181,0.14835,0.11684,0.08558,0.08797,0.04386,0.0136,0.00097,0.00178,0.01448,0.03653,8e-05,0.00819,0.03176,0.00608,0.02231,0.00745
chr10,65508401,65508401,0.17572,0.17347,0.24635,0.18415,0.05237,0.03195,0.01698,0.0,0.0,0.07549,0.06957,0.02366,0.01778,0.06338,0.06468,0.0,0.10916,0.11097,0.0794,0.07398,0.00294
chr10,66394301,66394301,0.35356,0.04769,0.03082,0.04088,0.00208,0.03213,0.27614,0.22468,0.23315,0.43389,0.46239,0.00154,0.0,0.07849,0.14356,0.00132,0.05062,0.12271,0.06656,0.12431,0.01914
chr10,67306401,67306401,0.29508,0.36023,0.25499,0.22955,0.18052,0.17863,0.00101,9e-05,0.00417,0.01413,0.00223,0.00163,0.01,0.02517,0.00615,0.00277,0.01274,0.00203,0.00303,6e-05,0.00388
chr10,71023001,71023001,0.28571,0.18116,0.23289,0.00059,0.00477,0.02086,0.00706,0.00059,0.24677,0.22086,0.12046,0.00324,0.14365,0.1331,0.07268,0.17413,0.17931,0.1235,0.0016,0.01085,0.00671
chr10,84125601,84125601,0.1639,0.42276,0.12162,0.0147,0.2514,0.37174,0.11206,0.00652,0.10728,0.00692,0.04114,0.13147,0.40371,0.05592,0.00783,0.0526,0.02919,0.09333,0.16626,0.25579,0.019
chr10,91949701,91949701,0.00769,0.00877,0.0051,0.46805,0.05037,0.00428,0.0,0.02989,0.45643,0.0644,0.01245,0.03403,0.48173,0.07242,0.01449,0.45652,0.03425,0.00014,0.28732,0.40909,0.02479
chr10,95524401,95524401,0.42358,0.43566,0.3544,0.05447,0.42171,0.37283,0.01698,0.04255,0.27976,0.01912,0.02664,0.03191,0.27444,0.00795,0.01991,0.15065,0.01174,0.00025,0.22684,0.14953,0.00729
chr10,100686101,100686101,0.00023,0.03332,0.11037,0.15253,0.23395,0.06235,0.04701,0.12448,0.2136,0.30305,0.06081,0.03235,0.11408,0.20684,0.0042,0.01765,0.05636,0.01012,0.01731,0.03798,0.08551
chr10,107055901,107055901,0.00065,0.27212,0.44423,0.27652,0.18663,0.30783,0.35212,0.53985,0.37547,0.21879,0.31175,0.04142,0.00017,0.02699,7e-05,0.04161,0.1313,0.0362,0.03164,0.00038,0.02514
chr10,114110401,114110401,0.04249,0.13039,0.27611,0.18373,0.18889,0.06477,0.02847,0.11027,0.06605,0.05344,0.00111,0.02378,0.00705,0.00332,0.01487,0.0043,0.01014,0.08124,0.00084,0.03667,0.03594
chr10,122217801,122217801,0.25711,0.32386,0.31917,0.28247,0.1085,0.07617,0.0073,0.00257,0.00012,0.10145,0.07144,0.02345,0.00965,0.16213,0.10676,0.00494,0.11359,0.0942,0.12115,0.08154,0.00162
chr10,132855901,132855901,0.11019,0.03741,0.12334,0.03041,0.13614,0.00627,0.26719,0.31573,0.24677,0.36149,0.10087,0.02608,0.00015,0.03218,0.00968,0.02785,0.00016,0.07038,0.0342,0.00695,0.07516
chr10,135380001,135380001,0.17696,0.1666,0.25093,0.14533,0.1845,0.11825,0.00371,0.00336,0.01719,0.00275,0.04736,0.01005,0.00235,1e-05,0.03177,0.02731,0.00871,0.08431,0.00168,0.01974,0.03431
chr11,4967301,4967301,0.27681,0.09434,0.11184,0.10248,0.06932,0.09958,0.10266,0.0462,0.07123,0.08843,0.04848,0.00316,0.0015,0.00074,0.00114,0.00042,0.00633,0.00042,0.00348,0.0,0.00353
chr11,5840901,5840901,0.1375,0.15389,0.22075,0.14442,0.18349,0.16887,0.0,0.0401,0.0,0.0,0.01325,0.04559,0.0,0.0,0.01541,0.0424,0.05594,0.09169,0.0,0.01414,0.01979
chr11,7810901,7810901,0.30488,0.07368,0.00615,0.09506,0.10067,0.08938,0.11871,0.23013,0.12306,0.11441,0.07808,0.03874,0.0013,0.00052,8e-05,0.05396,0.05655,0.04978,0.00022,0.0006,0.00017
chr11,11790801,11790801,0.02885,0.32536,0.4198,0.35311,0.20555,0.06827,0.40741,0.42596,0.4382,0.24474,0.09322,0.02881,0.00261,0.01148,0.083,0.01402,0.07294,0.20233,0.02271,0.10183,0.03838
chr11,21846001,21846001,0.06122,0.00012,0.02346,0.35453,0.01692,0.01694,0.08148,0.02037,0.55182,0.02691,0.0245,0.02139,0.37106,0.01538,0.01333,0.4923,0.00048,0.00107,0.47057,0.4778,9e-05
chr11,23163301,23163301,0.14804,0.16544,0.21038,0.04932,0.17989,0.14394,0.0,0.0,0.06395,0.0094,0.01793,0.0,0.07031,0.01065,0.02084,0.08582,0.01404,0.02957,0.06119,0.0162,0.01459
chr11,24244801,24244801,0.08678,0.02837,0.07005,0.09166,0.04765,0.06286,0.20834,0.27651,0.30789,0.23958,0.25482,0.01405,0.07565,0.00367,0.0066,0.01377,0.00282,0.00057,0.0272,0.01267,0.0007
chr11,25750501,25750501,0.28242,0.0,0.0,0.0,0.0,0.0,0.24545,0.28539,0.23548,0.27402,0.31207,0.0,0.0,0.0,0.0,0.0,0.0,0.0,0.0,0.0,0.0
chr11,26459101,26459101,0.0,0.0,0.0,0.2221,0.0,0.00942,0.0,0.0,0.17426,0.0,0.00582,0.0,0.18937,0.0,0.00678,0.22479,0.0,0.00968,0.21455,0.17846,0.00873
chr11,28997201,28997201,0.02416,0.09058,0.00325,0.1039,4e-05,0.08587,0.22452,0.03988,0.03375,0.0237,0.16476,0.05454,0.38141,0.10001,0.00031,0.12694,0.00399,0.05271,0.10581,0.29906,0.08903
chr11,31389301,31389301,0.19231,0.04027,0.00204,0.02758,0.24262,0.23998,0.09521,0.23527,0.09083,0.00588,0.01596,0.07631,0.00023,0.13128,0.13075,0.05164,0.27825,0.26567,0.12446,0.12321,0.0049
chr11,45386401,45386401,0.06476,0.01946,0.06568,0.03744,0.13671,0.14632,0.0217,0.0002,0.22835,0.01217,0.01412,0.01581,0.14063,0.06672,0.06444,0.18432,0.01662,0.02277,0.29483,0.25121,0.00061
chr11,47052901,47052901,0.35714,0.63521,0.2545,0.53101,0.41471,0.30904,0.1488,0.00123,0.07939,0.02093,0.01362,0.15644,0.00955,0.05686,0.04204,0.0885,0.03348,0.02808,0.0186,0.01384,0.0
chr11,55365301,55365301,0.16741,0.06807,0.11252,0.26979,0.02961,0.02376,0.02706,0.00759,0.01882,0.06908,0.06205,0.00513,0.08552,0.01025,0.01132,0.04538,0.03154,0.03639,0.14935,0.13264,0.00018
chr11,58630101,58630101,0.24178,0.35092,0.27716,0.02818,0.06994,0.01619,0.03451,0.01874,0.10256,0.04755,0.08633,0.00141,0.20273,0.14751,0.20592,0.14765,0.11557,0.1873,0.01058,0.0,0.01083
chr11,60666201,60666201,0.09465,0.14049,0.31164,0.25676,0.03039,0.00061,0.00728,0.08444,0.06215,0.04763,0.0744,0.04338,0.0209,0.08883,0.12069,0.00673,0.26194,0.30119,0.23594,0.21851,0.02033
chr11,69982301,69982301,0.50884,0.12315,0.08826,0.00287,0.1685,0.04767,0.16307,0.16539,0.43265,0.10457,0.19603,0.00074,0.08192,0.00593,0.00775,0.05253,0.01124,0.00442,0.11285,0.02416,0.02923
chr11,81500001,81500001,0.04396,0.00547,0.03339,0.12363,0.04778,0.01699,0.03107,0.01449,0.24965,0.12136,0.06115,0.01169,0.16393,0.06919,0.02918,0.26207,0.13515,0.07233,0.0166,0.03982,0.00687
chr11,86304201,86304201,0.48011,0.00229,0.1263,0.11994,0.0128,0.00595,0.39384,0.13391,0.1554,0.36323,0.50174,0.07701,0.07708,0.00299,0.01245,5e-05,0.06309,0.17904,0.05755,0.1556,0.03374
chr11,89476801,89476801,0.13985,0.07032,0.10414,0.05368,0.07226,0.01244,0.03363,0.0013,0.34725,0.0175,0.04125,0.01059,0.2646,0.00044,0.01058,0.22485,0.00688,0.03681,0.21639,0.07421,0.01512
chr11,90555701,90555701,0.40764,0.4398,0.51343,0.42151,0.4924,0.51605,0.0,0.0,0.0,0.0,0.00321,0.0,0.0,0.0,0.00374,0.0,0.0,0.00534,0.0,0.00342,0.00481
chr11,96001701,96001701,0.13869,0.03501,0.00772,0.03504,0.00488,0.03591,0.04234,0.08689,0.28708,0.21045,0.26831,0.01055,0.13401,0.07177,0.12845,0.06752,0.02569,0.07667,0.02132,0.00038,0.01679
chr11,102751001,102751001,0.12851,0.16945,0.03014,0.00863,0.06982,0.10371,0.02557,0.04836,0.24609,0.02623,0.01013,0.07564,0.30224,0.05152,0.02516,0.06839,0.00888,0.02153,0.13258,0.16086,0.00253
chr11,104234601,104234601,0.19798,0.0459,0.16764,0.07608,0.12159,0.21123,0.0967,0.00816,0.05414,0.02181,0.002,0.04532,0.00658,0.0221,0.06465,0.01694,0.00388,0.00224,0.00465,0.02907,0.01186
chr11,105284101,105284101,0.13115,0.14691,0.14723,0.1378,0.13337,0.20068,0.0,0.00714,0.0,0.0094,0.00582,0.00815,0.0,0.01065,0.00678,0.00756,0.00016,0.00288,0.00993,0.00622,0.00467
chr11,106774101,106774101,0.0286,0.12394,0.08103,0.13335,0.1983,0.13105,0.18333,0.11023,0.19787,0.21546,0.13542,0.0023,0.0003,0.0183,0.0025,0.004,0.03415,0.0106,0.01361,0.00109,0.00747
chr12,1203401,1203401,0.00135,0.11288,0.0414,0.28024,0.04232,0.13288,0.14202,0.04856,0.35143,0.05398,0.12289,0.01714,0.05716,0.02068,0.00102,0.11137,3e-05,0.02856,0.13152,0.02939,0.03055
chr12,8558501,8558501,0.19954,0.24991,0.30929,0.03342,0.25083,0.35343,0.02557,0.03121,0.15204,0.00017,0.0353,0.0,0.21137,0.02163,0.0,0.24964,0.02842,0.0,0.17194,0.27589,0.03403
chr12,31869501,31869501,0.0398,0.03175,0.04739,1e-05,0.07859,0.04473,0.00206,0.00154,0.10529,0.02955,0.00352,0.0002,0.06392,0.02222,0.00014,0.09435,0.03102,0.00098,0.20312,0.0704,0.03024
chr12,32706301,32706301,0.02552,0.06804,0.05874,0.01443,0.07949,0.12929,0.0094,0.14407,0.0019,0.01049,0.03678,0.21805,0.02016,0.0,0.01532,0.12193,0.24536,0.25994,0.02247,0.05299,0.01896
chr12,38445601,38445601,0.32776,0.35742,0.42779,0.34047,0.40733,0.47716,0.0,0.0,0.0,0.0,0.0,0.0,0.0,0.0,0.0,0.0,0.0,0.0,0.0,0.0,0.0
chr12,42652701,42652701,0.3121,0.16549,0.23088,0.12852,0.12114,0.09385,0.01478,0.00761,0.05825,0.0416,0.02975,0.00186,0.01144,0.00587,0.00363,0.0253,0.01745,0.01345,0.00101,0.00145,0.00013
chr12,45888601,45888601,0.16316,0.03322,0.39119,0.32377,0.17572,0.01375,0.07759,0.11323,0.11829,5e-05,0.21622,0.29418,0.26087,0.06889,0.07825,0.00756,0.07813,0.45821,0.0692,0.36498,0.25407
chr12,48687701,48687701,0.07324,0.00068,0.08137,0.07265,0.1113,0.15353,0.09345,0.31891,0.00053,0.00679,0.02268,0.08211,0.08464,0.11369,0.13627,0.25689,0.29141,0.30454,0.00324,0.0167,0.00775
chr12,50273001,50273001,0.21575,0.28362,0.17297,0.19459,0.05451,0.00292,0.0119,0.00014,8e-05,0.06244,0.24332,0.01283,0.00889,0.11899,0.32055,0.00039,0.05078,0.22103,0.05976,0.2257,0.08099
chr12,60520101,60520101,0.42701,0.1396,0.14643,0.31838,0.12556,0.09938,0.26479,0.15094,0.04834,0.17094,0.13349,0.00033,0.1057,7e-05,0.0015,0.06524,0.00066,0.00335,0.07811,0.0704,0.00102
chr12,81387201,81387201,0.20849,0.02328,0.0,0.0,0.0,0.01913,0.14031,0.21091,0.17092,0.20167,0.08756,0.02366,0.01778,0.02222,0.00382,0.0,0.0,0.01966,0.0,0.01267,0.01774
chr12,82102101,82102101,0.21359,0.18812,0.12381,0.0,0.0,0.01466,0.00014,0.00276,0.1753,0.20665,0.12439,0.00181,0.14962,0.18096,0.11689,0.09016,0.11709,0.08555,0.0,0.00969,0.01359
chr12,82138801,82138801,0.19504,0.35245,0.1641,0.00842,0.03051,0.05872,0.00948,0.00089,0.12403,0.08174,0.03274,0.01611,0.24827,0.17801,0.08596,0.09008,0.06662,0.02989,0.00601,0.02038,0.00793
chr12,90483201,90483201,0.0125,0.24142,0.16134,0.00238,0.13246,0.08911,0.42169,0.2521,0.00467,0.21767,0.13163,0.01854,0.32685,0.02455,0.03813,0.19319,0.00073,0.00913,0.16346,0.09758,0.00438
chr12,91721901,91721901,0.21359,0.09729,0.0,0.0,0.09376,0.0052,0.08153,0.21605,0.1753,0.02222,0.21629,0.09877,0.07565,0.0146,0.07501,0.0,0.09553,0.00534,0.0692,0.00342,0.09782
chr12,102075601,102075601,0.21734,0.08014,0.07662,0.00269,0.11521,0.05218,0.07284,0.03697,0.22967,0.01817,0.03954,0.00309,0.11852,0.01496,0.00068,0.07595,0.00405,0.00062,0.11336,0.04692,0.0073
chr12,117640401,117640401,0.02601,0.09778,0.13434,0.53192,0.19909,0.08841,0.02505,0.04192,0.38809,0.08057,0.02057,0.00344,0.23259,0.01746,0.00019,0.17578,0.00549,0.00197,0.14004,0.17248,0.01297
chr13,22584001,22584001,0.01181,0.09021,0.00013,0.02403,0.02217,0.00341,0.16082,0.01296,0.08891,0.00132,0.00285,0.11016,0.0271,0.20428,0.12729,0.03341,0.02478,0.00266,0.11596,0.04482,0.00814
chr13,23616201,23616201,0.02381,0.00012,0.01269,0.0029,0.07,0.1477,0.03467,0.00714,0.02037,0.11764,0.14956,0.0162,0.00473,0.05692,0.1121,0.00322,0.12806,0.20009,0.07986,0.1265,0.02879
chr13,27034201,27034201,0.17932,0.32959,0.2288,0.0164,0.13385,0.23698,0.033,0.00673,0.27517,0.00299,0.0112,0.00807,0.41021,0.05442,0.00288,0.25729,0.02034,0.00116,0.18047,0.23777,0.02968
chr13,39056201,39056201,0.00148,0.06883,0.05141,0.05187,0.02599,0.14507,0.04865,0.02909,0.07745,0.01269,0.09052,0.00095,0.23178,0.01105,0.01605,0.1604,0.00509,0.02739,0.13408,0.25062,0.05446
chr13,39716501,39716501,0.15171,0.16945,0.2152,0.15921,0.20134,0.23592,0.0,0.0,0.0,0.0,0.00321,0.0,0.0,0.0,0.00374,0.0,0.0,0.00534,0.0,0.00342,0.00481
chr13,39933401,39933401,0.04373,0.13027,0.18292,0.31838,0.17496,0.1753,0.02402,0.04588,0.17957,0.0433,0.03668,0.00637,0.09099,0.00458,0.00395,0.03613,0.00021,0.0002,0.04555,0.03564,0.0
chr13,52806401,52806401,0.02882,0.00152,0.10656,0.08869,0.14249,0.04786,0.04041,0.21369,0.1931,0.24957,0.11427,0.0801,0.07435,0.11769,0.02643,0.0008,0.01766,0.00618,0.01007,0.00633,0.02233
chr13,53059801,53059801,0.10577,0.08012,0.11836,0.01782,0.00756,0.00592,0.01698,0.00714,0.22297,0.07312,0.04688,0.00205,0.18052,0.04605,0.03279,0.22962,0.07247,0.05574,0.04758,0.03619,4e-05
chr13,65310101,65310101,0.00598,0.00231,0.04356,0.00334,0.08077,0.14263,0.01598,0.03121,0.00044,0.09325,0.124,0.06739,0.01095,0.05081,0.09359,0.02778,0.18051,0.22855,0.08751,0.12323,0.01687
chr13,72469801,72469801,0.00398,0.01701,0.07315,0.04882,0.07246,0.1774,0.00438,0.03965,0.02939,0.10252,0.18026,0.02259,0.01353,0.16047,0.24928,0.00159,0.27166,0.38652,0.22743,0.30128,0.03375
chr13,72839801,72839801,0.30163,0.0229,0.12205,0.06813,0.27661,0.28816,0.20149,0.06763,0.13801,0.01081,0.00137,0.03882,0.01302,0.15415,0.15379,0.0085,0.03834,0.0582,0.08771,0.09079,0.00351
chr13,78997501,78997501,0.79422,0.32345,0.26178,0.00842,0.05936,0.07881,0.23399,0.23154,0.73817,0.50933,0.33921,0.00248,0.2304,0.11616,0.06089,0.1661,0.08772,0.04905,0.02242,0.03407,0.0049
chr13,81791601,81791601,0.21826,0.24157,0.29977,0.22817,0.24053,0.31824,0.0,0.0,0.0,0.0094,0.00648,0.0,0.0,0.01065,0.00755,0.0,0.01404,0.01077,0.00993,0.00692,0.00248
chr13,86658401,86658401,0.14322,0.16016,0.20402,0.15038,0.1907,0.17808,0.0,0.0,0.0,0.0,0.0087,0.0,0.0,0.0,0.01013,0.0,0.0,0.01444,0.0,0.00929,0.01303
chr13,90855701,90855701,0.00351,0.09702,0.14903,0.09398,0.11587,0.0002,0.15887,0.20168,0.16256,0.17191,0.00158,0.0044,1e-05,8e-05,0.08326,0.00497,0.0038,0.13862,0.00016,0.07829,0.10516
chr13,104586101,104586101,0.0,0.0,0.0,0.20237,0.0,0.0052,0.0,0.0,0.15792,0.0,0.00321,0.0,0.1719,0.0,0.00374,0.20488,0.0,0.00534,0.19532,0.20996,0.00481
chr13,108560101,108560101,0.02381,0.19087,0.24477,0.01138,0.03138,0.01972,0.08103,0.12236,0.0031,0.00039,5e-05,0.01519,0.11491,0.08092,0.07651,0.15451,0.14358,0.15907,0.00559,0.00268,0.00012
chr14,35570601,35570601,0.13262,0.49717,0.22624,0.17784,0.11584,0.0243,0.22914,0.02842,0.0114,0.00015,0.03161,0.09343,0.13641,0.19847,0.34817,0.00458,0.02603,0.12832,0.00756,0.07085,0.03847
chr14,41608701,41608701,0.60642,0.31708,0.25872,0.46622,0.06048,0.13612,0.19917,0.08031,0.02383,0.39239,0.1463,0.01226,0.08651,0.09144,0.001,0.0225,0.1226,0.01926,0.26152,0.0708,0.04394
chr14,54709801,54709801,0.24176,0.34821,0.07115,0.02736,0.15352,0.17077,0.02391,0.05716,0.16216,0.01591,2e-05,0.15099,0.25498,0.08148,0.02053,0.02975,0.01646,0.05667,0.08489,0.09993,0.01605
chr14,73996001,73996001,0.00375,0.2462,0.21248,0.05736,0.00029,0.00397,0.23175,0.16803,0.09879,0.00264,0.0,0.01769,0.47448,0.2828,0.15904,0.42562,0.23458,0.13926,0.07867,0.06999,0.00241
chr14,80100101,80100101,0.43686,0.20802,0.0086,0.01482,0.16822,0.21821,0.10393,0.35111,0.31769,0.0907,0.02342,0.1281,0.10881,3e-05,0.01766,0.00032,0.11392,0.17799,0.0866,0.12331,0.01838
chr14,81874601,81874601,0.07721,0.10058,0.10646,0.00916,0.00611,0.09164,0.33146,0.30946,0.03932,0.0486,5e-05,0.00019,0.16424,0.15533,0.31545,0.15756,0.16081,0.34949,0.00061,0.0335,0.05213
chr14,82495501,82495501,0.21556,0.21301,0.16279,0.02839,0.13262,0.13879,0.00431,0.01874,0.36798,0.01998,0.01206,0.00777,0.38063,0.00949,0.00473,0.27937,0.00029,1e-05,0.23694,0.20891,0.00033
chr14,83426001,83426001,0.00769,0.06459,0.11198,0.35235,0.08548,0.02245,0.06461,0.08759,0.3064,0.07452,0.02122,0.01984,0.16729,0.00252,0.00611,0.06683,0.01127,0.05389,0.14344,0.23143,0.01841
chr14,85297001,85297001,0.32997,0.17924,0.20464,0.52366,0.22982,0.13036,0.04477,0.00816,0.04727,0.00739,0.02283,0.00919,0.17771,0.01227,0.00023,0.07691,9e-05,0.00598,0.08037,0.10295,0.00739
chr15,20120501,20120501,0.02656,0.00321,0.05547,0.01445,0.00015,0.00798,0.07488,0.20722,0.00172,0.02426,0.00322,0.03811,0.04001,0.00146,0.01825,0.1407,0.03894,0.09566,0.0142,0.00069,0.00872
chr15,21181301,21181301,0.01283,5e-05,0.05531,0.08298,0.00039,0.01664,0.0182,0.10853,0.04016,0.01451,0.0008,0.0524,0.10099,0.00017,0.01513,0.22045,0.03861,0.09916,0.07805,0.0129,0.01854
chr15,25887901,25887901,0.12552,0.2351,0.20807,0.3507,0.10868,0.22949,0.02226,0.0097,0.09183,0.0009,0.01805,0.00198,0.02461,0.02952,7e-05,0.03568,0.01766,0.00291,0.09349,0.01465,0.03147
chr15,26745401,26745401,0.00769,0.04652,0.23706,0.01172,0.06436,0.01995,0.04897,0.18212,0.02037,0.05652,0.01872,0.11278,0.01095,0.00343,0.00185,0.14834,0.09747,0.1735,0.02258,0.00253,0.01118
chr15,28677701,28677701,0.25993,0.07776,0.12194,0.01354,0.01742,0.0143,0.07249,0.03406,0.18843,0.38822,0.36489,0.00671,0.03244,0.17204,0.15536,0.05832,0.19738,0.21358,0.09766,0.06152,0.0
chr15,36129701,36129701,0.06345,0.09561,0.05232,0.00035,0.07745,0.18672,0.30396,0.19859,0.07517,0.27105,0.37431,0.00883,0.0848,0.00413,0.00988,0.0378,0.00162,0.04291,0.06216,0.1457,0.0316
chr15,39364401,39364401,0.05706,0.00478,0.02915,0.04268,0.02257,6e-05,0.10331,0.00601,0.21649,0.00963,0.0491,0.05343,0.02327,0.0464,0.00315,0.12687,0.00039,0.03048,0.11982,0.0313,0.02301
chr15,62705301,62705301,0.22615,0.30729,0.42494,0.00608,0.17681,9e-05,0.00468,0.03689,0.17309,0.00657,0.18214,0.01891,0.24438,0.02329,0.25423,0.33497,0.08038,0.38908,0.11111,0.00374,0.15852
chr15,65814601,65814601,0.03947,0.14218,0.20037,0.0022,0.01799,0.00378,0.04473,0.07073,0.03128,0.00741,0.01668,0.00421,0.16282,0.08263,0.0824,0.21625,0.12532,0.12926,0.00778,0.00017,0.0046
chr15,71472401,71472401,0.39553,0.20326,0.04284,0.00849,0.0098,0.01879,0.10545,0.26404,0.36389,0.40562,0.22909,0.08379,0.1397,0.16947,0.09431,0.01002,0.01458,0.00397,4e-05,0.00129,0.00231
chr15,77786201,77786201,0.11442,0.27698,0.18219,0.26308,0.09659,0.04151,0.09098,0.03726,0.08084,0.00375,0.00073,0.01134,0.00043,0.05896,0.10308,0.00703,0.02068,0.05703,0.0484,0.08718,0.00814
chr15,84535501,84535501,0.16925,0.00173,0.02605,0.0386,0.08002,0.10058,0.2033,0.25316,0.07185,0.02952,0.02201,0.01181,0.05329,0.09361,0.10731,0.10514,0.16869,0.20511,0.00592,0.00838,0.00025
chr15,86056201,86056201,0.04624,0.15903,0.21184,0.15115,0.28558,0.16653,0.05413,0.07309,0.0518,0.14857,0.04074,0.00035,0.00016,0.02168,9e-05,0.00109,0.02145,4e-05,0.02653,0.00041,0.01562
chr15,92673801,92673801,0.04741,0.00703,0.1223,0.12773,0.04803,9e-05,0.10133,0.01968,0.06713,0.00043,0.0335,0.1988,0.22018,0.09505,0.00754,0.01377,0.02351,0.09732,0.04815,0.09118,0.03799
chr15,98817401,98817401,0.0501,0.00035,0.00329,0.00041,0.00074,0.09995,0.05214,0.08052,0.06853,0.07063,0.24489,0.00585,0.00171,0.00226,0.10531,0.00115,0.00099,0.07277,3e-05,0.07572,0.08869
chr15,99574201,99574201,0.03916,0.16111,0.03213,0.23152,0.10011,0.18791,0.05613,0.00049,0.12038,0.01501,0.05452,0.05785,0.01077,0.01105,0.00083,0.10775,0.02114,0.07785,0.0409,0.00386,0.01839
chr15,100416501,100416501,0.20882,0.38727,0.20183,0.15274,0.30382,0.19603,0.04438,0.00286,0.00448,0.03467,0.00864,0.02151,0.07531,0.0,0.00688,0.01318,0.02031,0.00287,0.0597,0.02175,0.0073
chr15,102282301,102282301,0.01222,0.01968,0.12316,0.06954,0.02136,0.00914,0.08232,0.24351,0.04977,0.08275,0.03743,0.04207,0.15416,4e-05,0.00245,0.3104,0.05191,0.06985,0.16313,0.10879,0.0024
chr15,102381301,102381301,0.12421,0.21794,0.19283,0.02773,0.035,0.07894,0.03369,0.0117,0.03798,0.0294,0.00365,0.00314,0.10577,0.09465,0.03905,0.07162,0.07098,0.02762,0.00015,0.00997,0.00961
chr16,12403501,12403501,0.0,0.17824,0.04449,0.0,0.0,0.0,0.1358,0.02989,0.0,0.0,0.0,0.05407,0.14141,0.17137,0.2035,0.03162,0.04187,0.0552,0.0,0.0,0.0
chr16,13293001,13293001,0.21491,0.10343,0.13484,0.06142,0.05572,0.00486,0.0679,0.05591,0.10592,0.12005,0.13501,0.00027,0.00681,0.01592,0.05764,0.01029,0.0235,0.08353,0.00166,0.0291,0.02539
chr16,17475601,17475601,0.17822,0.19358,0.09546,0.0,0.0,0.0,0.00481,0.00523,0.1451,0.17217,0.19998,0.01988,0.15418,0.18626,0.22044,0.06891,0.09012,0.11693,0.0,0.0,0.0
chr16,21501301,21501301,0.0,0.0,0.0,0.4596,0.0,0.0,0.0,0.0,0.38598,0.0,0.0,0.0,0.41032,0.0,0.0,0.46344,0.0,0.0,0.44863,0.49728,0.0
chr16,23047701,23047701,0.36768,0.04036,0.00853,0.06231,0.01912,6e-05,0.22799,0.29691,0.19219,0.28089,0.35253,0.0129,0.00292,0.00528,0.0378,0.02698,0.00208,0.00789,0.01594,0.05823,0.01816
chr16,25333101,25333101,0.17002,0.05972,0.24681,0.33947,0.05411,0.0779,0.02717,0.00939,0.04005,0.04057,0.01089,0.06512,0.12331,0.00085,0.0019,0.0085,0.09275,0.04789,0.15494,0.07618,0.00592
chr16,32297501,32297501,0.29775,0.06119,0.03974,0.01249,0.12306,0.10148,0.09861,0.06227,0.28465,0.09228,0.09152,0.00016,0.07773,0.00289,0.00174,0.04603,0.00083,0.00048,0.13387,0.10471,0.00014
chr16,55794701,55794701,0.06959,0.41951,0.33801,0.32184,0.1854,0.03036,0.17657,0.10975,0.10829,0.02994,0.00544,0.00529,0.00891,0.05491,0.20791,0.00032,0.02852,0.18101,0.02067,0.13778,0.06757
chr16,58673601,58673601,0.29946,0.13886,0.02451,0.00241,0.18121,0.04093,0.05361,0.17716,0.34594,0.01737,0.09869,0.05071,0.17053,0.00713,0.01843,0.03646,0.08932,0.00449,0.18714,0.04409,0.04808
chr16,58945801,58945801,0.04817,0.07845,0.00084,0.10351,0.0183,0.06093,0.02557,0.04182,0.27426,0.02667,0.00064,0.07224,0.33289,0.06923,0.01238,0.12598,0.01197,0.051,0.2232,0.30503,0.01918
chr16,62543601,62543601,0.01612,0.02082,0.06834,0.3924,2e-05,0.00287,0.00012,0.01681,0.26786,0.01709,0.00496,0.01628,0.27375,0.02179,0.00739,0.14426,0.06718,0.05041,0.39039,0.33386,0.00322
chr16,76538201,76538201,0.23015,0.39214,0.56856,0.28522,0.39408,0.43358,0.03232,0.13223,0.00374,0.02681,0.03544,0.04219,0.01443,0.00014,0.00052,0.09765,0.04602,0.03098,0.01112,0.01794,0.00132
chr16,84143601,84143601,0.10431,0.32137,0.22628,0.37882,0.14607,0.168,0.12424,0.02878,0.21861,0.00339,0.00594,0.02349,0.00797,0.06919,0.04792,0.04995,0.01305,0.00786,0.11256,0.07475,0.00067
chr16,85053901,85053901,0.00769,0.03992,0.00258,0.18539,0.02318,0.03043,0.06461,0.00714,0.19787,0.03715,0.03485,0.06621,0.06334,0.00143,1e-05,0.22832,0.03965,0.04477,0.08077,0.05882,0.00117
chr16,87418301,87418301,0.05403,0.16215,0.0905,0.00028,0.0046,0.10794,0.03925,0.00173,0.07723,0.03335,0.00537,0.02429,0.22141,0.13458,0.00911,0.1058,0.05923,0.00193,0.0075,0.10729,0.07256
chr17,396601,396601,0.18182,0.00575,0.01354,0.3271,0.00891,0.00811,0.12714,0.10261,0.0303,0.12317,0.10935,0.00144,0.25688,0.00022,0.00019,0.22892,0.00063,0.0006,0.2571,0.2369,0.0
chr17,5594701,5594701,0.2037,0.22591,0.28174,0.21313,0.145,0.10117,0.0,0.0,0.0,0.02918,0.0336,0.0,0.0,0.03297,0.03896,0.0,0.04315,0.05485,0.03077,0.03582,0.00535
chr17,7336401,7336401,0.00132,0.00281,0.01791,0.26321,0.1116,0.00295,0.00045,0.02031,0.25258,0.0967,0.00572,0.02574,0.27662,0.11175,0.00851,0.1444,0.04707,0.00787,0.02465,0.22417,0.09612
chr17,10889601,10889601,0.02878,0.04962,0.03837,0.02059,0.00101,0.14364,0.00256,0.00034,0.00102,0.01881,0.2951,0.001,0.00696,0.03578,0.32586,0.00244,0.02589,0.2801,0.01214,0.28587,0.15878
chr17,15786901,15786901,0.03587,0.02134,0.1187,0.2019,0.07503,0.09237,0.00262,0.02003,0.08688,0.00545,0.00924,0.03847,0.11624,0.01601,0.02209,0.02049,0.00522,0.00153,0.04446,0.02649,0.00103
chr17,18727101,18727101,0.02167,0.00106,0.06613,0.10366,0.02815,0.01418,0.01033,0.00677,0.17724,3e-05,0.04568,0.03601,0.09857,0.0129,0.01612,0.25715,0.00727,0.11085,0.19427,0.0299,0.06434
chr17,20435501,20435501,0.20149,0.29387,0.43477,0.38046,0.31488,0.33645,0.01348,0.07073,0.09262,0.01127,0.01141,0.02483,0.04904,4e-05,0.0001,0.01535,0.02286,0.01187,0.0373,0.01787,0.00026
chr17,32872901,32872901,0.57583,0.20357,0.14495,0.04975,0.1873,0.12789,0.20281,0.18228,0.32563,0.12749,0.12059,0.00015,0.03792,0.00373,0.0006,0.02665,0.0053,0.00146,0.04994,0.02913,0.00098
chr17,35753901,35753901,0.01531,0.00544,0.06068,0.01799,0.03974,0.09391,0.00429,0.01463,9e-05,0.09938,0.11575,0.04084,0.00574,0.07582,0.10748,0.01228,0.21769,0.22507,0.10815,0.12541,0.02237
chr17,39421301,39421301,0.27266,0.19849,0.06958,0.00771,0.12733,0.07993,0.0469,0.18028,0.58929,0.12779,0.10405,0.08153,0.40747,0.03292,0.04737,0.15459,0.01667,0.00103,0.26131,0.13673,0.0072
chr17,49612501,49612501,0.05743,0.1637,0.32328,0.33305,0.21037,0.30607,0.03285,0.12894,0.1997,0.04755,0.09473,0.03292,0.08507,0.00071,0.01941,0.02066,0.02908,0.00077,0.08145,0.01626,0.01665
chr17,51845801,51845801,0.38389,0.14187,0.22292,0.00287,0.23207,0.20035,0.08919,0.01901,0.31237,0.03204,0.01985,0.02265,0.09633,0.0165,0.01842,0.15391,0.0011,0.0001,0.16295,0.12936,0.00052
chr17,57362401,57362401,0.56403,0.29682,0.18667,0.05556,0.02786,0.04452,0.09364,0.13043,0.44567,0.42598,0.35349,0.00637,0.18556,0.17479,0.12444,0.09952,0.10407,0.078,0.00058,0.00784,0.00549
chr17,58411201,58411201,0.10144,0.17096,0.32489,0.22528,0.248,0.3695,0.01298,0.08573,0.04819,0.03857,0.09903,0.02703,0.01113,0.00599,0.03815,0.00165,0.0075,0.00248,0.00124,0.00574,0.01597
chr17,80963001,80963001,0.01381,0.25161,0.1708,0.32059,0.01434,0.17069,0.29904,0.20188,0.3816,0.03825,0.17522,0.01543,0.00443,0.11576,0.00425,0.03633,0.06512,0.00229,0.15534,0.01398,0.0767
chr18,11551001,11551001,0.27993,0.17648,0.11798,0.02472,0.17644,0.1676,0.05747,0.06547,0.48841,0.03529,0.03875,0.00839,0.34318,0.0,0.00096,0.22024,0.00845,0.00384,0.30348,0.26304,0.00112
chr18,24546001,24546001,0.21359,0.04724,0.01075,0.0,0.0,0.0052,0.06697,0.19036,0.1753,0.20665,0.23545,0.0314,0.03628,0.04514,0.05795,0.00756,0.01009,0.01772,0.0,0.00342,0.00481
chr18,38259801,38259801,0.044,0.00851,0.04173,0.2117,0.16856,0.03435,0.01867,6e-05,0.07653,0.03837,0.00036,0.01372,0.17226,0.11308,0.00914,0.06855,0.04185,0.00018,0.0066,0.06437,0.04433
chr18,44387501,44387501,0.1744,0.15326,0.2594,0.1875,0.03477,0.08005,0.0022,0.00827,0.00039,0.05492,0.02906,0.01891,0.00108,0.04083,0.01862,0.01371,0.10787,0.08012,0.05602,0.02811,0.00619
chr18,49192401,49192401,0.00435,0.11265,0.0322,0.02045,0.02344,0.07803,0.1712,0.05443,0.00811,0.00776,0.04114,0.02852,0.22708,0.22531,0.31411,0.09248,0.1044,0.19672,2e-05,0.01545,0.01623
chr18,52391201,52391201,0.02105,0.02395,0.03192,0.13869,0.00429,0.00164,0.0,0.0,0.19437,0.01912,0.02115,0.0,0.21078,0.02163,0.02458,0.24898,0.02842,0.03482,0.18389,0.10898,0.00947
chr18,54392801,54392801,0.24118,0.2054,0.20146,0.41372,0.27477,0.35437,0.00431,0.01068,0.07917,8e-05,0.00326,0.00163,0.10403,0.00547,0.01592,0.11807,0.0141,0.0334,0.06203,0.04559,0.00264
chr18,64208601,64208601,0.11468,0.4293,0.46666,0.03323,0.13991,0.26868,0.19432,0.18149,0.02885,0.00014,0.02478,0.00234,0.31074,0.15916,0.05869,0.31183,0.16626,0.06266,0.03365,0.10326,0.02633
chr18,64958901,64958901,0.0008,0.0,0.0639,0.15136,0.0025,0.05009,0.00091,0.06555,0.17697,0.00041,0.03493,0.05921,0.16213,0.00248,0.04972,0.02049,0.08676,0.21004,0.18995,0.33391,0.02976
chr18,75266901,75266901,0.02643,0.32895,0.45799,1e-05,0.1699,0.18018,0.20735,0.30801,0.02733,0.0628,0.06249,0.02121,0.33011,0.035,0.01808,0.43314,0.10367,0.07219,0.15082,0.14129,0.0011
chr19,4616601,4616601,0.01399,0.2372,0.17128,0.01519,0.00367,0.01897,0.13482,0.07759,1e-05,0.00333,0.00038,0.00472,0.13771,0.1817,0.11007,0.08027,0.12553,0.08162,0.00375,0.00033,0.00621
chr19,9222801,9222801,0.07836,0.04013,0.01074,0.13596,0.001,0.00825,0.01506,0.03621,0.36197,0.06797,0.03312,0.01059,0.2876,0.03021,0.01179,0.20296,0.00513,0.00019,0.15662,0.18495,0.00334
chr19,12018801,12018801,0.22756,0.25155,0.2743,0.00776,0.25388,0.26012,0.0,0.01449,0.2476,0.01912,0.01499,0.01653,0.26701,0.02163,0.01743,0.25554,0.00034,0.00447,0.23957,0.20117,0.00258
chr19,12570001,12570001,0.0187,0.00012,0.02619,0.16441,0.0,0.14715,0.02036,0.0917,0.11029,0.02093,0.05697,0.03108,0.19041,0.00014,0.13376,0.30082,0.02743,0.28442,0.17959,0.00571,0.15056
chr19,12753301,12753301,0.22822,0.04724,0.07138,0.02736,0.08791,0.05344,0.08769,0.0625,0.15928,0.02911,0.041,0.00383,0.01693,0.01444,0.00514,0.03189,0.00502,0.00055,0.04711,0.02425,0.0019
chr19,20503701,20503701,0.13497,0.03329,0.0003,0.00916,0.0292,0.0017,0.2806,0.11104,0.20967,0.25887,0.14036,0.03522,0.00756,0.00039,0.01829,0.01121,0.03215,0.00331,0.0045,0.00287,0.01618
chr19,23138601,23138601,0.31262,0.216,0.30633,0.06726,0.25431,0.24102,0.0824,0.05488,0.22018,0.06612,0.0455,0.00658,0.07478,0.00031,0.00041,0.12916,0.00412,0.00906,0.08739,0.0547,0.00146
chr19,23464801,23464801,0.04035,0.16524,0.4021,0.29375,0.06699,0.02249,0.04985,0.2607,0.18361,0.00172,0.00336,0.13428,0.07219,0.03147,0.06306,0.02778,0.20789,0.23703,0.13251,0.14837,0.01167
chr19,35660001,35660001,0.0,0.22763,0.18184,0.06946,0.00705,0.00567,0.19795,0.13852,0.06242,0.00696,0.00461,0.00046,0.04311,0.1771,0.19607,0.03063,0.1394,0.17116,0.04013,0.0449,8e-05
chr19,35848501,35848501,0.15115,0.33721,0.14089,0.00831,0.08853,0.07211,0.08894,0.00204,0.08477,0.00608,0.00276,0.06465,0.24576,0.13779,0.11524,0.07742,0.0152,0.01122,0.03959,0.03106,0.00025
chr19,48406401,48406401,0.08956,0.23367,0.1798,0.14441,0.13909,0.19541,0.11511,0.01766,0.02133,0.00737,0.02176,0.04505,0.02906,0.03737,0.01195,0.0006,0.00065,0.00331,0.00179,0.00078,0.00519
chr19,52119301,52119301,0.02259,0.07085,0.2152,0.00301,2e-05,0.00086,0.17594,0.3202,0.02134,0.02545,0.01422,0.04058,0.12308,0.07024,0.08604,0.27098,0.21159,0.25391,0.00378,0.00059,0.00113
chr19,54554601,54554601,0.03701,0.00989,0.0001,0.14804,0.10181,0.02542,0.0893,0.04054,0.03931,0.01493,0.00052,0.00804,0.23105,0.15057,0.04801,0.15459,0.10805,0.0287,0.00447,0.03875,0.02208
chr2,3630901,3630901,0.00769,0.00905,0.17307,0.35156,0.01081,0.01131,0.01698,0.13668,0.31072,0.0,0.01499,0.1014,0.24827,0.02222,0.00011,0.03288,0.18336,0.13709,0.36848,0.27925,0.02236
chr2,9736101,9736101,0.23176,0.25604,0.28542,0.24209,0.20191,0.15663,0.0,0.00714,0.0,0.03508,0.03812,0.00815,0.0,0.03961,0.04416,0.00756,0.02204,0.04149,0.03698,0.04062,0.00777
chr2,33215401,33215401,0.02222,0.1233,0.36405,0.26636,0.01564,0.06147,0.04404,0.22534,0.16653,0.00124,0.00769,0.06708,0.03965,0.06224,0.0098,0.00159,0.26957,0.11805,0.18888,0.06741,0.01822
chr2,33763101,33763101,0.06784,0.07033,0.03192,0.00568,0.05647,0.057,0.00451,0.23994,0.1328,0.00017,0.0019,0.146,0.08863,0.0028,0.00023,0.02778,0.13785,0.11097,0.07484,0.05811,0.00134
chr2,34695701,34695701,0.09292,0.00441,0.01157,0.0097,0.01001,0.19991,0.06661,0.16122,0.16801,0.05049,0.0199,0.03196,0.03482,0.00111,0.1362,8e-05,0.04429,0.27317,0.04094,0.2151,0.13799
chr2,36330101,36330101,0.4661,0.21248,0.04502,0.0042,0.08314,0.02516,0.22064,0.2405,0.3066,0.36951,0.42968,0.02367,0.08072,0.06794,0.13186,0.01248,0.0003,0.0148,0.01738,0.00151,0.02179
chr2,41772601,41772601,0.0,0.05917,0.03881,0.0862,0.29385,0.23846,0.05686,0.03049,0.08192,0.24153,0.1722,0.00048,0.00403,0.12521,0.08896,0.00626,0.14278,0.11715,0.08579,0.05798,0.00121
chr2,43869901,43869901,0.24469,0.06119,0.15626,0.04969,0.00041,0.00041,0.0748,0.01243,0.05236,0.27302,0.18715,0.02322,7e-05,0.07333,0.04351,0.0162,0.16912,0.13807,0.0583,0.03723,0.00148
chr2,44369401,44369401,0.02105,0.26376,0.04609,0.43896,0.28813,0.09645,0.29124,0.07296,0.47405,0.29108,0.09548,0.10176,0.03148,0.00068,0.02553,0.22936,0.12621,0.01996,0.02341,0.09559,0.03941
chr2,51926401,51926401,0.3288,0.01535,0.01175,0.00814,0.04905,0.02817,0.25038,0.35904,0.3017,0.13835,0.15583,0.04799,0.03628,0.01892,0.00802,0.0,0.06704,0.04058,0.04815,0.02636,0.00139
chr2,52736901,52736901,0.14817,0.20465,0.36582,0.62,0.14598,0.1109,0.0006,0.06337,0.24585,0.00024,0.00069,0.06518,0.27286,0.00178,0.00259,0.05589,0.08412,0.08772,0.25502,0.20812,0.00021
chr2,54564301,54564301,0.01303,0.07173,0.2218,0.16256,0.17326,0.01405,0.0246,0.11832,0.08765,0.08646,5e-05,0.03819,0.01315,0.02006,0.01969,0.00878,0.00321,0.12615,0.00136,0.06223,0.0865
chr2,59615401,59615401,0.30915,0.2256,0.16585,0.00041,0.00563,0.00837,0.01298,0.01617,0.26006,0.24679,0.22194,0.00057,0.17998,0.16848,0.15119,0.11949,0.1238,0.12802,0.00245,0.00385,0.0005
chr2,79071301,79071301,0.01882,0.02842,0.04788,0.33292,0.06019,0.0622,0.00057,0.006,0.23248,0.01001,0.012,0.00368,0.2296,0.00683,0.00982,0.14266,0.00028,0.00245,0.1501,0.08666,0.00115
chr2,98227501,98227501,0.0054,0.04538,0.01068,0.00205,0.01457,0.27863,0.02479,0.00069,0.02069,0.0021,0.19401,0.01636,0.07856,0.01275,0.12005,0.02382,0.00035,0.23143,0.03169,0.27136,0.21198
chr2,100099401,100099401,0.26414,0.00681,0.00118,0.02759,4e-05,1e-05,0.24479,0.29013,0.47949,0.27754,0.21145,0.01344,0.06636,0.00611,0.00554,0.01809,0.00167,0.0013,0.03126,0.02344,1e-05
chr2,102228101,102228101,0.11707,0.02021,0.00088,0.03409,0.03147,0.00023,0.04515,0.09659,0.24846,0.26366,0.11709,0.01224,0.10867,0.11045,0.02251,0.04013,0.03964,0.00199,0.00993,0.02168,0.02083
chr2,109289001,109289001,0.02676,0.0459,0.06814,0.13969,0.07955,0.06521,0.00191,0.00565,0.04782,0.13861,0.10583,0.0011,0.02932,0.17506,0.13968,0.0158,0.22029,0.19514,0.27484,0.21175,0.00046
chr2,111074001,111074001,0.14455,0.39136,0.3107,0.43707,0.33134,0.27378,0.10688,0.03643,0.15138,0.05179,0.02748,0.01972,0.00302,0.01025,0.01322,0.0372,0.00168,2e-05,0.02398,0.02387,0.00103
chr2,114240201,114240201,0.2934,0.17661,0.12673,0.17462,5e-05,0.00062,0.01815,0.05109,0.01827,0.33284,0.25206,0.0085,0.0,0.19831,0.15394,0.00824,0.13902,0.11637,0.19847,0.14884,0.00107
chr2,123473601,123473601,0.0155,0.07408,0.18318,0.2037,0.09328,0.01437,0.02615,0.09302,0.1229,0.03525,5e-05,0.02689,0.0336,0.00124,0.02036,0.00022,0.0183,0.10611,0.02137,0.09957,0.03514
chr2,125427001,125427001,0.25789,0.02328,0.01075,0.0,0.01376,0.0067,0.19432,0.1994,0.21382,0.1866,0.19996,0.00014,0.01778,0.00067,4e-05,0.00756,0.00016,1e-05,0.00993,0.00442,0.00024
chr2,129590601,129590601,0.07478,0.27113,0.2337,0.40543,0.12167,0.06828,0.10265,0.07623,0.20194,0.01105,0.00145,0.00047,0.01149,0.05353,0.07258,0.0156,0.04341,0.07016,0.12109,0.13707,0.00354
chr2,131192901,131192901,0.13357,0.14702,0.20116,0.19248,0.11626,0.13515,8e-05,0.00583,0.03051,0.00515,0.0006,0.0047,0.02482,0.00634,0.00098,0.00606,0.02003,0.00794,0.03921,0.01673,0.00123
chr2,132003001,132003001,0.28578,0.31341,0.29336,0.27395,0.31224,0.30628,0.0,0.01449,0.02037,0.0094,0.0136,0.01653,0.0225,0.01065,0.01582,0.00374,0.00232,0.00026,0.00028,0.00466,0.00376
chr2,146834801,146834801,0.22906,0.29009,0.40036,0.11201,0.083,0.148,0.00429,0.03256,0.02922,0.05139,0.00519,0.01476,0.05567,0.08693,0.01759,0.11783,0.17157,0.06723,0.00364,0.00531,0.01913
chr2,153459901,153459901,0.01402,0.01596,0.06911,0.35225,0.0221,0.01205,0.0,0.08213,0.36464,0.0457,0.02771,0.0928,0.38849,0.05152,0.03216,0.12796,0.01601,0.02975,0.22486,0.25929,0.00148
chr2,153758301,153758301,0.28242,0.21671,0.04981,0.02736,0.12592,0.25306,0.00234,0.12236,0.20188,0.02395,0.01301,0.08825,0.14601,0.01155,0.02523,0.01737,0.0353,0.17097,0.073,0.16622,0.06968
chr2,159957001,159957001,0.17385,0.02247,0.03548,0.21956,0.12921,0.22903,0.0899,0.07617,0.0051,0.00581,0.00512,0.00073,0.12755,0.04656,0.11077,0.11405,0.04189,0.12239,0.01992,0.00017,0.02337
chr2,160028301,160028301,0.18598,0.05279,0.01767,0.00041,0.00558,0.29955,0.08384,0.11698,0.22297,0.13699,0.0,0.01231,0.04795,0.02446,0.12952,0.01134,0.00288,0.20076,0.00269,0.31108,0.22292
chr2,164601201,164601201,0.01562,0.01779,0.03162,0.35432,0.00179,0.02981,0.0,0.05488,0.39102,0.02691,0.04933,0.06225,0.41546,0.03042,0.05705,0.18639,0.01999,0.00015,0.3227,0.20344,0.01797
chr2,167152301,167152301,0.16383,0.18268,0.23101,0.17181,0.21641,0.26832,0.0,0.0,0.0,0.0,0.0,0.0,0.0,0.0,0.0,0.0,0.0,0.0,0.0,0.0,0.0
chr2,170301201,170301201,0.10745,0.23509,0.13248,0.23135,0.09691,0.07342,0.03603,0.00012,0.04007,0.00229,0.00506,0.02621,0.00028,0.05274,0.04981,0.02851,0.00383,0.00889,0.05539,0.05033,0.00123
chr2,172863101,172863101,0.00262,0.00047,0.04103,0.06536,0.15675,0.14107,0.00599,0.02231,0.05769,0.18808,0.13995,0.05165,0.08972,0.13894,0.1093,0.00852,0.33627,0.2917,0.35968,0.27354,4e-05
chr2,180061201,180061201,0.32335,0.06574,0.23878,0.21633,0.00273,0.00625,0.15899,0.07296,0.0873,0.26622,0.19417,0.05025,0.05774,0.04018,0.02745,0.00125,0.18099,0.1482,0.16642,0.12056,0.00065
chr2,215726401,215726401,0.30497,0.03657,0.10427,0.06986,0.16264,0.14438,0.14394,0.08009,0.10365,0.02834,0.02113,0.01362,0.00488,0.04528,0.03863,0.00206,0.01314,0.01329,0.02167,0.01829,2e-05
chr2,220052301,220052301,0.05369,0.05032,0.00724,0.00072,0.17662,0.20615,0.0,0.01841,0.0883,0.04495,0.05425,0.01763,0.07214,0.04426,0.05708,0.0116,0.11176,0.14203,0.1955,0.19443,0.00192
chr2,223865001,223865001,0.0,0.00559,0.06632,0.14449,0.00674,0.0,0.00562,0.07073,0.13365,0.00604,0.0,0.03308,0.18464,3e-05,0.00447,0.34681,0.02779,0.05008,0.19137,0.12627,0.0059
chr2,227143001,227143001,0.27,0.13812,0.00274,0.01955,0.1535,0.16691,0.04297,0.21022,0.17941,0.02183,0.00708,0.09289,0.06207,0.00239,0.00899,0.00587,0.11385,0.13488,0.0709,0.07605,0.00292
chr2,243152501,243152501,0.21234,0.11386,0.01606,0.00833,0.05484,0.02982,0.02507,0.14336,0.14907,0.07853,0.07569,0.05702,0.05859,0.01685,0.02615,0.00044,0.014,0.00327,0.01595,0.00438,0.00287
chr20,1386601,1386601,0.49056,0.13786,0.30926,0.45956,0.11259,0.08345,0.24418,0.08338,0.01989,0.2404,0.18103,0.04549,0.19561,0.00236,0.00525,0.05216,0.06953,0.07669,0.20213,0.15769,0.00103
chr20,1552201,1552201,0.36803,0.07875,0.16595,0.00616,0.15002,0.09876,0.16803,0.12506,0.38251,0.14911,0.10635,0.012,0.11059,0.00597,0.00431,0.18497,0.00157,0.00081,0.18241,0.09681,3e-05
chr20,15292501,15292501,0.03165,0.01299,0.01474,0.25061,0.00475,0.02066,0.00332,0.00355,0.11063,0.01081,0.00049,0.0,0.14256,0.00204,0.00089,0.15294,0.0023,0.00121,0.1806,0.10623,0.00591
chr20,25988601,25988601,0.17435,0.01464,0.0412,0.23748,0.13169,0.17809,0.07456,0.03079,0.00995,0.00466,0.0,0.00577,0.12095,0.04515,0.07058,0.06495,0.0163,0.03955,0.02643,0.00804,0.00528
chr20,31308901,31308901,0.05315,0.00061,0.00506,0.23177,0.11648,0.04082,0.04967,0.07661,0.45583,0.25039,0.10821,0.00809,0.24851,0.11787,0.03948,0.16975,0.07463,0.01935,0.02525,0.06172,0.01509
chr20,61263401,61263401,0.1066,0.02514,0.09994,0.01701,0.00965,0.05663,0.0355,7e-05,0.20275,0.16463,0.28344,0.02792,0.08766,0.06323,0.15448,0.15061,0.14773,0.26687,0.00111,0.00861,0.01584
chr21,9411201,9411201,0.26852,0.09542,0.14615,0.09125,0.0481,0.03307,0.08516,0.07985,0.11737,0.11224,0.12528,0.0017,0.00113,0.00647,0.01355,0.0066,0.01676,0.03082,0.00311,0.00847,0.0016
chr21,9825501,9825501,0.28293,0.11033,0.10164,0.19224,0.06619,0.07461,0.11395,0.03293,0.02224,0.07374,0.05267,0.00186,0.0323,0.00141,0.00029,0.00698,0.00522,0.00331,0.02812,0.01893,0.00029
chr21,16583101,16583101,0.06012,0.1447,0.18055,0.00791,0.18081,0.14123,0.01626,0.03341,0.10169,0.03222,0.01981,0.00578,0.19288,0.00439,0.0019,0.19551,0.00016,0.00075,0.20569,0.1417,0.00023
chr21,19325501,19325501,0.07877,0.15749,0.14572,0.42416,0.40178,0.12433,0.01496,0.0142,0.18142,0.15785,0.01101,6e-05,0.1022,0.09036,2e-05,0.08744,0.0865,1e-05,0.00038,0.0758,0.08186
chr21,20830201,20830201,0.21176,0.21396,0.25015,0.02132,0.20082,0.22431,0.01698,0.00714,0.15792,0.02579,0.01793,0.00014,0.14603,0.01035,0.00851,0.1518,0.00769,0.00814,0.10846,0.1039,8e-05
chr21,23645501,23645501,0.05607,0.63021,0.55463,0.87976,0.17437,0.04759,0.42602,0.37212,0.72935,0.06166,0.00099,0.00971,0.14325,0.16576,0.41432,0.04666,0.21157,0.45132,0.41358,0.66568,0.06618
chr21,25244001,25244001,0.23419,0.25865,0.31922,0.2446,0.30123,0.31576,0.0,0.0,0.0,0.0,0.01325,0.0,0.0,0.0,0.01541,0.0,0.0,0.02192,0.0,0.01414,0.01979
chr21,29677301,29677301,0.09989,0.07059,0.1361,0.10655,0.00622,0.03504,0.00325,0.00335,0.0001,0.05322,0.22718,0.01314,0.0045,0.03249,0.18702,0.00242,0.08375,0.27207,0.0583,0.23579,0.0635
chr21,43005601,43005601,0.3635,0.24854,0.41978,0.20601,0.10867,0.04703,0.00783,0.01854,0.01876,0.06754,0.145,0.04869,0.00233,0.02986,0.08881,0.06745,0.15321,0.27482,0.0148,0.05882,0.0164
chr21,44038401,44038401,0.0,0.02328,0.01075,0.21433,0.0,0.0052,0.01698,0.00714,0.1678,0.0,0.00321,0.00956,0.10608,0.02222,0.00548,0.18856,0.01009,0.00018,0.20697,0.17417,0.00481
chr22,17770201,17770201,0.00769,0.0541,0.0138,0.11659,0.14647,0.2534,0.05314,0.01952,0.10592,0.12005,0.18389,0.01872,0.01206,0.02351,0.10357,0.06357,0.0924,0.21295,0.00166,0.05312,0.05114
chr22,17920301,17920301,0.33255,0.0133,0.05103,0.01513,0.00184,0.00654,0.21148,0.13678,0.21403,0.39806,0.21585,0.00958,4e-05,0.02557,0.00105,0.00839,0.07127,0.02013,0.02909,0.00142,0.01391
chr22,18519801,18519801,0.3,0.16985,0.22605,0.10163,0.01507,0.02609,0.11816,0.05089,0.14584,0.24222,0.18584,0.00716,0.01207,0.10258,0.06972,0.0298,0.14652,0.11997,0.04805,0.02955,0.00133
chr22,20326501,20326501,0.25615,0.15331,0.19259,0.11919,0.03045,0.00438,0.0683,0.01468,0.08781,0.14155,0.14488,0.00601,0.00281,0.05198,0.07714,0.01343,0.07948,0.1228,0.03307,0.05614,0.00947
chr22,20744901,20744901,0.37294,0.18373,0.25833,0.1244,0.06036,0.02419,0.17763,0.0401,0.17088,0.21897,0.19092,0.02335,0.00445,0.03968,0.05312,0.03585,0.09672,0.12449,0.01655,0.02971,0.00558
chr22,22644701,22644701,0.00845,0.23544,0.00189,0.00491,0.05904,0.05442,0.23947,0.00333,0.00071,0.02183,0.01493,0.24608,0.2676,0.12343,0.08791,0.00107,0.04738,0.04157,0.03184,0.02275,0.00013
chr22,23398501,23398501,0.31442,0.11717,0.19508,0.00189,0.07434,0.08283,0.06027,0.0135,0.31505,0.10901,0.07133,0.01584,0.12193,0.00705,0.00126,0.17102,0.04681,0.03063,0.07699,0.07076,0.00215
chr22,32520401,32520401,0.00202,0.21871,0.03295,0.03442,0.01595,0.00853,0.22568,0.03892,0.05043,0.0254,0.01289,0.08829,0.08463,0.13221,0.13934,1e-05,0.00396,0.0081,0.00433,0.00718,0.00074
chr22,33780301,33780301,0.00088,7e-05,0.00157,0.01483,0.20102,0.06097,0.00045,0.00431,0.02424,0.14091,0.03405,0.00205,0.01778,0.16387,0.0439,0.00756,0.22117,0.07344,0.20391,0.06657,0.0406
chr22,37119801,37119801,0.46046,0.4537,0.51009,0.46445,0.27941,0.42023,0.00112,9e-05,0.00042,0.06807,0.01558,0.00157,0.0025,0.05739,0.01046,7e-05,0.08086,0.02258,0.07313,0.01925,0.02234
chr22,39293301,39293301,0.79872,0.21876,0.00037,0.15121,0.16303,0.24633,0.29789,0.78658,0.42483,0.41827,0.23649,0.20995,0.01058,0.01174,0.00082,0.14179,0.15438,0.24094,0.0,0.01678,0.02157
chr22,42896701,42896701,0.18207,0.02746,0.00827,0.13234,0.02026,0.00017,0.05992,0.21738,0.32623,0.29324,0.11663,0.05171,0.1667,0.07966,0.01526,0.08633,0.00066,0.00706,0.11711,0.08531,0.0115
chr22,44917501,44917501,0.0026,0.01378,0.00696,0.17243,0.05642,0.13559,0.00448,0.01648,0.27061,0.08257,0.16051,0.03694,0.26626,0.11463,0.20213,0.1179,0.02389,0.08107,0.06154,0.01698,0.01648
chr22,45554601,45554601,0.17283,0.10223,0.00602,0.18116,0.09725,0.24952,0.0469,0.14752,0.0,0.04444,0.00648,0.0726,0.04904,0.00103,0.03762,0.15497,0.06489,0.21187,0.04682,0.00692,0.04789
chr22,49530201,49530201,0.0,0.0,0.0,0.22858,0.0,0.01048,0.0,0.0,0.17967,0.0,0.00648,0.0,0.19513,0.0,0.00755,0.23132,0.0,0.01077,0.22087,0.22011,0.00971
chr3,8325601,8325601,0.01937,0.0129,0.05663,0.38798,0.01311,0.07091,0.00181,0.00818,0.23601,0.00106,0.01336,0.0191,0.30777,6e-05,0.02657,0.16062,0.01808,0.00128,0.28677,0.12945,0.0278
chr3,15844801,15844801,0.11798,0.09967,0.301,0.18245,0.07454,0.00664,0.00069,0.04776,0.00831,0.00944,0.06549,0.06189,0.01362,0.00487,0.0556,0.01748,0.11433,0.25121,0.03715,0.11956,0.03609
chr3,16230901,16230901,0.00803,0.00272,0.0157,0.20548,0.00784,0.00954,0.01962,0.00066,0.12248,6e-05,1e-05,0.0273,0.24945,0.01819,0.01722,0.10803,0.00136,0.00056,0.13609,0.10822,0.00016
chr3,22236301,22236301,0.03706,0.02841,0.02346,0.08678,0.00076,0.04688,0.00206,0.00797,0.22653,0.0596,0.00017,0.00197,0.20617,0.04576,0.00063,0.20629,0.03869,0.00573,0.08138,0.24934,0.06856
chr3,26450901,26450901,0.39586,0.17947,0.19915,0.15594,0.27071,0.37485,0.0795,0.04677,0.07576,0.02185,0.0004,0.00227,6e-05,0.01694,0.06312,0.00272,0.00661,0.04791,0.01703,0.05972,0.01836
chr3,32101101,32101101,0.53989,0.3269,0.11055,0.00696,0.25924,0.36666,0.1127,0.22444,0.66771,0.13379,0.05299,0.06849,0.40543,0.00789,0.00143,0.13929,0.03577,0.09926,0.30288,0.37453,0.01651
chr3,46736701,46736701,0.27993,0.2611,0.30926,0.2953,0.26297,0.18604,0.03556,0.0167,0.00042,0.08458,0.10027,0.00245,0.03792,0.02222,0.05078,0.01481,0.02864,0.07459,0.09766,0.10589,0.027
chr3,56607701,56607701,0.14476,0.08704,0.17972,0.0,0.01376,0.0,0.00636,0.01169,0.11697,0.07329,0.16324,0.03353,0.06751,0.03578,0.10097,0.13319,0.12324,0.21563,0.00993,0.0,0.01686
chr3,67357901,67357901,0.00366,0.00034,0.01335,0.17137,0.00082,0.00178,0.00197,0.00174,0.20606,0.00727,0.00784,0.00854,0.18996,0.00207,0.00297,0.2597,0.01999,0.02283,0.14887,0.11612,0.00019
chr3,68626401,68626401,0.00116,0.1684,0.22306,0.01376,0.00311,0.00112,0.25112,0.29117,0.00839,0.00922,2e-05,0.00175,0.34493,0.18034,0.20212,0.38979,0.23302,0.2761,0.03705,0.00814,0.00907
chr3,68737701,68737701,0.09657,0.28121,0.37267,0.01073,0.24392,0.05717,0.09146,0.14352,0.04784,0.03834,0.00862,0.00894,0.21833,0.01435,0.10571,0.28746,0.04426,0.17395,0.15904,0.01283,0.07736
chr3,69179001,69179001,0.00579,0.01588,0.0954,7e-05,0.0024,0.06139,0.03204,0.09479,0.00715,0.01278,0.02055,0.03251,0.01243,0.00599,0.11093,0.07094,0.06901,0.22393,0.0014,0.06268,0.07588
chr3,80055601,80055601,0.28161,0.10735,0.09371,0.07108,0.19148,0.14364,0.09293,0.06867,0.11136,0.05826,0.03384,0.00031,0.00288,0.0101,0.00304,0.00096,0.01187,0.00567,0.02304,0.00969,0.00067
chr3,82865701,82865701,0.26219,0.01008,0.02153,5e-05,0.04247,0.02157,0.3801,0.41496,0.26753,0.47543,0.3991,0.00186,0.01313,0.01386,0.0014,0.02373,0.00529,2e-05,0.04941,0.02122,0.00549
chr3,110159901,110159901,0.0,0.0,0.0,0.2221,0.0,0.00767,0.0,0.0,0.17426,0.0,0.00474,0.0,0.18937,0.0,0.00552,0.22479,0.0,0.00788,0.21455,0.18772,0.00711
chr3,114642501,114642501,0.21067,0.23342,0.2904,0.04323,0.15839,0.22996,0.0,0.0,0.39648,0.06154,0.01499,0.0,0.42103,0.06923,0.01743,0.47442,0.08958,0.02477,0.32761,0.38586,0.01027
chr3,129760801,129760801,0.09684,0.13681,0.04315,0.00484,0.17921,0.21911,0.00782,0.01022,0.17252,0.01914,0.03523,0.0322,0.1904,0.00254,0.01293,0.06805,0.05632,0.0919,0.21711,0.21992,0.00531
chr3,131707801,131707801,0.43992,0.27069,0.33479,0.23153,0.21055,0.14726,0.02674,0.01772,0.06603,0.04232,0.05287,0.0014,0.00657,0.00279,0.0096,0.01518,0.00916,0.0224,0.00053,0.0008,0.00273
chr3,131988501,131988501,0.37366,0.10435,0.05321,0.00823,0.04838,0.12614,0.08554,0.19823,0.2524,0.17301,0.04694,0.01772,0.04592,0.01418,0.00211,0.0122,5e-05,0.03439,0.01195,0.0551,0.02803
chr3,140543501,140543501,0.14327,0.00892,0.22685,0.47699,0.03347,0.01114,0.08141,0.00534,0.18007,0.04348,0.07081,0.13288,0.39376,0.00634,2e-05,0.11807,0.0903,0.14464,0.30879,0.329,0.00628
chr3,149268201,149268201,0.10712,0.02111,0.00515,0.00031,0.00459,2e-05,0.21222,0.12276,0.1678,0.0703,0.08282,0.005,0.01696,0.04177,0.01802,0.00263,0.01758,0.00461,0.00707,0.00015,0.00493
chr3,156073601,156073601,0.25,0.18708,0.34473,0.04008,0.17657,0.12537,0.02404,0.00212,0.16935,0.02463,0.05076,0.0424,0.0822,0.00093,0.01582,0.22435,0.04535,0.09248,0.05912,0.01906,0.01051
chr3,166838701,166838701,0.10655,0.13175,0.07821,0.0047,0.13374,0.23671,0.00061,0.01197,0.17943,0.0002,0.02055,0.01938,0.21556,0.00174,0.02469,0.121,0.01283,0.06511,0.20389,0.32269,0.02962
chr3,177004701,177004701,0.0,0.0,0.0,0.49769,0.0,0.0,0.0,0.0,0.42275,0.0,0.0,0.0,0.44772,0.0,0.0,0.50156,0.0,0.0,0.48663,0.5354,0.0
chr3,189363401,189363401,0.05247,0.03818,0.19065,0.03685,0.00552,0.00236,0.16534,0.27317,0.00587,0.07986,0.02324,0.06812,0.14171,0.01444,0.05046,0.26272,0.13847,0.22645,0.06293,0.01471,0.01381
chr3,191064201,191064201,0.00373,0.00182,0.18182,0.13304,0.00264,0.00046,0.00031,0.27879,0.22967,0.01253,0.00567,0.21461,0.16948,0.00835,0.00356,0.0,0.1534,0.13782,0.11312,0.09282,0.00083
chr3,194384601,194384601,0.01091,0.169,0.20709,0.1595,0.04456,0.03113,0.11639,0.12777,0.11042,0.00883,0.00337,0.00086,0.00023,0.06661,0.0502,0.00017,0.08433,0.07377,0.06408,0.04844,0.00058
chr3,195608801,195608801,0.30598,0.25263,0.4684,0.26308,0.11271,0.01466,0.00325,0.04853,0.00328,0.05568,0.22718,0.0794,0.0,0.03396,0.18702,0.07722,0.20917,0.44485,0.03372,0.18758,0.0675
chr3,196934401,196934401,0.24491,0.05663,0.07311,0.00287,0.26436,0.14388,0.09484,0.0462,0.1887,0.01345,0.00285,0.00613,0.03194,0.13334,0.06221,0.04321,0.10318,0.0541,0.19499,0.09321,0.00182
chr4,10001,10001,0.05404,0.23018,0.1175,0.00161,0.17185,0.04849,0.12374,0.01101,0.09257,0.04613,0.00031,0.07703,0.28545,0.05659,0.09631,0.15263,0.00886,0.01323,0.23642,0.05753,0.03492
chr4,6652901,6652901,0.07637,0.01091,0.08649,0.12735,0.02158,0.02773,0.0267,0.00108,0.00805,0.01703,0.17352,0.03316,0.0601,0.00126,0.06273,0.00264,0.02643,0.1824,0.04755,0.236,0.08936
chr4,7842301,7842301,0.13496,0.01677,0.00674,0.00056,0.01282,0.00415,0.13099,0.17062,0.30332,0.12025,0.14206,0.00538,0.03977,0.00063,0.00746,0.01661,0.00213,0.00049,0.02632,0.00933,0.00417
chr4,21359701,21359701,0.15677,0.17499,0.02721,0.16447,0.11096,0.23445,0.0,0.08012,0.0,0.02918,0.00648,0.09055,0.0,0.03297,0.00755,0.0845,0.03405,0.11891,0.03077,0.00692,0.03027
chr4,26951001,26951001,0.14907,0.16657,0.21174,0.15647,0.04537,0.06898,0.0,0.0,0.0,0.07481,0.03831,0.0,0.0,0.08402,0.04438,0.0,0.10821,0.06235,0.07869,0.04082,0.00224
chr4,31003501,31003501,0.0,0.09729,0.16008,0.33578,0.06576,0.00942,0.07243,0.112,0.27201,0.0457,0.00582,0.01611,0.09487,0.00508,0.06486,0.03332,0.042,0.14739,0.14823,0.30193,0.03817
chr4,42762701,42762701,0.29826,0.34476,0.28217,0.02656,0.20365,0.19829,0.00147,0.00375,0.19985,0.02681,0.01937,0.00978,0.236,0.04204,0.03159,0.1472,0.01136,0.01012,0.08833,0.07415,1e-05
chr4,58251101,58251101,0.24176,0.21181,0.06025,0.02736,0.0,0.00942,0.00015,0.0668,0.16216,0.23417,0.23403,0.06879,0.14033,0.20397,0.21392,0.02329,0.05676,0.05313,0.02621,0.00369,0.00873
chr4,60288501,60288501,0.20211,0.01779,0.00403,0.00592,0.04047,0.00947,0.2165,0.1413,0.14706,0.05689,0.25675,0.01653,0.04592,0.05387,0.00374,2e-05,0.01897,0.01723,0.01891,0.03013,0.07002
chr4,63669001,63669001,0.04263,0.17773,0.33805,0.43611,0.17751,0.09932,0.04624,0.15549,0.24533,0.04574,0.01474,0.05433,0.1011,9e-05,0.00368,0.00467,0.05417,0.08809,0.09094,0.10892,0.00549
chr4,69357201,69357201,0.03116,0.26908,0.22921,0.10217,0.15527,0.00447,0.17688,0.10838,0.03078,0.05462,0.00889,0.00397,0.05874,0.0442,0.17932,0.02827,0.01936,0.1668,0.0024,0.0537,0.09458
chr4,91926401,91926401,0.06868,0.35122,0.30673,0.22927,0.2309,0.29086,0.11837,0.11738,0.05605,0.06199,0.10158,0.00444,0.0097,0.00498,0.0018,0.02185,0.0177,0.00066,0.00064,0.0157,0.01268
chr4,93832601,93832601,0.54804,0.28976,0.26369,0.50293,0.21014,0.09287,0.1549,0.06714,0.0074,0.14274,0.22211,0.01102,0.10488,0.00015,0.02355,0.0361,0.0136,0.06641,0.09794,0.1758,0.02073
chr4,106938801,106938801,0.13059,0.0133,0.07429,0.19418,3e-05,0.06956,0.06425,0.00623,0.01064,0.15229,0.38042,0.02425,0.11446,0.01496,0.1474,0.03006,0.0779,0.2465,0.21819,0.43775,0.10486
chr4,108122501,108122501,0.08148,0.10236,0.04027,0.00047,0.0547,0.02033,0.31303,0.21131,0.10756,0.25263,0.15085,0.02397,0.09488,0.01653,0.0402,0.02956,0.00121,0.00393,0.04428,0.01177,0.00919
chr4,115156401,115156401,0.1226,0.00065,0.00064,0.00701,0.00745,0.00081,0.13718,0.14095,0.20605,0.0699,0.08449,0.0026,0.01368,0.00387,1e-05,0.00372,0.01246,0.00287,0.0265,0.0103,0.00322
chr4,133171601,133171601,0.00363,0.00101,0.05002,0.06658,0.01021,0.03444,0.01015,0.07284,0.04725,0.02564,0.04676,0.03819,0.10623,0.00514,0.02176,0.2083,0.01634,0.0011,0.13154,0.15027,0.00798
chr4,135426901,135426901,0.11683,0.13082,0.24956,0.21213,0.02018,0.04617,2e-05,0.03534,0.05479,0.05258,0.02381,0.03527,0.05152,0.05944,0.02823,0.00152,0.15262,0.10116,0.13583,0.08119,0.00469
chr4,142228301,142228301,0.38564,0.07508,0.03569,0.10866,0.04419,0.0072,0.21221,0.21763,0.15804,0.26186,0.20857,0.00771,0.00516,0.00688,0.02528,0.02273,0.00015,0.00829,0.02327,0.04348,0.01051
chr4,163271401,163271401,0.09897,0.0068,0.0153,0.20143,0.00021,0.00369,0.05783,0.0328,0.02193,0.10425,0.12439,0.0022,0.14159,0.00925,0.01789,0.10558,0.01761,0.03179,0.20542,0.236,0.00207
chr4,165984201,165984201,0.10712,0.11945,0.20451,0.05391,0.07346,0.12427,0.00061,0.02483,0.01995,0.00945,0.00151,0.00956,0.02281,0.01287,0.00346,0.07336,0.0467,0.02608,0.00079,0.00818,0.00407
chr4,172363101,172363101,0.38629,0.46867,0.38335,0.45014,0.24203,0.2578,0.05222,0.01235,0.04959,0.06934,0.04134,0.05477,0.0,0.13346,0.08366,0.05098,0.03279,0.02265,0.12543,0.07721,0.00037
chr4,172913501,172913501,0.00078,0.09734,0.06959,0.26474,0.01645,0.00774,0.10278,0.05349,0.32333,0.01032,0.00305,0.00131,0.0792,0.03164,0.04244,0.06988,0.01827,0.03189,0.15664,0.15989,0.00161
chr4,173423801,173423801,0.21632,0.13255,0.29738,0.22616,0.24244,0.13874,0.06406,0.0,0.0,0.01912,0.03812,0.08764,0.06693,0.03464,0.00086,0.0,0.02842,0.06204,0.02018,0.04062,0.03101
chr4,186440201,186440201,0.31296,0.54446,0.47694,0.52436,0.40312,0.45248,0.14031,0.01766,0.13103,0.00366,0.01179,0.07978,0.00014,0.09319,0.04093,0.07159,0.00512,0.0,0.08489,0.03615,0.00389
chr4,189389901,189389901,0.0,0.13834,0.21499,0.19527,0.02501,0.02279,0.1042,0.15343,0.15207,0.01715,0.01416,0.03224,0.007,0.06722,0.03604,0.01072,0.15364,0.13824,0.11351,0.07031,0.00241
chr4,190679901,190679901,0.02054,0.07161,0.12507,0.16325,0.01543,0.01129,0.20006,0.20327,0.35683,0.07532,0.03928,0.01239,0.02999,0.02418,0.01479,0.00112,0.06367,0.0516,0.09574,0.05619,0.0
chr4,190909801,190909801,0.08652,0.23033,0.1806,0.06241,0.12405,0.09812,0.0873,0.01959,0.00325,0.01303,0.00044,0.04618,0.1047,0.01895,0.06265,0.0351,0.00083,0.00934,0.02241,0.00403,0.01005
chr5,10001,10001,0.22611,0.12027,0.32042,0.22401,0.25894,0.15397,0.0582,0.0,0.00669,0.00623,0.01285,0.09276,0.0472,0.04375,0.00257,0.02778,0.01404,0.02233,0.00028,0.0083,0.0094
chr5,10273101,10273101,0.01331,0.02516,0.11739,0.00702,0.02446,0.22839,0.00394,0.05869,0.00131,0.06875,0.26995,0.01191,0.00796,0.0784,0.27112,0.07414,0.22952,0.50113,0.05415,0.25301,0.11587
chr5,12811001,12811001,0.32823,0.22268,0.01586,0.32976,0.1712,0.27125,0.03878,0.20033,4e-05,0.04422,0.00346,0.10677,0.04027,0.00142,0.01323,0.20527,0.08161,0.17406,0.04677,0.00429,0.02342
chr5,15719101,15719101,0.07849,0.05209,0.00456,0.00247,0.03104,0.00862,0.27273,0.12236,0.11031,0.01294,0.02594,0.03196,0.04592,0.14718,0.06372,0.00017,0.06003,0.02356,0.04562,0.0145,0.00498
chr5,26793501,26793501,0.29091,0.24677,0.34016,0.22483,0.08965,0.01221,0.00876,7e-05,0.009,0.09521,0.16836,0.01022,4e-05,0.05795,0.138,0.01032,0.11552,0.23051,0.05048,0.12321,0.03386
chr5,42608401,42608401,0.29698,0.36082,0.20001,0.31527,0.13357,0.11039,0.0101,0.04423,0.0004,0.08969,0.07653,0.08194,0.00649,0.13914,0.11716,0.05208,0.01001,0.01741,0.10085,0.08649,0.00132
chr5,45004801,45004801,0.29698,0.18157,0.05119,0.07808,0.21651,0.20068,0.03861,0.12826,0.10509,0.01236,0.00019,0.0356,0.024,0.00795,0.02474,0.00091,0.07559,0.10535,0.05178,0.06612,0.00861
chr5,57296801,57296801,0.01563,0.12254,0.00186,0.28338,0.02209,0.02379,0.15899,0.02207,0.26495,0.05037,0.03154,0.09724,0.10862,0.04318,0.01715,0.26774,0.01155,0.01622,0.21194,0.17295,0.00181
chr5,59999601,59999601,0.14382,0.08282,0.13905,0.03117,0.00702,0.10327,0.02444,0.00281,0.31182,0.10252,0.01049,0.00978,0.2373,0.04558,0.00103,0.27086,0.08969,0.00406,0.06798,0.20227,0.05792
chr5,70113201,70113201,0.03785,0.0064,0.05195,0.05018,0.06957,0.04698,0.10917,0.0007,0.00245,0.21535,0.11078,0.1059,0.1172,0.04147,0.02026,0.00038,0.23509,0.16158,0.22441,0.12805,0.00011
chr5,79824801,79824801,0.00769,0.00877,0.01175,0.23243,0.00345,0.0143,0.0,0.0,0.2028,0.0094,0.0,0.0,0.21973,0.01065,0.0,0.25901,0.01404,0.0,0.18515,0.28587,0.01686
chr5,87377801,87377801,0.2037,0.18312,0.19857,0.21313,0.00013,0.004,0.03467,0.01449,0.0,0.23614,0.13542,0.0003,0.03628,0.21132,0.12075,0.01535,0.22128,0.14312,0.24615,0.14336,0.00555
chr5,90498501,90498501,0.0597,0.07051,0.05583,0.1205,0.10016,0.05145,0.00023,0.00074,0.34445,0.00503,0.00065,0.00165,0.36513,0.00344,0.00141,0.30433,0.00855,1e-05,0.39485,0.26333,0.00731
chr5,97378301,97378301,-0.0,0.01949,0.00308,0.09692,0.0,0.00599,0.0209,0.00262,0.09894,0.0,0.0044,0.00713,0.22576,0.01994,0.03817,0.13018,0.00298,0.01727,0.09947,0.0478,0.00587
chr5,105890801,105890801,0.2994,0.02339,0.01405,0.04642,0.06087,0.01803,0.16386,0.4113,0.43395,0.48439,0.40029,0.07075,0.10867,0.13276,0.07257,0.03162,0.04187,0.00078,0.0,0.00969,0.01359
chr5,106217901,106217901,0.13032,0.08616,0.10172,0.24505,0.00043,0.06061,0.00961,0.00351,0.01989,0.12282,0.01271,0.00105,0.06208,0.07797,0.00113,0.03744,0.09035,0.00466,0.23861,0.05554,0.05059
chr5,106319501,106319501,0.11302,0.14687,0.10558,0.30278,0.06306,0.00439,0.00205,0.00012,0.10021,0.01052,0.05892,0.00248,0.07265,0.02148,0.08365,0.06089,0.00773,0.06617,0.12632,0.19176,0.03107
chr5,121079801,121079801,0.2449,0.02328,0.0,0.0,0.01376,0.01466,0.17854,0.24761,0.20244,0.16524,0.14816,0.02366,0.01778,0.00067,0.00202,0.0,0.01404,0.01506,0.00993,0.00969,0.0006
chr5,121564601,121564601,0.24038,0.12229,0.24499,0.01496,0.03764,0.11213,0.04897,0.013,0.34581,0.11954,0.04607,0.01866,0.19665,0.03071,0.00222,0.32552,0.10151,0.03368,0.0861,0.16313,0.01861
chr5,127407001,127407001,0.00618,0.0,0.11486,0.18371,0.13198,0.18047,0.00807,0.15657,0.29011,0.17689,0.1914,0.11376,0.21585,0.13301,0.16059,0.01284,0.00188,0.01567,0.0046,0.00015,0.00614
chr5,133114601,133114601,0.00502,0.02212,0.01833,0.13429,0.00136,0.00139,0.05609,0.04405,0.28621,0.01299,0.00075,0.00064,0.06739,0.015,0.02682,0.07255,0.01059,0.02674,0.13742,0.11124,0.00506
chr5,150202301,150202301,0.26846,0.05491,0.01952,0.00696,0.06905,0.24127,0.12857,0.15459,0.20664,0.07786,0.00438,0.00907,0.02029,0.00126,0.07064,0.00207,0.01666,0.13487,0.02717,0.139,0.05336
chr5,151510201,151510201,0.22274,0.09066,0.00131,0.13474,0.14038,0.12006,0.03636,0.22554,0.01621,0.00244,0.00098,0.08719,0.00443,0.015,0.01448,0.13356,0.13739,0.11674,0.00407,0.0046,0.00017
chr5,159336701,159336701,0.23746,0.21031,0.13275,0.05164,0.04444,0.01509,0.00173,0.01987,0.07965,0.09353,0.10913,0.01096,0.05951,0.07429,0.09564,0.01883,0.02936,0.05508,0.00055,0.00686,0.00482
chr5,160559301,160559301,0.10292,0.32084,0.35769,0.3914,0.07777,0.06779,0.10192,0.09716,0.20244,0.00302,0.00552,2e-05,0.07565,0.1069,0.10356,0.044,0.12023,0.12982,0.17403,0.15626,0.00066
chr5,162854901,162854901,0.44078,0.23656,0.43572,0.51345,0.15185,0.0721,0.05428,0.00843,0.00929,0.10274,0.15262,0.09449,0.10454,0.00924,0.03492,1e-05,0.16193,0.24514,0.16626,0.22466,0.01017
chr5,170129701,170129701,0.56242,0.55944,0.44008,0.32426,0.24169,0.00405,0.00219,0.02441,0.06858,0.16322,0.39287,0.01582,0.05434,0.1502,0.40183,0.01051,0.07106,0.34872,0.02162,0.21551,0.16078
chr5,178101301,178101301,0.01444,0.06635,0.0728,0.18539,0.03022,0.0506,0.14639,0.13258,0.32204,0.08057,0.08854,1e-05,0.04027,0.00842,0.0011,0.03518,0.00959,0.00162,0.07879,0.04178,0.00307
chr5,178364801,178364801,0.0,0.16549,0.15354,0.2221,0.0,0.0,0.12562,0.10717,0.17426,0.0,0.0,0.00044,0.00367,0.15902,0.18936,0.00698,0.14547,0.1854,0.21455,0.24929,0.0
chr5,180317901,180317901,0.19917,0.08327,0.07594,0.04103,0.00159,0.036,0.0094,0.01137,0.36003,0.13464,0.02424,0.00016,0.15852,0.0551,0.00505,0.13134,0.05056,0.00434,0.04085,0.07149,0.02178
chr6,1,1,0.00694,0.05777,0.00229,0.02455,0.29285,0.11265,0.02385,0.00134,0.00537,0.19994,0.05128,0.03695,0.00694,0.10171,0.01196,0.01178,0.25086,0.08925,0.15237,0.03063,0.03658
chr6,24306301,24306301,0.11442,0.27698,0.39811,0.41697,0.15074,0.09566,0.09098,0.18228,0.17637,0.01485,0.00614,0.02615,0.00965,0.04012,0.04707,0.00484,0.13496,0.15919,0.09546,0.09815,0.00095
chr6,30026501,30026501,0.0,0.0,0.0,0.24444,0.0,0.0,0.0,0.0,0.19298,0.0,0.0,0.0,0.2093,0.0,0.0,0.24731,0.0,0.0,0.23636,0.27341,0.0
chr6,31320901,31320901,0.19336,0.21802,0.06048,0.10864,0.16426,0.02905,0.00905,0.02536,0.00046,0.01756,0.06013,0.05939,0.01084,0.00413,0.10723,0.01414,0.06964,0.00774,0.02023,0.03777,0.11457
chr6,31871101,31871101,0.46477,0.25715,0.32217,0.42792,0.30091,0.3036,0.07387,0.0287,2e-05,0.03357,0.02985,0.00834,0.06342,0.00558,0.0055,0.02549,0.00025,0.00023,0.02971,0.02754,0.0
chr6,53924801,53924801,0.03338,0.17747,0.2225,0.15539,0.36273,0.39418,0.05914,0.07875,0.04679,0.1877,0.19397,0.00281,0.00113,0.04352,0.05634,0.00721,0.02366,0.03924,0.05926,0.0708,0.00183
chr6,57382101,57382101,0.0087,0.1076,0.01581,0.00041,0.03194,0.02213,0.2131,0.00071,0.00588,0.07621,0.05044,0.17434,0.15422,0.04006,0.03468,0.00974,0.08708,0.07449,0.04087,0.02449,0.00094
chr6,64651501,64651501,0.42467,0.28747,0.20454,0.00814,0.12562,0.23615,0.01451,0.02842,0.38938,0.09716,0.01011,0.00311,0.25323,0.03875,7e-05,0.16553,0.01964,0.00464,0.10688,0.18007,0.0415
chr6,65707101,65707101,0.25789,0.2334,0.18667,0.3278,0.11271,0.12005,0.00965,0.00155,0.00742,0.02765,0.00725,0.0027,0.03604,0.00705,3e-05,0.01553,0.01688,0.00316,0.06363,0.02755,0.00495
chr6,66361101,66361101,0.00177,0.05716,0.17069,0.03999,0.00358,1e-05,0.0839,0.1646,0.06708,0.01002,0.00152,0.0397,0.0015,0.03107,0.06397,0.05153,0.12813,0.20077,0.01893,0.04425,0.00455
chr6,70139301,70139301,0.00552,0.13036,0.09563,0.43346,0.26097,0.14093,0.07801,0.04624,0.357,0.17313,0.07168,0.00326,0.11951,0.02697,0.00079,0.1516,0.05215,0.00823,0.03418,0.08341,0.01883
chr6,74577501,74577501,0.07921,0.02612,0.06076,0.36061,0.18853,0.12054,0.00952,4e-05,0.20824,0.04377,0.01074,0.00601,0.21714,0.07334,0.03148,0.15343,0.04234,0.01393,0.04446,0.0744,0.00801
chr6,77012901,77012901,0.17536,0.00877,0.04057,0.00814,0.01081,0.01448,0.17879,0.05387,0.17092,0.20167,0.0633,0.0473,0.0,0.0,0.01772,0.044,0.05802,0.00242,0.0,0.01626,0.02273
chr6,77091301,77091301,0.43992,0.29674,0.21473,0.28018,0.51326,0.5033,0.01815,0.04664,0.05103,0.00282,0.01021,0.00783,0.00605,0.03793,0.05497,0.00027,0.08469,0.11842,0.0825,0.09654,0.00392
chr6,77425901,77425901,0.09783,0.05161,0.09464,0.0631,0.00123,0.0678,0.03107,0.02207,0.04167,0.11227,0.20411,0.00477,0.00151,0.06462,0.16949,0.00111,0.1112,0.25538,0.07686,0.17599,0.04854
chr6,86613001,86613001,0.1536,0.01946,0.02876,0.07982,0.01622,0.00788,0.3357,0.24784,0.05641,0.09946,0.16312,0.00116,0.2078,0.07416,0.00206,0.16971,0.08282,0.00673,0.03188,0.10355,0.04276
chr6,93568401,93568401,0.1215,0.13628,0.17496,0.12773,0.16315,0.20564,0.0,0.0,0.0,0.0,0.0,0.0,0.0,0.0,0.0,0.0,0.0,0.0,0.0,0.0,0.0
chr6,95185101,95185101,0.8089,0.31482,0.14874,0.1288,0.18269,0.22398,0.2426,0.36252,0.48234,0.32052,0.19318,0.03543,0.05759,0.01875,0.00191,0.00239,0.00269,0.02078,0.00964,0.02885,0.00807
chr6,96385001,96385001,0.10196,0.0196,0.00011,0.07618,0.00189,0.01277,0.03987,0.10326,0.32371,0.13408,0.16158,0.0215,0.19048,0.03535,0.05849,0.06504,0.00102,0.01019,0.0692,0.02557,0.005
chr6,98413701,98413701,0.01563,0.0645,0.02879,0.26561,0.00281,0.004,0.08148,0.0407,0.25351,0.0094,0.00064,0.00622,0.08926,0.07894,0.07738,0.14045,0.03852,0.04438,0.27857,0.28425,0.00061
chr6,98593601,98593601,0.04596,2e-05,0.00073,0.08315,0.04792,0.05843,0.0824,0.03604,0.22739,0.0094,0.00648,0.00055,0.09467,0.07466,0.07993,0.097,0.03626,0.04442,0.25008,0.27687,3e-05
chr6,122056901,122056901,0.12371,0.13872,0.17795,0.13004,0.16598,0.21204,0.0,0.0,0.0,0.0,0.00321,0.0,0.0,0.0,0.00374,0.0,0.0,0.00534,0.0,0.00342,0.00481
chr6,126173601,126173601,0.24344,0.19432,0.05877,0.03216,0.21822,0.0421,0.0197,0.12006,0.15932,0.02016,0.09309,0.06934,0.09223,4e-05,0.06162,0.00189,0.07719,0.00091,0.09603,0.00016,0.07317
chr6,134589401,134589401,0.19778,0.21406,0.22247,0.32546,0.06284,0.03935,0.00378,0.00909,0.0537,0.02416,0.02376,0.00158,0.02846,0.04227,0.0426,0.01544,0.05861,0.06728,0.12057,0.11214,0.00055
chr6,136845301,136845301,0.1645,0.06237,0.1776,0.09984,0.26414,0.27889,0.05549,0.00405,0.02304,0.01235,0.00229,0.03516,0.00877,0.12501,0.09795,0.00812,0.03004,0.01674,0.07316,0.04598,0.00319
chr6,139601801,139601801,0.12857,0.03283,0.02349,0.13511,0.02394,0.00394,0.04897,0.07584,0.0,0.2169,0.06104,0.00268,0.0512,0.09759,0.01111,0.08001,0.09169,0.00586,0.22635,0.06494,0.04225
chr6,142096101,142096101,0.12791,0.14334,0.1836,0.13442,0.17133,0.20173,0.0,0.0,0.0,0.0,0.00169,0.0,0.0,0.0,0.00197,0.0,0.0,0.00282,0.0,0.0018,0.00254
chr6,152389401,152389401,0.32432,0.22066,0.04846,0.00683,0.23702,0.21267,0.04903,0.14602,0.43353,0.02901,0.02849,0.067,0.30224,0.00037,0.00022,0.07722,0.07817,0.06439,0.29339,0.23522,0.00108
chr6,160085801,160085801,0.00138,0.06974,0.27165,0.0051,0.0619,0.05682,0.10122,0.2807,0.01447,0.0747,0.05633,0.08178,0.03672,5e-05,0.00012,0.19045,0.08468,0.0875,0.02875,0.02285,2e-05
chr6,161024901,161024901,0.29074,0.15338,0.17838,0.32511,0.04381,0.01157,0.02822,0.02346,0.00699,0.19554,0.15561,9e-05,0.0504,0.06232,0.07363,0.04521,0.07279,0.09772,0.23185,0.19167,0.00663
chr6,165707001,165707001,0.12563,0.26014,0.20124,0.06109,0.21636,0.11405,0.03441,0.01979,0.01134,0.02364,0.00124,0.001,0.08057,0.00047,0.01843,0.05399,0.00011,0.01277,0.06108,0.0155,0.01463
chr7,55001,55001,-0.0,0.22579,0.29594,0.42286,0.15334,0.04411,0.21054,0.24557,0.41297,0.12919,0.03097,0.01037,0.06149,0.00915,0.05274,0.01904,0.03973,0.11627,0.10787,0.17345,0.0247
chr7,223801,223801,0.14109,0.0,0.05467,0.0889,0.01082,0.01274,0.14791,0.35111,0.41855,0.22264,0.21065,0.0573,0.11322,0.0106,0.01094,0.02156,0.01748,0.01391,0.05305,0.03582,5e-05
chr7,13278101,13278101,0.19984,0.22174,0.2769,0.18797,0.20292,0.2405,0.0,0.0,0.02037,0.01715,0.00908,0.0,0.0225,0.01941,0.01057,0.02778,0.02552,0.01506,0.00321,0.00135,0.00013
chr7,31313601,31313601,0.09914,0.13907,0.36133,0.07174,0.08246,0.00873,0.00307,0.09703,0.0048,0.0027,0.0352,0.06854,0.01625,0.01187,0.05851,0.15461,0.13721,0.21816,0.00019,0.02033,0.02864
chr7,31559801,31559801,0.01149,0.0592,0.25456,0.55195,0.13391,0.11307,0.01727,0.14426,0.43689,0.06017,0.04602,0.08282,0.31272,0.01707,0.01516,0.06919,0.03078,0.02659,0.18871,0.14182,7e-05
chr7,48653101,48653101,0.32161,0.02328,0.0,0.0,0.0,0.02916,0.20373,0.3248,0.27061,0.31255,0.16933,0.02366,0.01778,0.02222,0.00268,0.0,0.0,0.02995,0.0,0.01938,0.02706
chr7,56864301,56864301,0.14526,0.0882,0.03717,0.23654,0.22329,0.14144,0.01727,0.0545,0.06333,0.01115,0.00118,0.01636,0.09596,0.04777,0.00489,0.13788,0.10639,0.04203,0.02395,0.03779,0.01319
chr7,57102401,57102401,0.12619,0.00844,0.04136,0.09593,0.06284,0.03102,0.08093,0.06879,0.33537,0.03285,0.05118,0.00831,0.14216,0.0218,0.00427,0.24642,0.00636,0.00038,0.26612,0.20091,0.00761
chr7,65143401,65143401,0.30759,0.19076,0.12847,0.28982,0.24214,0.29282,0.02914,0.04621,0.00111,0.01249,0.00055,0.00561,0.01955,0.00301,0.01592,0.03719,0.01691,0.04298,0.00676,1e-05,0.00679
chr7,65585201,65585201,0.03077,0.23656,0.09417,0.05556,0.10716,0.06076,0.15183,0.04021,0.00587,0.05306,0.02242,0.05542,0.13281,0.02887,0.06528,0.02625,0.00345,0.00105,0.03959,0.01346,0.0077
chr7,70409001,70409001,0.2107,0.21309,0.1336,0.00822,0.18608,0.16252,0.00165,0.02259,0.38875,0.01022,0.01154,0.017,0.38085,0.00505,0.00773,0.20889,0.00513,0.00134,0.30188,0.22106,0.00108
chr7,73826601,73826601,0.10571,0.00547,0.00296,0.04642,0.02776,0.00201,0.14477,0.07383,0.23548,0.02532,0.06418,0.01444,0.03252,0.04757,0.00974,0.05906,0.01312,3e-05,0.10256,0.03764,0.01305
chr7,74221201,74221201,0.23059,0.15953,0.26166,0.14379,0.12603,0.17003,0.05154,0.02361,0.05866,0.06515,0.03495,0.0162,0.0003,0.00747,0.00115,0.02084,0.0429,0.02079,0.00481,0.00035,0.00248
chr7,86224401,86224401,0.24272,0.15677,0.03298,0.02736,0.01376,0.03122,0.00907,0.15542,0.15819,0.19879,0.14538,0.08719,0.08978,0.12099,0.08124,0.00232,0.00867,0.00038,0.00197,0.00352,0.01069
chr7,91030501,91030501,0.43732,0.2952,0.14493,0.02736,0.01376,0.01048,0.0163,0.07605,0.24593,0.30621,0.28648,0.02473,0.14171,0.19221,0.18622,0.04925,0.08132,0.08666,0.00197,0.00127,3e-05
chr7,97380601,97380601,0.46066,0.0305,0.1602,0.06185,0.10299,0.04632,0.30408,0.07117,0.21638,0.16401,0.20334,0.05921,0.007,0.0225,0.00255,0.02697,0.01368,0.04469,0.00409,0.00071,0.00931
chr7,97655201,97655201,0.08936,0.15923,0.21619,0.29564,0.21317,0.06172,0.02455,0.0617,0.10218,0.05296,0.00114,0.01326,0.02778,0.00677,0.01192,0.00218,0.00155,0.05675,0.00758,0.06963,0.04049
chr7,99460701,99460701,0.14264,0.30166,0.36732,0.28618,0.348,0.35713,0.07375,0.08905,0.07011,0.08458,0.04397,0.0,0.0,0.0,0.00678,0.0,0.0,0.00968,0.0,0.00622,0.00873
chr7,100326901,100326901,0.00068,0.0643,0.0075,0.13586,0.09012,0.03088,0.08428,0.00332,0.17179,0.08789,0.01883,0.11728,0.36336,0.29344,0.16792,0.10248,0.05375,0.00861,0.02142,0.05178,0.01901
chr7,109433401,109433401,0.72076,0.22505,0.17869,0.00316,0.10432,0.21573,0.36608,0.21605,0.64041,0.33396,0.11993,0.00198,0.1488,0.00714,0.01609,0.11259,0.01431,0.00831,0.05976,0.13569,0.04025
chr7,110581901,110581901,0.21477,0.04724,0.0,0.0,0.0,0.0,0.03737,0.21724,0.17631,0.20779,0.23969,0.04799,0.03628,0.04514,0.05518,0.0,0.0,0.0,0.0,0.0,0.0
chr7,112425501,112425501,0.01376,0.11218,0.00011,0.05541,0.0316,0.00072,0.18203,0.01766,0.11391,0.00285,0.01597,0.11314,0.00843,0.24731,0.09138,0.05484,0.03917,0.00031,0.16216,0.04118,0.03574
chr7,118827701,118827701,0.00134,0.00068,0.00021,0.24869,0.0144,0.01491,0.00486,0.00056,0.25463,0.02292,0.02005,0.00174,0.38636,0.01053,0.00914,0.24559,0.01865,0.01936,0.36117,0.30974,0.0
chr7,126035201,126035201,0.0002,0.0686,0.08714,0.05062,0.00136,0.00159,0.05954,0.0664,0.07195,0.00043,0.00047,0.00062,0.22669,0.0548,0.04677,0.21649,0.06958,0.06832,0.07405,0.05402,1e-05
chr7,127194001,127194001,0.16614,0.51922,0.59915,0.50459,0.23157,0.08989,0.14281,0.21532,0.13548,0.01001,0.00364,0.01278,3e-05,0.07672,0.16789,0.01335,0.15183,0.28215,0.07029,0.15443,0.02913
chr7,142401401,142401401,0.04455,0.2992,0.39718,0.51944,0.24362,0.1186,0.1566,0.2185,0.4366,0.09168,0.0172,0.00152,0.0822,0.01155,0.04804,0.0818,0.027,0.08567,0.14369,0.16672,0.02087
chr7,143219101,143219101,0.20742,0.14858,0.10385,3e-05,0.0756,0.08342,0.06536,0.05977,0.24073,0.09839,0.1185,0.00504,0.19545,0.02569,0.03669,0.10212,0.00457,0.00963,0.07907,0.07831,0.00055
chr7,149696901,149696901,0.13953,0.15612,0.19913,0.14654,0.18606,0.23285,0.0,0.0,0.0,0.0,0.0,0.0,0.0,0.0,0.0,0.0,0.0,0.0,0.0,0.0,0.0
chr7,153919401,153919401,0.10712,0.07438,0.01553,0.05609,0.10813,0.10331,0.01698,0.05094,0.29193,0.01912,0.00908,0.02546,0.24007,0.00144,5e-05,0.11917,0.04274,0.03655,0.29972,0.27403,0.00071
chr7,158477701,158477701,0.21826,0.07074,0.10666,0.00502,0.08855,0.09793,0.1042,0.06528,0.38938,0.0703,0.04621,0.00217,0.13492,0.00063,0.00101,0.16822,0.00044,0.00012,0.14586,0.13482,8e-05
chr8,967401,967401,0.00016,0.00036,0.1089,0.0347,0.02491,0.00049,3e-05,0.08445,0.03016,0.02843,6e-05,0.09085,0.03044,0.03338,1e-05,0.01842,0.21649,0.09306,0.11941,0.02263,0.02765
chr8,3995301,3995301,0.00017,0.21613,0.21751,0.00011,0.3183,0.31294,0.24954,0.21007,0.00063,0.3365,0.2896,1e-05,0.21644,0.01454,0.00707,0.18982,0.01238,0.00688,0.30383,0.26737,0.0013
chr8,6094101,6094101,0.15662,0.0124,0.00024,0.01533,0.04431,0.0,0.2873,0.17846,0.10167,0.37977,0.13235,0.00999,0.05818,0.00867,0.01086,0.02026,0.04066,0.00018,0.11358,0.01411,0.04143
chr8,6824901,6824901,0.29528,0.35515,0.16456,0.01653,0.14215,0.01291,0.00304,0.02654,0.2971,0.02834,0.136,0.05142,0.34418,0.05274,0.18854,0.15626,0.00015,0.06906,0.13846,0.01885,0.05648
chr8,9496901,9496901,0.11086,0.04464,0.00788,0.00701,0.02423,0.0518,0.30902,0.17507,0.0844,0.24311,0.26772,0.01779,0.11499,0.00541,4e-05,0.03135,0.00476,0.02072,0.06675,0.09343,0.00591
chr8,11245401,11245401,0.42768,0.17424,0.52949,0.46978,0.18521,0.04558,0.09131,0.00103,0.00382,0.0828,0.17716,0.12868,0.11919,0.0,0.0395,0.00098,0.12595,0.27059,0.10861,0.20852,0.04679
chr8,16180201,16180201,0.29366,0.2315,0.24397,0.28491,0.19147,0.41344,0.01893,0.01137,0.00032,0.02599,0.00258,0.00011,0.01349,0.00252,0.03671,0.00834,0.00353,0.03129,0.02139,0.00462,0.0547
chr8,22907701,22907701,0.02018,0.02295,0.03061,0.13439,0.02821,0.04135,0.0,0.0,0.2275,0.0,0.00321,0.0,0.24585,0.0,0.00374,0.28807,0.0,0.00534,0.27598,0.29719,0.00481
chr8,36364301,36364301,0.19162,0.21286,0.26657,0.17811,0.20506,0.2683,0.0,0.0,0.02037,0.0094,0.00321,0.0,0.0225,0.01065,0.00374,0.02778,0.01404,0.00534,0.00028,0.00075,0.00185
chr8,37930801,37930801,0.03028,0.01219,0.01173,0.16039,0.01113,0.00136,0.07243,0.013,0.28125,0.06576,0.01816,0.04697,0.07987,0.00011,0.02099,0.25769,0.04574,0.00506,0.09126,0.18925,0.02106
chr8,39217601,39217601,0.209,0.04199,0.00015,0.00163,0.08141,0.16912,0.07553,0.2317,0.24609,0.03199,3e-05,0.05018,0.05829,0.00717,0.05035,0.00094,0.09262,0.18355,0.0899,0.14793,0.02686
chr8,72214401,72214401,0.0,0.20694,0.19373,0.38964,0.32687,0.14172,0.15899,0.13719,0.32058,0.24833,0.09229,0.00266,0.07,0.06078,0.00047,0.04272,0.0428,0.00079,0.0,0.04736,0.05253
chr8,87174101,87174101,0.06661,0.05854,0.03614,0.06439,3e-05,0.00078,0.01698,0.02037,0.24677,0.07726,0.04666,0.00919,0.23993,0.0666,0.04085,0.19477,0.03778,0.02563,0.07134,0.07529,0.00052
chr8,96875001,96875001,0.29255,0.27382,0.36957,0.24406,0.23292,0.24726,0.03467,0.00714,0.02037,0.05528,0.03113,0.0162,0.00019,0.01814,0.01137,0.01228,0.0568,0.03758,0.01173,0.00784,0.0
chr8,112282301,112282301,0.01156,0.00354,0.00313,0.01877,0.02569,0.34855,0.0316,0.02693,0.06605,0.00201,0.22481,3e-05,0.00797,0.04833,0.39004,0.008,0.04827,0.41197,0.08422,0.4381,0.21682
chr8,120154201,120154201,0.27612,0.32757,0.37,0.02931,0.25828,0.17496,0.00106,0.00103,0.42103,0.02335,0.03267,1e-05,0.47658,0.04227,0.0478,0.4923,0.04232,0.06137,0.39204,0.26015,0.00895
chr8,120761401,120761401,0.36242,0.08704,0.02174,0.0,0.01376,0.0052,0.14235,0.242,0.30789,0.32623,0.33255,0.01872,0.06751,0.06011,0.056,0.01535,0.00911,0.00856,0.00993,0.00342,2e-05
chr8,123111701,123111701,0.00083,0.01643,0.01717,0.00151,0.05093,0.10558,0.02953,0.0259,7e-05,0.07474,0.14585,2e-05,0.04168,0.01583,0.07407,0.03505,0.01339,0.05191,0.10325,0.20879,0.01686
chr8,129730001,129730001,0.11578,0.06985,0.12829,0.0268,0.01875,0.00018,0.01015,6e-05,0.27892,0.05552,0.12602,0.00838,0.19662,0.02089,0.08023,0.24773,0.05746,0.15338,0.09372,0.02362,0.02501
chr8,131832601,131832601,0.32968,0.20455,0.27327,0.1603,0.38812,0.17484,0.00721,0.00041,0.04209,0.02715,0.00138,0.00431,0.01143,0.05674,0.00127,0.03103,0.03881,0.00058,0.11277,0.01571,0.04052
chr8,132265101,132265101,0.13803,0.17777,0.19453,0.05848,0.20971,0.05311,0.00122,0.0009,0.03193,0.00278,0.01845,2e-05,0.05085,0.00035,0.03039,0.04664,0.00056,0.03724,0.06047,0.0,0.04275
chr8,143353701,143353701,0.1913,0.08704,0.03986,0.23612,0.0,0.0,0.03726,0.07599,0.00508,0.18491,0.21425,0.00795,0.06791,0.08333,0.10097,0.11797,0.0375,0.04951,0.22823,0.26444,0.0
chr8,144633401,144633401,0.00062,0.13629,0.3818,0.05551,0.15756,0.12077,0.12622,0.31888,0.05836,0.13243,0.08838,0.08992,0.01955,0.00159,0.00077,0.17143,0.07398,0.07498,0.03004,0.02056,8e-05
chr8,146281801,146281801,0.01974,0.01468,0.01182,0.32953,0.02403,0.01838,0.00021,0.0,0.19724,0.00035,0.00015,0.00013,0.15438,0.0,1e-05,0.17137,0.00021,0.0001,0.1966,0.19025,3e-05
chr9,17290001,17290001,0.4943,0.55462,0.641,0.49353,0.5373,0.3435,0.01249,0.04418,0.00012,0.00111,0.04322,0.00956,0.00565,0.01442,0.06988,0.0199,0.03715,0.11252,0.00159,0.04568,0.04886
chr9,23206601,23206601,0.17794,0.30407,0.22308,0.00792,0.33226,0.13491,0.00712,0.0025,0.12566,0.02276,0.0018,0.00041,0.24277,0.0084,0.01394,0.14266,0.00964,0.01031,0.24739,0.06847,0.03772
chr9,43864101,43864101,0.30046,0.00591,4e-05,0.02222,0.06497,0.1074,0.23565,0.36102,0.42864,0.08169,0.0443,0.00662,0.04827,0.02977,0.05415,0.03277,0.07384,0.11901,0.12077,0.14979,0.0049
chr9,45375901,45375901,0.07274,0.00491,0.00264,0.05888,0.00069,0.00124,0.04842,0.10772,0.26177,0.08648,0.0874,0.01542,0.10748,0.00306,0.01065,0.04412,0.00734,0.00029,0.0997,0.04399,0.00423
chr9,70947601,70947601,0.23719,0.12108,0.04051,0.17549,0.02209,0.07982,0.08148,0.18463,0.03733,0.20057,0.08778,0.04585,0.01631,0.06238,0.01154,0.10306,0.00268,0.01,0.12141,0.04129,0.02044
chr9,91895001,91895001,0.2627,0.00067,0.04626,0.00916,0.00141,0.0,0.31031,0.10102,0.17008,0.33489,0.26141,0.05352,0.0159,0.00011,0.00068,0.01058,0.06689,0.05154,0.01968,0.0091,0.00149
chr9,112773601,112773601,0.30725,0.50001,0.4214,0.28642,0.13928,0.07053,0.0593,0.0259,0.0,0.02006,0.04948,0.00599,0.05473,0.1266,0.18076,0.02459,0.09148,0.15984,0.0201,0.05043,0.00946
chr9,116641901,116641901,0.00219,0.11411,0.07377,0.26262,0.10233,0.00022,0.14619,0.07625,0.36599,0.09932,0.00089,0.01493,0.05707,0.00028,0.03094,0.1324,0.01,0.02251,0.05686,0.07274,0.03454
chr9,129495301,129495301,0.11388,0.42752,0.28367,0.03635,0.12373,0.06867,0.19,0.07856,0.01822,0.00339,0.00037,0.01519,0.26118,0.1317,0.16759,0.13509,0.05734,0.09926,0.02868,0.00741,0.00589
chr9,130098601,130098601,0.88525,0.45552,0.18065,0.05556,0.22673,0.13627,0.16364,0.38583,0.66617,0.29031,0.2823,0.08549,0.24403,0.04029,0.06137,0.05067,0.00765,0.00024,0.08431,0.04026,0.00442
chr9,131183401,131183401,0.08988,0.07894,0.00025,0.00037,0.11241,0.33761,0.00243,0.08747,0.08423,0.0,0.06785,0.07787,0.07081,0.00267,0.11757,0.00107,0.11122,0.32242,0.09506,0.30464,0.08488
chr9,134074401,134074401,0.24892,0.00807,0.00186,0.06963,0.01037,0.02543,0.17743,0.20832,0.07315,0.26214,0.33333,0.00206,0.0305,0.02831,0.05123,0.04679,0.01793,0.03793,0.09668,0.14224,0.00107
chr9,136453701,136453701,0.26558,0.2109,0.25679,0.01753,0.19511,0.0639,0.00612,2e-05,0.1519,0.00822,0.05748,0.00577,0.1034,0.00031,0.03493,0.13056,0.00897,0.07348,0.08675,0.0117,0.03321
chr9,137097701,137097701,0.00357,0.09135,0.09335,0.42325,0.21517,0.18116,0.05796,0.0513,0.37768,0.15121,0.10714,0.0,0.20208,0.03162,0.01917,0.19304,0.03398,0.02388,0.08993,0.08715,0.00077
chr9,140245301,140245301,0.24272,0.2092,0.4372,0.24604,0.35019,0.18928,0.00332,0.04051,8e-05,0.01115,0.00698,0.06365,0.00252,0.02572,0.0014,0.04577,0.00789,0.07203,0.01352,0.00626,0.03516
