hs1,1,10000,0.0
hs1,177001,228000,0.0204
hs1,267001,318000,0.0186
hs1,471001,521000,0.0112
hs1,525001,548000,3.043
hs1,2583001,2621000,5.4594
hs1,2634001,2684000,0.0032
hs1,3845001,3995000,0.0042
hs1,9846001,9857000,1.0748
hs1,13053001,13132000,0.4378
hs1,13220001,13374000,0.4054
hs1,13382001,13433000,1.1088
hs1,13472001,13663000,0.7096
hs1,13693001,13772000,1.1558
hs1,16833001,16843000,5.4486
hs1,16885001,17003000,5.8808
hs1,17007001,17126000,4.7264
hs1,17126001,17176000,0.0106
hs1,17190001,17276000,3.1792
hs1,24257001,24364000,0.92
hs1,29878001,30028000,0.0012
hs1,72766001,72812000,0.0204
hs1,85980001,86006000,4.0648
hs1,103785001,103914000,0.606
hs1,103925001,104004000,0.9734
hs1,110226001,110245000,1.1466
hs1,112692001,112705000,0.2798
hs1,120544001,120567000,3.8918
hs1,120568001,120637000,3.9192
hs1,120697001,120747000,0.0018
hs1,120749001,120772000,3.2058
hs1,120937001,121087000,0.002
hs1,121108001,121141000,4.1574
hs1,121376001,121406000,4.3636
hs1,121486001,142535000,0.0
hs1,142535001,142731000,5.1202
hs1,142731001,142781000,0.0
hs1,142781001,142912000,5.8914
hs1,142925001,142968000,5.1046
hs1,142968001,143118000,0.0016
hs1,143137001,143145000,3.501
hs1,143174001,143208000,3.5494
hs1,143212001,143238000,3.279
hs1,143249001,143285000,3.6038
hs1,143293001,143343000,0.0024
hs1,143343001,143545000,3.5804
hs1,143545001,143655000,0.0924
hs1,143668001,143725000,1.1432
hs1,143725001,143771000,3.3482
hs1,143771001,143871000,0.0
hs1,143906001,143933000,2.9694
hs1,143935001,144074000,3.5896
hs1,144096001,144159000,0.3056
hs1,144224001,144284000,0.1734
hs1,144285001,144313000,0.8956
hs1,144340001,144452000,0.382
hs1,144455001,144493000,1.0766
hs1,144582001,144619000,2.807
hs1,144622001,144673000,0.0272
hs1,144673001,144711000,3.2058
hs1,144711001,144811000,0.003
hs1,144811001,144897000,3.7798
hs1,144907001,145093000,5.2544
hs1,145097001,145142000,5.6066
hs1,145144001,145383000,4.6918
hs1,145833001,145945000,0.6218
hs1,146022001,146215000,0.914
hs1,146253001,146303000,0.0038
hs1,146308001,146391000,1.1224
hs1,146400001,146465000,1.2516
hs1,147425001,147486000,1.1254
hs1,147533001,147707000,1.2752
hs1,147832001,147855000,1.1248
hs1,147857001,147914000,1.0886
hs1,147934001,147960000,1.0144
hs1,147977001,147996000,0.9708
hs1,148026001,148176000,0.0
hs1,148206001,148222000,3.6178
hs1,148361001,148511000,0.0038
hs1,148511001,148545000,2.7542
hs1,148550001,148572000,3.027
hs1,148626001,148684000,3.0914
hs1,148684001,148753000,0.3198
hs1,148765001,148787000,1.1756
hs1,148850001,148954000,6.257
hs1,148954001,149004000,0.0296
hs1,149020001,149034000,3.5276
hs1,149232001,149329000,3.8194
hs1,149460001,149531000,0.2094
hs1,149537001,149579000,0.5934
hs1,149616001,149642000,0.8158
hs1,149648001,149703000,3.3802
hs1,149719001,149753000,3.2194
hs1,152556001,152588000,1.0568
hs1,161405001,161442000,10.7436
hs1,205923001,206073000,0.0028
hs1,206097001,206114000,2.5428
hs1,206332001,206482000,0.0028
hs1,206485001,206534000,2.7594
hs1,206558001,206569000,3.8738
hs1,206570001,206583000,4.1354
hs1,207699001,207725000,1.1478
hs1,207728001,207737000,0.9988
hs1,210078001,210086000,0.9958
hs1,215492001,215501000,1.0142
hs1,223725001,223798000,0.3704
hs1,228744001,228783000,9.3594
hs1,234912001,234951000,3.7982
hs1,235192001,235242000,0.0094
hs1,238615001,238659000,0.9688
hs1,248674001,248683000,1.1616
hs1,248908001,249058000,0.003
hs1,249241001,249251000,0.0
hs2,1,10000,0.0
hs2,1526001,1542000,1.0238
hs2,3529001,3579000,0.0134
hs2,5019001,5119000,0.004
hs2,16280001,16329000,0.0
hs2,19188001,19225000,1.017
hs2,21153001,21178000,0.0088
hs2,34696001,34737000,1.0066
hs2,52750001,52785000,0.9728
hs2,74015001,74029000,3.1946
hs2,87128001,87150000,2.6046
hs2,87567001,87627000,4.3428
hs2,87658001,87730000,0.3986
hs2,87731001,87740000,1.088
hs2,89161001,89521000,1.133
hs2,89630001,89830000,0.0032
hs2,89830001,89854000,4.2178
hs2,89857001,89891000,4.8266
hs2,90267001,90278000,1.0208
hs2,90321001,90371000,0.01
hs2,90371001,90475000,4.8882
hs2,90537001,91595000,0.0062
hs2,91595001,91670000,4.8672
hs2,91672001,91695000,6.1516
hs2,91721001,91925000,6.9644
hs2,92326001,95326000,0.0002
hs2,110109001,110251000,0.0056
hs2,110688001,110733000,1.14
hs2,114249001,114262000,0.9356
hs2,114332001,114360000,3.8588
hs2,126443001,126452000,0.1038
hs2,131227001,131295000,1.3686
hs2,131338001,131355000,2.6954
hs2,131367001,131393000,2.5744
hs2,146863001,146877000,1.02
hs2,149691001,149792000,0.0284
hs2,194690001,194699000,0.0658
hs2,233212001,233308000,3.0018
hs2,234004001,234054000,0.01
hs2,239802001,239832000,0.0006
hs2,240784001,240809000,0.0122
hs2,242898001,242954000,1.0524
hs2,243073001,243089000,2.8182
hs2,243091001,243152000,0.2512
hs2,243177001,243187000,2.9844
hs2,243189001,243200000,0.03
hs3,1,60000,0.0
hs3,624001,652000,2.969
hs3,66170001,66270000,0.0054
hs3,68740001,68748000,1.0228
hs3,75616001,75667000,0.892
hs3,75720001,75735000,0.9856
hs3,75759001,75803000,1.2416
hs3,90505001,93505000,0.0
hs3,129763001,129807000,1.0238
hs3,146308001,146320000,2.9312
hs3,162526001,162545000,0.9496
hs3,162765001,162769000,0.0
hs3,192875001,192885000,0.0528
hs3,194042001,194047000,0.0
hs3,195199001,195222000,0.4004
hs3,195343001,195437000,3.495
hs3,195441001,195477000,3.2608
hs3,195713001,195723000,3.1302
hs3,197376001,197394000,2.7394
hs3,197962001,198023000,0.009
hs4,1,10000,0.0
hs4,10001,69000,8.7892
hs4,1424001,1479000,0.016
hs4,8799001,8818000,0.0244
hs4,9105001,9127000,1.0134
hs4,9158001,9213000,0.9806
hs4,9215001,9254000,7.2342
hs4,9255001,9275000,7.3502
hs4,9275001,9325000,0.0388
hs4,9325001,9371000,6.5242
hs4,9457001,9481000,0.9934
hs4,10211001,10234000,1.0494
hs4,31821001,31837000,0.0
hs4,32835001,32841000,0.0056
hs4,49093001,49136000,5.6534
hs4,49138001,49177000,4.313
hs4,49204001,49283000,5.5078
hs4,49339001,49489000,0.0002
hs4,49571001,49583000,3.9274
hs4,49660001,52660000,0.0002
hs4,59739001,59789000,0.0114
hs4,64694001,64715000,0.0662
hs4,69374001,69491000,1.0568
hs4,70124001,70232000,0.9622
hs4,75283001,75323000,0.873
hs4,75427001,75491000,0.6782
hs4,115175001,115184000,1.1048
hs4,146919001,146928000,0.2028
hs4,161879001,161885000,0.0302
hs4,165518001,165787000,2.961
hs4,173425001,173434000,0.1048
hs4,175305001,175322000,0.95
hs4,187879001,187895000,1.1532
hs4,190945001,190988000,1.0814
hs4,191009001,191045000,6.4954
hs4,191045001,191155000,0.0
hs5,1,10000,0.0
hs5,695001,751000,3.0272
hs5,753001,836000,3.313
hs5,12811001,12821000,1.026
hs5,17517001,17530000,9.675
hs5,17530001,17581000,0.0756
hs5,21478001,21497000,8.1632
hs5,21507001,21522000,2.5872
hs5,34179001,34198000,9.8638
hs5,45005001,45015000,0.9872
hs5,46271001,46275000,0.0026
hs5,46406001,49405000,0.0
hs5,49405001,49442000,22.3492
hs5,57324001,57334000,0.05
hs5,69016001,69148000,1.4254
hs5,69152001,69184000,1.437
hs5,69191001,69212000,3.5736
hs5,69345001,69387000,1.4434
hs5,69389001,69470000,1.4514
hs5,69830001,69952000,1.4384
hs5,70067001,70087000,3.8162
hs5,70124001,70221000,1.441
hs5,70498001,70533000,3.0104
hs5,83948001,83955000,0.047
hs5,91636001,91686000,0.0066
hs5,103441001,103453000,0.0328
hs5,138787001,138837000,0.0018
hs5,140222001,140239000,1.0284
hs5,144677001,144716000,2.9674
hs5,155139001,155189000,0.0178
hs5,175346001,175370000,3.6484
hs5,177226001,177242000,1.2102
hs5,177328001,177348000,0.6038
hs5,180905001,180916000,0.0586
hs6,1,60000,0.0
hs6,120001,202000,1.1184
hs6,296001,383000,4.037
hs6,26673001,26711000,3.775
hs6,29764001,29785000,2.9344
hs6,29903001,29931000,2.863
hs6,31279001,31288000,0.0
hs6,32528001,32538000,0.2786
hs6,57268001,57285000,3.8556
hs6,57289001,57297000,3.8682
hs6,57382001,57423000,3.0366
hs6,57429001,57447000,2.845
hs6,57450001,57495000,2.9668
hs6,58077001,58138000,0.1832
hs6,58778001,61880000,0.1382
hs6,62118001,62179000,0.1654
hs6,81284001,81294000,0.9772
hs6,95681001,95830000,0.0
hs6,103738001,103763000,0.0106
hs6,157560001,157609000,0.0
hs6,157642001,157691000,0.0
hs6,161033001,161068000,7.6506
hs6,165725001,165732000,0.9636
hs6,167942001,168042000,0.002
hs6,170280001,170330000,0.001
hs6,171055001,171116000,0.0006
hs7,1,10000,0.0
hs7,151001,160000,1.0014
hs7,233001,282000,0.0
hs7,26137001,26145000,0.9232
hs7,38388001,38397000,1.1126
hs7,50371001,50411000,0.0162
hs7,57061001,57089000,1.1546
hs7,57120001,57135000,2.958
hs7,57966001,57975000,1.0142
hs7,58054001,61054000,0.0002
hs7,61310001,61394000,0.363
hs7,61397001,61435000,0.9618
hs7,61460001,61511000,0.0294
hs7,61526001,61560000,3.8128
hs7,61584001,61603000,1.4852
hs7,61605001,61660000,1.3346
hs7,61677001,61727000,0.0
hs7,61860001,61882000,3.5886
hs7,61883001,61893000,3.9018
hs7,61904001,61917000,3.771
hs7,61917001,61967000,0.0118
hs7,62966001,62979000,0.714
hs7,65113001,65147000,1.4198
hs7,72525001,72584000,1.3874
hs7,74398001,74480000,1.1404
hs7,74638001,74852000,0.8806
hs7,76145001,76166000,0.4926
hs7,91031001,91043000,1.038
hs7,100556001,100606000,0.0008
hs7,101289001,101330000,0.8404
hs7,102258001,102280000,2.8316
hs7,130155001,130254000,0.0
hs7,133785001,133798000,0.923
hs7,139380001,139404000,0.0
hs7,142048001,142110000,0.2072
hs7,142276001,142326000,0.0086
hs7,143348001,143398000,0.0014
hs7,143442001,143478000,2.965
hs7,143533001,143564000,2.9872
hs7,143946001,143974000,2.5558
hs7,154271001,154371000,0.0076
hs7,154392001,154400000,0.967
hs7,159129001,159139000,0.0
hs8,1,22000,0.739
hs8,22001,47000,2.9426
hs8,100001,158000,1.4028
hs8,1185001,1191000,0.119
hs8,1341001,1355000,0.7738
hs8,2193001,2285000,3.878
hs8,7018001,7115000,1.1516
hs8,7155001,7201000,1.4754
hs8,7206001,7228000,3.9888
hs8,7236001,7253000,3.5996
hs8,7257001,7281000,2.75
hs8,7365001,7404000,2.6178
hs8,7475001,7574000,0.5122
hs8,7576001,7622000,1.3532
hs8,7691001,7774000,2.5568
hs8,7799001,7875000,0.7244
hs8,7926001,7956000,0.9462
hs8,7976001,7985000,0.6486
hs8,7992001,8046000,3.4988
hs8,8062001,8088000,0.2436
hs8,11907001,11940000,0.8368
hs8,11941001,11953000,0.5738
hs8,11956001,11979000,0.991
hs8,11980001,12009000,2.8666
hs8,12044001,12076000,3.6192
hs8,12092001,12176000,0.394
hs8,12251001,12274000,2.7166
hs8,12329001,12461000,4.6798
hs8,21625001,21662000,1.0108
hs8,24973001,24991000,0.918
hs8,25580001,25588000,2.9792
hs8,32680001,32691000,0.001
hs8,39232001,39387000,1.0378
hs8,40775001,40779000,0.0
hs8,43839001,46839000,0.0
hs8,48181001,48214000,0.9338
hs8,86555001,86576000,15.4434
hs8,86576001,86726000,0.0278
hs8,86726001,86841000,11.391
hs8,120155001,120161000,0.0018
hs8,142745001,142826000,0.405
hs8,142958001,142970000,1.073
hs8,145188001,145214000,0.9936
hs8,145290001,145502000,0.5568
hs8,146301001,146365000,0.0042
hs9,1,10000,0.0
hs9,23290001,23300000,0.9984
hs9,23363001,23378000,0.993
hs9,38814001,38961000,1.2656
hs9,39185001,39551000,0.965
hs9,39563001,39829000,0.8438
hs9,39832001,40108000,0.8008
hs9,40135001,40283000,0.6502
hs9,40329001,40351000,1.2296
hs9,40425001,41111000,1.1542
hs9,41113001,41844000,0.8694
hs9,41849001,41892000,1.4536
hs9,41900001,41968000,3.3606
hs9,42146001,42160000,3.038
hs9,42561001,42581000,1.316
hs9,42614001,42664000,0.0
hs9,42765001,42850000,1.3904
hs9,42901001,42922000,2.8024
hs9,42943001,42973000,3.2454
hs9,42984001,42990000,2.8094
hs9,43127001,43145000,2.944
hs9,43169001,43313000,0.3886
hs9,43317001,43376000,1.2126
hs9,43378001,43392000,1.2152
hs9,43392001,43404000,3.2612
hs9,43610001,43623000,1.0278
hs9,43845001,43861000,3.1462
hs9,43889001,43913000,2.648
hs9,43946001,44059000,0.5762
hs9,44241001,44255000,0.1938
hs9,44256001,44287000,0.226
hs9,44289001,44359000,1.308
hs9,44405001,44428000,1.4866
hs9,44444001,44764000,0.7892
hs9,44779001,44791000,0.9406
hs9,44806001,44831000,1.0736
hs9,44835001,44856000,1.2472
hs9,44908001,44958000,0.0086
hs9,45056001,45078000,1.1336
hs9,45130001,45350000,0.4994
hs9,45350001,45380000,3.6022
hs9,45479001,45533000,1.4488
hs9,45535001,45630000,1.4754
hs9,45647001,45655000,0.8096
hs9,45790001,45989000,0.9596
hs9,46111001,46137000,0.9196
hs9,46142001,46160000,1.2334
hs9,46185001,46202000,1.1516
hs9,46214001,46280000,0.2806
hs9,46285001,46298000,0.8836
hs9,46344001,46360000,1.1046
hs9,46363001,46396000,0.8512
hs9,46461001,46561000,0.0
hs9,46741001,46751000,1.3988
hs9,46908001,46946000,0.9424
hs9,46954001,47160000,0.4382
hs9,47165001,47217000,3.3196
hs9,47272001,65548000,0.008
hs9,65561001,65594000,1.125
hs9,65644001,65688000,1.0248
hs9,65744001,65971000,0.7948
hs9,65974001,66005000,1.4612
hs9,66013001,66242000,0.804
hs9,66352001,66455000,0.5086
hs9,66455001,66546000,6.3456
hs9,66555001,66587000,3.4636
hs9,66609001,66665000,0.1448
hs9,66821001,66863000,3.9044
hs9,66863001,66916000,0.0818
hs9,66966001,67006000,1.08
hs9,67057001,67087000,1.3802
hs9,67091001,67208000,0.1648
hs9,67236001,67275000,3.1026
hs9,67280001,67327000,3.2078
hs9,67366001,67666000,0.5324
hs9,67677001,67690000,1.0428
hs9,67711001,67745000,1.1578
hs9,67763001,67779000,1.3616
hs9,67988001,68138000,0.0
hs9,68379001,68402000,4.9024
hs9,68477001,68494000,3.1308
hs9,68514001,68664000,0.0024
hs9,68687001,68747000,2.7588
hs9,68839001,68989000,0.0006
hs9,68989001,69004000,3.8252
hs9,69027001,69076000,2.6116
hs9,69177001,69197000,3.069
hs9,69278001,69328000,0.0086
hs9,69502001,69523000,2.8322
hs9,69574001,69592000,1.164
hs9,69672001,69706000,1.0464
hs9,69797001,69847000,3.7498
hs9,70011001,70094000,0.464
hs9,70190001,70382000,0.6266
hs9,70482001,70507000,3.1332
hs9,70507001,70557000,0.0086
hs9,70735001,70835000,0.0044
hs9,70907001,70934000,2.7162
hs9,73317001,73352000,0.9842
hs9,92344001,92443000,0.0
hs9,92529001,92679000,0.003
hs9,104715001,104724000,1.0084
hs9,133073001,133223000,0.0012
hs9,136417001,136454000,1.1092
hs9,137041001,137091000,0.0086
hs9,138925001,138947000,0.8922
hs9,139167001,139217000,0.0
hs9,141153001,141214000,0.007
hs10,1,60000,0.0
hs10,17778001,18134000,0.8446
hs10,18136001,18222000,0.9542
hs10,37457001,37479000,4.7318
hs10,38819001,38869000,0.0084
hs10,39155001,42355000,0.0
hs10,42355001,42403000,3.6552
hs10,42547001,42596000,0.0
hs10,42700001,42717000,1.274
hs10,42792001,42817000,2.5204
hs10,46370001,46688000,0.8632
hs10,46697001,46906000,0.8608
hs10,46947001,47150000,3.974
hs10,47162001,47326000,1.0574
hs10,47429001,47529000,0.001
hs10,47772001,47964000,0.5688
hs10,47967001,48002000,1.1736
hs10,48008001,48106000,0.548
hs10,48122001,48273000,1.064
hs10,48280001,48301000,0.989
hs10,48664001,48878000,1.269
hs10,48885001,48901000,1.493
hs10,48904001,49196000,0.8042
hs10,49339001,49353000,1.3766
hs10,51137001,51359000,0.6568
hs10,51390001,51449000,0.1092
hs10,51641001,51723000,0.9634
hs10,51836001,52001000,1.055
hs10,81474001,81505000,1.1574
hs10,100688001,100702000,1.1004
hs10,124361001,124377000,1.182
hs10,125870001,125919000,0.0
hs10,128616001,128766000,0.0004
hs10,133381001,133431000,0.0142
hs10,133676001,133727000,0.0528
hs10,135478001,135502000,4.7122
hs10,135525001,135535000,0.0
hs11,1,60000,0.0
hs11,137001,177000,1.444
hs11,1163001,1212000,0.0
hs11,3280001,3360000,1.0446
hs11,50784001,51191000,0.3424
hs11,51341001,51363000,0.0222
hs11,51593001,54794000,0.0182
hs11,55365001,55444000,0.0876
hs11,55446001,55458000,0.163
hs11,63188001,63204000,3.0566
hs11,69090001,69140000,0.0066
hs11,69718001,69789000,0.2922
hs11,87689001,87738000,0.0
hs11,89479001,89492000,2.851
hs11,89621001,89626000,0.001
hs11,89685001,89708000,0.9634
hs11,89798001,89811000,0.9226
hs11,89814001,89828000,1.0316
hs11,96288001,96437000,0.0
hs11,107234001,107249000,1.2666
hs11,134947001,135007000,0.0
hs12,1,60000,0.0
hs12,96001,146000,0.0186
hs12,146001,170000,3.5082
hs12,7190001,7240000,0.007
hs12,8559001,8597000,0.2532
hs12,11219001,11251000,1.0688
hs12,22572001,22584000,1.0082
hs12,33384001,33398000,1.0788
hs12,34857001,37857000,0.0002
hs12,38010001,38018000,0.985
hs12,59936001,59947000,1.098
hs12,80155001,80163000,3.8664
hs12,109374001,109423000,0.0
hs12,122531001,122581000,0.0142
hs12,132707001,132807000,0.0
hs12,133503001,133682000,1.077
hs12,133842001,133852000,0.0
hs13,1,19020000,0.0
hs13,19344001,19359000,1.1086
hs13,57715001,57746000,3.7184
hs13,84102001,84159000,0.0176
hs13,86760001,86917000,0.0642
hs13,112354001,112504000,0.0
hs13,112939001,112957000,3.4508
hs13,114326001,114426000,0.0
hs13,114640001,114740000,0.0014
hs13,115110001,115170000,0.0
hs14,1,19000000,0.0
hs14,19000001,19061000,3.8422
hs14,19066001,19126000,3.765
hs14,19386001,19408000,2.9826
hs14,19431001,19451000,5.98
hs14,19530001,19545000,3.4586
hs14,19555001,19587000,3.1264
hs14,19626001,19675000,3.0806
hs14,19690001,19729000,3.5822
hs14,19804001,19827000,3.1886
hs14,19880001,19918000,3.1576
hs14,19939001,19958000,3.3176
hs14,19961001,19994000,3.8502
hs14,20021001,20040000,2.7678
hs14,20041001,20064000,3.1252
hs14,20128001,20178000,3.565
hs14,20551001,20555000,0.0054
hs14,40610001,40618000,1.0186
hs14,73997001,74024000,0.0936
hs14,80106001,80115000,1.0206
hs14,85297001,85302000,0.9838
hs14,106118001,106137000,3.1064
hs14,106175001,106209000,1.4054
hs14,106211001,106228000,1.178
hs14,106232001,106326000,0.5216
hs14,106331001,106786000,0.9952
hs14,106918001,106942000,3.9002
hs14,107290001,107350000,0.0
hs15,1,20000000,0.0
hs15,20390001,20513000,4.1996
hs15,20549001,20615000,4.7574
hs15,20616001,20628000,4.9616
hs15,20847001,20879000,4.9216
hs15,20892001,20935000,0.0692
hs15,21021001,21033000,3.2764
hs15,21149001,21162000,3.7664
hs15,21399001,21885000,0.0
hs15,21885001,21942000,4.3746
hs15,21975001,22028000,2.6832
hs15,22193001,22262000,0.3454
hs15,22282001,22294000,1.11
hs15,22297001,22337000,2.9924
hs15,22337001,22344000,0.966
hs15,22344001,22359000,2.9402
hs15,22362001,22373000,2.9506
hs15,22384001,22562000,2.9332
hs15,22564001,22596000,2.9358
hs15,22596001,22672000,0.4682
hs15,22711001,22741000,1.4734
hs15,23515001,23565000,0.0026
hs15,24672001,24723000,1.0082
hs15,28548001,28566000,2.8332
hs15,28701001,28719000,2.8014
hs15,28835001,28953000,1.2752
hs15,29159001,29209000,0.0162
hs15,82582001,82641000,1.0062
hs15,82646001,82713000,0.9526
hs15,82811001,82929000,0.6722
hs15,83041001,83147000,1.2908
hs15,83192001,83214000,1.0302
hs15,84851001,84869000,4.2904
hs15,84984001,85035000,0.0218
hs15,102522001,102532000,0.0
hs16,1,60000,0.0
hs16,8637001,8687000,0.004
hs16,14782001,14817000,1.0988
hs16,14820001,14856000,1.0964
hs16,21517001,21540000,2.9348
hs16,21542001,21595000,2.963
hs16,21748001,21803000,2.5834
hs16,22620001,22711000,2.9948
hs16,29483001,29500000,2.7368
hs16,30202001,30237000,2.6076
hs16,30244001,30297000,2.73
hs16,33260001,33292000,2.6276
hs16,33332001,33429000,3.7122
hs16,34023001,34173000,0.0022
hs16,35286001,46386000,0.0016
hs16,46386001,46436000,201.9128
hs16,55796001,55823000,1.0118
hs16,55842001,55865000,3.0076
hs16,70155001,70180000,2.903
hs16,70183001,70201000,3.017
hs16,74394001,74416000,2.9526
hs16,74425001,74461000,3.0834
hs16,78371001,78385000,1.0546
hs16,88389001,88439000,0.0148
hs16,90281001,90291000,0.8444
hs16,90295001,90355000,0.0
hs17,297001,397000,0.0066
hs17,21303001,21331000,4.437
hs17,21567001,21667000,0.0026
hs17,21669001,21700000,1.0768
hs17,22262001,25263000,0.0012
hs17,34504001,34555000,0.5636
hs17,34592001,34657000,0.5496
hs17,34676001,34726000,0.0036
hs17,36284001,36327000,4.879
hs17,36329001,36406000,5.008
hs17,39422001,39432000,0.0006
hs17,43651001,43663000,4.0088
hs17,44369001,44567000,0.8802
hs17,44589001,44771000,1.189
hs17,51853001,51860000,0.9072
hs17,62411001,62461000,0.012
hs17,71094001,71103000,1.065
hs17,77462001,77529000,0.9618
hs17,77547001,77631000,0.4442
hs17,78604001,78614000,3.0262
hs17,79709001,79759000,0.0032
hs17,81110001,81151000,0.9316
hs18,1,10000,0.0
hs18,14451001,14460000,0.9224
hs18,15411001,18511000,0.0002
hs18,44542001,44558000,15.9862
hs18,52059001,52209000,0.0024
hs18,63724001,63732000,0.9222
hs18,64959001,64967000,0.874
hs18,72283001,72333000,0.0148
hs18,75722001,75772000,0.003
hs18,78017001,78078000,0.0038
hs19,1,60000,0.0
hs19,89001,112000,3.0484
hs19,7303001,7396000,0.5182
hs19,8337001,8366000,0.9892
hs19,8687001,8737000,0.0068
hs19,8852001,8897000,4.5328
hs19,20504001,20584000,0.3078
hs19,21824001,21834000,1.0186
hs19,24513001,24598000,3.4578
hs19,24603001,24632000,6.3156
hs19,24632001,27732000,0.0002
hs19,36760001,36800000,3.586
hs19,43701001,43765000,1.0802
hs19,48407001,48461000,5.636
hs19,50594001,50643000,6.7884
hs19,52133001,52150000,2.9422
hs19,53517001,53552000,2.9158
hs19,54726001,54737000,2.8934
hs19,55228001,55374000,0.961
hs19,59119001,59130000,0.0
hs20,1,60000,0.0
hs20,26320001,29420000,0.0002
hs20,29494001,29654000,3.218
hs20,29654001,29804000,0.0018
hs20,34897001,34947000,0.003
hs20,61092001,61141000,0.0
hs20,61213001,61263000,0.0174
hs20,62966001,63026000,0.0
hs21,1,9411000,0.0
hs21,9411001,9422000,3.43
hs21,9572001,9591000,3.246
hs21,9595001,9646000,0.0388
hs21,9646001,9679000,4.8178
hs21,9695001,9737000,4.0134
hs21,9776001,9825000,0.0
hs21,9920001,9964000,1.0628
hs21,10035001,10084000,0.0
hs21,10123001,10189000,4.2502
hs21,10216001,10366000,0.0
hs21,10366001,10648000,5.016
hs21,10648001,10698000,0.0016
hs21,10698001,11002000,5.78
hs21,11012001,11188000,8.0024
hs21,11188001,14338000,0.0
hs21,14338001,14448000,3.6384
hs21,14962001,15200000,0.901
hs21,23655001,23666000,0.9182
hs21,42956001,43006000,0.0182
hs21,44633001,44710000,0.4098
hs21,48120001,48130000,0.0
hs22,1,16050000,0.0
hs22,16050001,16065000,3.1514
hs22,16074001,16099000,1.4198
hs22,16121001,16147000,2.8548
hs22,16174001,16187000,2.975
hs22,16189001,16207000,3.4558
hs22,16222001,16245000,3.167
hs22,16366001,16381000,3.0842
hs22,16698001,16848000,0.0028
hs22,16908001,16939000,2.622
hs22,16962001,16975000,1.0016
hs22,16976001,17004000,1.0902
hs22,17157001,17196000,1.0424
hs22,17240001,17278000,1.333
hs22,18677001,18718000,1.186
hs22,18725001,18765000,1.073
hs22,20349001,20391000,1.4106
hs22,20494001,20631000,0.3512
hs22,20635001,20651000,1.431
hs22,20666001,20701000,1.1874
hs22,21541001,21557000,1.4772
hs22,21558001,21569000,1.2428
hs22,21870001,21894000,1.2784
hs22,24274001,24291000,1.1094
hs22,24326001,24334000,1.2156
hs22,24343001,24398000,1.08
hs22,25411001,25455000,1.14
hs22,28217001,28256000,0.9618
hs22,33051001,33090000,0.8322
hs22,50365001,50415000,0.01
hs22,51245001,51305000,0.0
hsX,1,76000,0.2912
hsX,95001,166000,0.1542
hsX,231001,281000,0.0122
hsX,1036001,1210000,0.4228
hsX,1264001,1314000,0.0074
hsX,2068001,2118000,0.0116
hsX,3751001,3856000,0.9486
hsX,7624001,7674000,0.0052
hsX,10739001,10789000,0.0138
hsX,37098001,37148000,0.0142
hsX,49243001,49296000,0.0676
hsX,49974001,50024000,0.005
hsX,52103001,52233000,0.9216
hsX,52244001,52254000,1.0092
hsX,52267001,52506000,0.6944
hsX,52517001,52527000,1.0892
hsX,52552001,52568000,1.1104
hsX,56794001,56807000,3.078
hsX,58511001,58532000,1.222
hsX,58581001,61682000,0.0162
hsX,61682001,61724000,83.2656
hsX,64085001,64097000,1.0392
hsX,76654001,76704000,0.012
hsX,113518001,113568000,0.0144
hsX,114960001,115006000,8.2638
hsX,115682001,115732000,0.0118
hsX,120010001,120121000,0.5328
hsX,140082001,140107000,1.4048
hsX,140107001,140206000,2.5714
hsX,140338001,140663000,3.6054
hsX,140669001,140788000,3.8028
hsX,143507001,143557000,0.0126
hsX,148906001,148956000,0.014
hsX,149032001,149082000,0.0022
hsX,152230001,152350000,0.5974
hsX,152435001,152463000,1.1276
hsX,153410001,153482000,1.383
hsX,153483001,153521000,1.2674
hsY,1,4820000,0.0602
hsY,4823001,5474000,0.1566
hsY,5480001,6402000,0.1066
hsY,6404001,9782000,0.0148
hsY,9784001,13137000,0.004
hsY,13144001,13259000,0.1384
hsY,13273001,13292000,0.8288
hsY,13295001,13446000,0.363
hsY,13490001,13866000,0.1676
hsY,13870001,17994000,0.011
hsY,17998001,21152000,0.0104
hsY,21155001,28784000,0.0108
hsY,28790001,28798000,0.3132
hsY,28802001,58970000,0.0004
hsY,59005001,59034000,7.1144
hsY,59034001,59374000,0.0
