	Chromosome	Start	End
3	chr1	713327	714478
6	chr1	976708	978019
7	chr1	1075890	1079399
17	chr1	2093115	2095945
22	chr1	3299144	3300425
39	chr1	7499232	7500319
40	chr1	7510013	7511457
52	chr1	8951975	8957443
59	chr1	9786592	9796633
68	chr1	10576551	10583990
75	chr1	11928592	11933350
83	chr1	13558066	13575934
88	chr1	15455637	15475223
89	chr1	15597391	15600811
95	chr1	16424661	16428623
102	chr1	16948038	16950515
113	chr1	20080632	20084180
115	chr1	20605522	20607400
118	chr1	21387475	21389149
120	chr1	21554770	21556053
126	chr1	23409658	23411267
140	chr1	25602724	25607667
196	chr1	34635820	34646375
200	chr1	36958604	36960208
250	chr1	48256448	48257999
259	chr1	51628701	51630530
291	chr1	59581052	59584964
297	chr1	62189065	62191483
303	chr1	64279947	64385995
321	chr1	72300640	72346156
363	chr1	84052242	84058953
430	chr1	106678060	106682051
431	chr1	106860503	106862732
437	chr1	108236174	108310669
447	chr1	109676376	109702641
453	chr1	110834259	110846252
460	chr1	112149168	112162081
487	chr1	120436407	120449456
489	chr1	120823791	120840199
501	chr1	124825865	124829536
510	chr1	124877407	124892576
512	chr1	124914465	124919076
541	chr1	152549244	152616551
542	chr1	152787869	152798352
593	chr1	166240696	166244996
601	chr1	168457785	168459604
612	chr1	174461656	174553337
614	chr1	174827418	174832706
645	chr1	187495965	187497580
664	chr1	191228403	191231899
713	chr1	203918538	203920758
714	chr1	203925132	203926752
717	chr1	204412723	204415479
733	chr1	209904709	209912625
753	chr1	215278665	215356190
758	chr1	217522706	217524322
798	chr1	228553251	228554456
799	chr1	228556391	228631157
836	chr1	238431421	238503428
857	chr1	245173545	245175980
861	chr1	245473476	245484705
898	chr10	951773	979839
902	chr10	1188991	1190392
904	chr10	1340128	1341171
910	chr10	2495913	2497153
913	chr10	2646621	3092103
973	chr10	20559564	20572038
992	chr10	26575652	26578914
995	chr10	27314818	27417441
1013	chr10	31966190	31979848
1036	chr10	38501643	38512741
1062	chr10	43709168	43710371
1070	chr10	46829433	46841260
1076	chr10	48676992	49241089
1097	chr10	54760198	54771358
1106	chr10	56753317	56767190
1118	chr10	61232812	61233878
1154	chr10	69521247	69531336
1190	chr10	79714287	79745427
1196	chr10	81119655	81131620
1239	chr10	92673689	92676024
1243	chr10	93326694	93327827
1248	chr10	95107435	95115185
1257	chr10	98928128	98942391
1260	chr10	99838162	99839722
1304	chr10	117061314	117431408
1318	chr10	121010184	121027985
1325	chr10	122580868	122593571
1326	chr10	122600824	122617996
1363	chr10	131447063	131946660
1364	chr10	131952154	131953739
1365	chr10	131957213	131959321
1370	chr10	132505259	132506674
1373	chr10	132820871	132824939
1376	chr10	133062990	133064500
1379	chr10	133222446	133223830
1394	chr11	1058849	1060224
1398	chr11	1182587	1184823
1401	chr11	1245031	1250994
1413	chr11	3367079	3368160
1414	chr11	3396601	3399190
1416	chr11	3627948	3631048
1420	chr11	4946398	4955581
1427	chr11	5763343	5788052
1436	chr11	7789626	7811831
1438	chr11	8818100	8979568
1463	chr11	17174292	17181809
1470	chr11	18452276	18453688
1474	chr11	20547631	20549632
1506	chr11	25728944	25732088
1519	chr11	29498515	29505999
1533	chr11	33848551	33851321
1542	chr11	35590735	35597457
1547	chr11	37189257	37190583
1577	chr11	46180819	46311482
1593	chr11	50407244	50457042
1607	chr11	50765341	50780668
1613	chr11	54756273	54778076
1620	chr11	55011969	55652911
1629	chr11	58050784	58052619
1630	chr11	58083590	58089956
1647	chr11	62325418	62389619
1653	chr11	63430446	63435313
1659	chr11	65235773	65248225
1672	chr11	67075336	67077459
1720	chr11	81789462	81810296
1726	chr11	83753612	83756874
1728	chr11	84099857	84101803
1758	chr11	89762531	89776271
1763	chr11	89951303	89957306
1764	chr11	90065913	90077392
1805	chr11	98394050	98398242
1839	chr11	107082825	107569788
1846	chr11	111211825	111340841
1850	chr11	112555111	112655940
1852	chr11	113055978	113077604
1874	chr11	118721014	118729408
1891	chr11	124905138	124908402
1913	chr11	131050163	131052184
1928	chr11	134926542	134929956
1933	chr12	20888	22906
1934	chr12	41205	43333
1939	chr12	921486	947196
1941	chr12	1084959	1090934
1960	chr12	6145438	6151561
1977	chr12	8405889	8442182
1979	chr12	8741162	8746554
2014	chr12	21976631	21978236
2026	chr12	25520487	25529613
2032	chr12	27942837	27945472
2062	chr12	33143619	33154432
2063	chr12	33232169	33245378
2070	chr12	34098686	34114159
2095	chr12	37616343	37624293
2097	chr12	37638981	37640681
2101	chr12	37687839	37692646
2143	chr12	46634793	46639352
2150	chr12	48331683	48334597
2201	chr12	59542024	59552732
2210	chr12	61807017	61817179
2218	chr12	64702856	64705094
2225	chr12	67334572	67340032
2238	chr12	71962796	71964360
2249	chr12	74717794	74721689
2255	chr12	77705237	77706958
2271	chr12	82639824	82647342
2273	chr12	82844966	82850804
2295	chr12	91321713	91330082
2316	chr12	97717931	97718991
2346	chr12	104975268	104979767
2356	chr12	109634271	109635720
2402	chr12	121998427	122000161
2403	chr12	122045131	122047274
2428	chr12	126503796	126531241
2451	chr12	129388076	129389137
2458	chr12	130293326	130299274
2459	chr12	130386406	130387647
2462	chr12	131245689	131344294
2472	chr12	132165335	132167246
2480	chr12	132381465	132384849
2486	chr12	132688195	132689215
2503	chr13	18754494	18802213
2504	chr13	19177560	19197339
2528	chr13	24586531	24602933
2543	chr13	30411546	30412797
2554	chr13	32633401	32637690
2563	chr13	37497803	37511440
2576	chr13	41396370	41400280
2579	chr13	42965658	42967311
2586	chr13	44681899	44683623
2594	chr13	47740180	47741559
2595	chr13	48204516	48211649
2599	chr13	49591894	49594245
2626	chr13	62204195	62208210
2630	chr13	63650503	63663467
2651	chr13	68625129	68628850
2652	chr13	68670570	68694618
2655	chr13	69827834	69832656
2687	chr13	77881824	77885513
2693	chr13	80106925	80112211
2696	chr13	80705985	80707450
2710	chr13	83527998	83584530
2771	chr13	103624409	103626806
2794	chr13	112277414	112318819
2799	chr13	113011746	113013010
2809	chr13	113593427	113594458
2814	chr13	113940462	113941467
2815	chr13	113954823	113956052
2816	chr13	113982943	113988932
2817	chr13	113995725	114005196
2827	chr14	16049808	16051024
2850	chr14	20236305	20238012
2866	chr14	22583318	22584646
2869	chr14	22636208	22641248
2871	chr14	23949054	24031307
2907	chr14	34545320	34550204
2937	chr14	41140233	41200461
2956	chr14	44916140	44917321
2966	chr14	47760609	47808196
3005	chr14	60591336	60592751
3006	chr14	60671409	60675586
3013	chr14	63257033	63258189
3027	chr14	65602339	65611279
3058	chr14	75924044	75926170
3063	chr14	77828826	77830733
3088	chr14	84830764	84835811
3091	chr14	85664221	85665800
3092	chr14	85734693	85738552
3113	chr14	92870066	92874354
3122	chr14	96061027	96069361
3142	chr14	100869206	100870873
3146	chr14	102171220	102173384
3171	chr15	17007445	17009500
3181	chr15	18793519	18795428
3195	chr15	19778859	19783315
3197	chr15	19796610	19799672
3223	chr15	25227144	25232422
3232	chr15	27305566	27307064
3256	chr15	32415491	32435414
3263	chr15	34637569	34690886
3272	chr15	38008051	38033083
3318	chr15	52010377	52015309
3336	chr15	56497663	56508802
3341	chr15	57939370	57943072
3345	chr15	60366655	60378560
3352	chr15	62663348	62664866
3361	chr15	65805567	65811308
3372	chr15	69322071	69323076
3386	chr15	76044245	76054334
3390	chr15	76592255	76604597
3400	chr15	79256022	79262332
3416	chr15	83226922	83236285
3425	chr15	84169268	84173807
3471	chr15	96718127	96725866
3506	chr16	948069	951229
3511	chr16	1356771	1364915
3514	chr16	2608365	2620426
3528	chr16	4719902	4722319
3575	chr16	19934228	19956257
3585	chr16	22533873	22535836
3587	chr16	23643248	23645191
3604	chr16	27869114	27871081
3613	chr16	29120314	29122727
3618	chr16	29617249	29622121
3629	chr16	33571582	33576932
3640	chr16	48515920	48520418
3673	chr16	63178165	63200977
3692	chr16	68606756	68609148
3701	chr16	69957756	70187538
3714	chr16	74122131	74128681
3717	chr16	74383653	74400874
3742	chr16	78335958	78351001
3754	chr16	80920239	80965654
3759	chr16	81643588	81648582
3782	chr16	85972580	85974100
3792	chr16	87752039	87753750
3794	chr16	87998543	88001333
3799	chr16	88504987	88544692
3803	chr16	88950202	88951228
3805	chr16	88956137	88958137
3823	chr17	166611	168619
3832	chr17	343924	347257
3833	chr17	365741	367801
3864	chr17	2824647	2826913
3871	chr17	3601051	3658170
3887	chr17	6225743	6229450
3926	chr17	15140582	15155400
3930	chr17	15637022	15638274
3953	chr17	19877961	19887898
3959	chr17	21203874	21208225
3996	chr17	36446544	36459256
4019	chr17	41265460	41275765
4020	chr17	41350492	41369475
4036	chr17	44295512	44297123
4054	chr17	49274427	49275730
4060	chr17	50708899	50763101
4073	chr17	53775426	53783379
4079	chr17	56082816	56095596
4090	chr17	58130151	58136248
4095	chr17	59180112	59181985
4137	chr17	76339166	76340651
4182	chr17	83022326	83023427
4189	chr18	119298	146869
4203	chr18	3568920	3571759
4222	chr18	7417382	7423316
4239	chr18	14259266	14330179
4244	chr18	14552170	14568726
4247	chr18	14740966	14756360
4249	chr18	14855858	14860247
4253	chr18	15366953	15370951
4255	chr18	15385096	15393484
4257	chr18	15466651	15468564
4266	chr18	23274393	23280808
4273	chr18	26247842	26248935
4275	chr18	26750270	26760973
4293	chr18	32143427	32150045
4309	chr18	38636694	38638947
4334	chr18	46397539	46398952
4346	chr18	49633901	49637254
4385	chr18	62580517	62581848
4388	chr18	63059723	63072363
4399	chr18	66032969	66041770
4404	chr18	66339728	66340765
4408	chr18	67174808	67177131
4411	chr18	67628335	67650006
4413	chr18	68535416	68541725
4415	chr18	69078357	69089762
4427	chr18	72095776	72096829
4432	chr18	73324966	73330281
4457	chr18	79033223	79036730
4458	chr18	79145047	79146292
4463	chr18	79504758	79505886
4470	chr18	79885946	79887209
4478	chr19	198343	200323
4481	chr19	292176	315521
4482	chr19	332431	333881
4487	chr19	393854	394910
4489	chr19	404009	405088
4500	chr19	1195044	1198546
4511	chr19	2450554	2453960
4534	chr19	3973000	3975078
4559	chr19	7250890	7252898
4570	chr19	8265038	8268660
4588	chr19	9819398	9820609
4594	chr19	10481654	10485606
4653	chr19	20413024	20535131
4693	chr19	27340588	27363822
4715	chr19	28846097	28848848
4736	chr19	35359247	35372716
4756	chr19	38735670	38736790
4803	chr19	46438172	46441313
4827	chr19	52918944	52920954
4831	chr19	53185014	53189941
4837	chr19	53676998	53678221
4842	chr19	54052271	54057388
4856	chr19	54964248	54966575
4865	chr19	56006900	56008089
4873	chr19	56691419	56700873
4885	chr19	58523796	58530809
4886	chr19	58539290	58541350
4889	chr2	306347	308978
4890	chr2	388611	390281
4911	chr2	2003942	2005020
4917	chr2	2580169	2581341
4919	chr2	3295550	3296569
4923	chr2	4165232	4175857
4959	chr2	17937595	17938749
4960	chr2	17963471	17964599
4972	chr2	22465601	22467111
4976	chr2	24377084	24388636
4983	chr2	26153223	26156005
4995	chr2	30589907	30627392
4999	chr2	31663914	31800886
5016	chr2	34470765	34511495
5027	chr2	35410049	35419969
5028	chr2	35591532	35865761
5029	chr2	36105412	36115806
5038	chr2	39973691	39978970
5047	chr2	41011226	41023153
5076	chr2	48554696	48557728
5079	chr2	49305625	49316974
5091	chr2	52522553	52558131
5112	chr2	56425170	56428747
5120	chr2	57171635	57220086
5160	chr2	66243131	66249499
5165	chr2	68449442	68452071
5183	chr2	73784423	73808710
5186	chr2	74791906	74799882
5218	chr2	84962206	84967461
5226	chr2	87400047	87404369
5228	chr2	91407024	91411049
5232	chr2	91498434	91530288
5244	chr2	94516517	94526578
5245	chr2	94527435	94536127
5254	chr2	95916205	95921648
5259	chr2	97147002	97159769
5260	chr2	97171915	97259771
5267	chr2	98886464	98892508
5268	chr2	99487251	99488558
5271	chr2	100551972	100560099
5276	chr2	102493191	102494436
5279	chr2	105209434	105211969
5283	chr2	106235795	106379662
5295	chr2	112702882	112727074
5303	chr2	115743632	115745822
5337	chr2	126917180	126919696
5342	chr2	127787393	127788742
5348	chr2	128418155	128419387
5359	chr2	130059233	130067492
5385	chr2	132221198	132222278
5387	chr2	132393448	132395753
5391	chr2	132715880	132719420
5432	chr2	144723208	144727791
5434	chr2	146105051	146119295
5450	chr2	150928700	150932721
5469	chr2	161475756	161477530
5487	chr2	169326874	169328100
5501	chr2	172838084	172839709
5526	chr2	179200620	179216831
5544	chr2	184381978	184399932
5553	chr2	187519576	187525045
5557	chr2	188703110	188715941
5566	chr2	193118292	193357071
5574	chr2	194447498	194461635
5599	chr2	202430702	202448192
5606	chr2	205263340	205265126
5615	chr2	208216293	208221894
5625	chr2	211214086	211215782
5637	chr2	214124215	214129137
5653	chr2	218410446	218424867
5663	chr2	221199930	221209739
5687	chr2	227739879	227748634
5698	chr2	230357592	230436604
5708	chr2	232349467	232359672
5716	chr2	233722831	233725340
5750	chr2	241566688	241567914
5758	chr2	242159960	242161644
5759	chr2	242162620	242168272
5764	chr20	1258338	1260303
5778	chr20	3898148	3904456
5802	chr20	8491325	8497713
5806	chr20	11063940	11080722
5832	chr20	16257936	16259066
5837	chr20	18209228	18210611
5846	chr20	20355855	20358000
5867	chr20	31184989	31187341
5914	chr20	40982057	40983337
5929	chr20	44677261	44680011
5936	chr20	47150462	47160055
5953	chr20	53628717	53630330
5973	chr20	57220809	57226459
5976	chr20	60409260	60410397
5987	chr20	62057603	62058896
5990	chr20	62514112	62538607
6000	chr20	64092999	64094250
6005	chr20	64217131	64261759
6008	chr21	5249361	5288587
6011	chr21	12969015	12977011
6023	chr21	14252818	14257500
6051	chr21	22282587	22293679
6059	chr21	23019997	23085205
6060	chr21	23276504	23335719
6121	chr21	39103604	39107714
6128	chr21	41930007	41933376
6133	chr21	43335983	43337542
6134	chr21	43550483	43553419
6152	chr21	46189828	46190958
6158	chr21	46687909	46689679
6163	chr22	10705761	10707891
6164	chr22	10717523	10730243
6170	chr22	11058530	11060340
6171	chr22	11233346	11236920
6174	chr22	11283753	11288428
6184	chr22	16375238	16379054
6186	chr22	16478964	16481366
6207	chr22	22026554	22922703
6212	chr22	23558581	23561043
6252	chr22	33266223	33268429
6282	chr22	39997536	40001275
6321	chr22	46615310	46616926
6337	chr22	49203219	49212870
6392	chr3	8411714	8412736
6411	chr3	13639682	13640772
6425	chr3	16894732	16899327
6431	chr3	20269924	20276239
6438	chr3	21682212	21684442
6511	chr3	42796864	42799318
6533	chr3	50305275	50313052
6537	chr3	52993162	53004882
6547	chr3	56573699	56587556
6581	chr3	65203194	65229073
6586	chr3	67511778	67513194
6608	chr3	75065216	75067124
6610	chr3	75463194	75468708
6611	chr3	75661193	75676877
6614	chr3	75768402	75771175
6615	chr3	75777378	75780178
6626	chr3	77776500	77796316
6643	chr3	83290133	83293572
6649	chr3	84055791	84058233
6654	chr3	85300376	85357603
6677	chr3	89344873	89370256
6679	chr3	89482281	89497925
6694	chr3	90404902	90406952
6720	chr3	90841643	90844057
6784	chr3	106671830	106978739
6805	chr3	113024276	113032838
6809	chr3	114938105	114949754
6832	chr3	125763521	125770870
6843	chr3	128953526	128956234
6848	chr3	130044537	130087902
6859	chr3	133297279	133308587
6862	chr3	133784922	133786238
6876	chr3	138743970	138747100
6878	chr3	139114547	139116265
6902	chr3	146667459	146672389
6907	chr3	148150851	148156305
6944	chr3	160638089	160648401
6949	chr3	162410159	162425479
6950	chr3	162495917	162517808
6951	chr3	162794345	162908546
6953	chr3	163047111	163051296
6958	chr3	164584303	164593999
6963	chr3	165323152	165365570
7001	chr3	177133848	177135988
7037	chr3	187890955	188636797
7040	chr3	189645631	189653110
7060	chr3	192827118	192828871
7064	chr3	193157540	193167616
7066	chr3	193214653	193223938
7083	chr3	195880480	195881656
7102	chr3	197436093	197438605
7144	chr4	3490013	3491512
7182	chr4	9622347	9629493
7185	chr4	9779328	10040666
7186	chr4	10133154	10138852
7187	chr4	10209636	10232943
7234	chr4	23615394	23620377
7237	chr4	24501488	24502614
7238	chr4	25435290	25452899
7241	chr4	25710333	25734252
7249	chr4	28053903	28057630
7267	chr4	31819174	31832809
7275	chr4	32832696	32839214
7282	chr4	34778263	34827321
7306	chr4	40023295	40024661
7310	chr4	40539468	40607434
7337	chr4	48977102	48993951
7342	chr4	49216017	49218893
7343	chr4	49220015	49229838
7356	chr4	53699685	53701615
7372	chr4	57385906	57396160
7400	chr4	63268590	63288818
7401	chr4	63328374	63329565
7402	chr4	63828610	63848660
7405	chr4	64954021	64975469
7418	chr4	68509781	68515821
7419	chr4	68761720	69220527
7420	chr4	69363694	69364942
7468	chr4	81663495	81664523
7471	chr4	82714853	82720115
7537	chr4	107142011	107154888
7564	chr4	113208034	113209920
7584	chr4	119436390	119439965
7622	chr4	131724282	131764675
7632	chr4	134593856	134596800
7649	chr4	139310190	139317359
7671	chr4	146622054	146684657
7673	chr4	147212660	147213950
7679	chr4	148505509	148508821
7685	chr4	150953974	150963913
7720	chr4	159523533	159524717
7746	chr4	166953868	167161821
7750	chr4	167497157	167502855
7752	chr4	167874128	167897012
7753	chr4	168195662	168197266
7767	chr4	171607594	171608763
7774	chr4	173611908	173614760
7775	chr4	174704015	174705819
7785	chr4	177045909	177229528
7802	chr4	179877162	179878869
7803	chr4	180016734	180036558
7833	chr4	184965158	184967699
7854	chr4	188394201	188395333
7855	chr4	188444858	188449187
7857	chr4	188503811	188508286
7882	chr5	74577	76650
7894	chr5	1041590	1046081
7902	chr5	1617474	1618863
7904	chr5	1968280	1971469
7925	chr5	7371445	7372527
7930	chr5	8354703	8365461
7936	chr5	11128163	11135131
7937	chr5	11792445	11856163
7946	chr5	13791993	14184174
7956	chr5	16889478	16891383
7957	chr5	16974751	16979215
7962	chr5	17772688	17776603
7964	chr5	18643233	18648274
7976	chr5	21375404	21377244
7991	chr5	24221813	24280394
8012	chr5	28245574	28253181
8015	chr5	28746674	28763849
8044	chr5	37471228	37473233
8051	chr5	39968815	39976563
8066	chr5	43085710	43088964
8082	chr5	46139346	46185831
8087	chr5	46270550	46275734
8089	chr5	46325355	46331577
8104	chr5	46692494	46693727
8105	chr5	46697594	46698718
8110	chr5	46728472	46729782
8111	chr5	46730575	46738211
8114	chr5	46746204	46756270
8127	chr5	47225954	47227821
8129	chr5	47252609	47253627
8134	chr5	47286982	47291401
8167	chr5	58027649	58037951
8169	chr5	58660030	58663681
8177	chr5	61105089	61108673
8195	chr5	67326235	67328746
8234	chr5	82767607	82770334
8240	chr5	84711450	84819177
8267	chr5	97935091	97936095
8277	chr5	99522433	99524173
8281	chr5	100380704	100392665
8298	chr5	104865699	105022073
8308	chr5	110124369	110139651
8335	chr5	117046776	117052170
8346	chr5	120044453	120046983
8351	chr5	121313817	121316652
8357	chr5	122637582	122642561
8361	chr5	124850482	124851560
8415	chr5	139223098	139224614
8417	chr5	139442442	139447835
8419	chr5	140717156	140724396
8420	chr5	140834776	140859344
8432	chr5	144026520	144029701
8434	chr5	147015153	147017744
8445	chr5	150823606	150843701
8539	chr5	177517697	177519008
8552	chr5	178679826	178686410
8559	chr5	179637370	179640667
8563	chr5	180415928	180420313
8569	chr5	180948027	181003528
8589	chr6	601195	602458
8594	chr6	909275	910790
8601	chr6	3618945	3621627
8643	chr6	16259009	16264479
8652	chr6	18326205	18327571
8656	chr6	19040955	19049180
8675	chr6	26672247	26686096
8676	chr6	26736905	26760242
8694	chr6	31225462	31226633
8696	chr6	31251740	31262014
8709	chr6	32279703	32280892
8721	chr6	33995557	34001368
8792	chr6	54064055	54070030
8798	chr6	55153737	55165794
8800	chr6	55548779	55553091
8801	chr6	55626940	55629771
8821	chr6	61432883	61437617
8864	chr6	69304223	69308498
8878	chr6	75006348	75017891
8885	chr6	76727509	76749426
8887	chr6	77155376	77166035
8893	chr6	78170141	78189160
8894	chr6	78257499	78326758
8902	chr6	80634124	80666767
8913	chr6	83382777	83386854
8948	chr6	94579529	94582068
8985	chr6	103289588	103315010
9005	chr6	107223059	107225283
9031	chr6	115382794	115397195
9080	chr6	131785461	131787645
9081	chr6	131793088	131797408
9094	chr6	135460996	135462540
9103	chr6	139281461	139286011
9111	chr6	140682199	140683263
9168	chr6	154504638	154505807
9172	chr6	154915796	154922805
9193	chr6	159665225	159667657
9200	chr6	160629462	160646102
9203	chr6	161305261	161306827
9237	chr6	167932866	168197070
9238	chr6	168233776	168237969
9248	chr6	168653752	168655171
9253	chr6	169106198	169121051
9264	chr6	170457910	170460204
9274	chr7	116579	124487
9275	chr7	151135	160553
9279	chr7	282160	287278
9289	chr7	1145428	1148018
9298	chr7	1903278	1905536
9300	chr7	2296180	2298681
9352	chr7	11272746	11309921
9370	chr7	15049613	15052563
9388	chr7	20438010	20499511
9416	chr7	29636376	29646400
9418	chr7	29675751	29678483
9423	chr7	31484151	31485639
9446	chr7	42871006	42876354
9490	chr7	54309229	54321343
9491	chr7	54395946	54397129
9495	chr7	55721710	55725690
9513	chr7	57887960	57890004
9524	chr7	57983121	57985187
9529	chr7	58033193	58043380
9531	chr7	58060916	58066351
9540	chr7	64855425	64857680
9556	chr7	67290330	67291613
9558	chr7	67360930	67366948
9572	chr7	71746913	71747971
9586	chr7	77142411	77146693
9601	chr7	82290845	82298121
9630	chr7	89890590	89901122
9638	chr7	91401768	91413360
9639	chr7	91584829	91591409
9677	chr7	100308717	100315029
9686	chr7	101357968	101362207
9737	chr7	116915591	116967003
9749	chr7	119578344	119596005
9750	chr7	119652225	119966777
9771	chr7	127940781	127973367
9777	chr7	129501336	129503360
9796	chr7	134100247	134113576
9842	chr7	147656146	147666470
9858	chr7	150033673	150042524
9860	chr7	150165751	150184871
9870	chr7	152395539	152401117
9879	chr7	153112473	153114879
9880	chr7	153263452	153758150
9902	chr7	156505882	156521131
9910	chr7	157646912	157649651
9913	chr7	157747048	157749730
9929	chr7	158417001	158418760
9954	chr8	1096641	1097901
9960	chr8	1356994	1358914
9964	chr8	1561926	1563451
9976	chr8	2147377	2157105
9982	chr8	3287822	3290845
9993	chr8	4652893	4656653
9999	chr8	5737993	5748255
10011	chr8	7194443	7202958
10015	chr8	13741720	13751698
10016	chr8	13756625	13793891
10036	chr8	16404542	16417175
10076	chr8	25114917	25133428
10102	chr8	32822487	32833744
10106	chr8	33837050	33872676
10112	chr8	36212610	36221929
10114	chr8	36512468	36514344
10118	chr8	38077591	38080750
10122	chr8	39374555	39529708
10138	chr8	42332913	42336876
10143	chr8	43178579	43181236
10157	chr8	43904728	43921274
10197	chr8	52552364	52957239
10230	chr8	61600299	61602869
10264	chr8	74399197	74417845
10272	chr8	77919364	77928085
10299	chr8	88085885	88088075
10307	chr8	91174860	91178504
10313	chr8	93060116	93064964
10328	chr8	96414841	96418300
10332	chr8	97849837	97851081
10370	chr8	106484180	106488092
10402	chr8	114621681	114633668
10411	chr8	117861618	117863325
10413	chr8	119007383	119015533
10434	chr8	125582874	125588890
10452	chr8	134464736	134466686
10462	chr8	136668039	136850125
10476	chr8	140622258	140623327
10491	chr8	143070259	143072498
10495	chr8	143233982	143235419
10500	chr8	143551894	143554069
10532	chr9	4376417	4377644
10533	chr9	4397087	4398749
10556	chr9	8084883	8089247
10563	chr9	10132427	10137816
10574	chr9	11907394	12111461
10616	chr9	23362803	23377685
10619	chr9	24555973	24561325
10628	chr9	28542183	28569458
10647	chr9	33423363	33424656
10666	chr9	38863132	38874496
10669	chr9	42454717	42459123
10672	chr9	43153557	43163862
10677	chr9	43194361	43195600
10680	chr9	43208721	43210312
10700	chr9	68315078	68319443
10707	chr9	70703053	70729426
10713	chr9	72066536	72069921
10731	chr9	77616901	77618665
10740	chr9	80652461	80656054
10741	chr9	80656350	80660658
10805	chr9	98546761	98549382
10821	chr9	103805952	103807432
10830	chr9	106977212	106979771
10839	chr9	108445808	108603175
10876	chr9	116203304	116346876
10890	chr9	126484465	126485629
10924	chr9	131385115	131390590
10933	chr9	133069711	133085504
10942	chr9	134115318	134118543
10947	chr9	134470012	134471135
10948	chr9	134572810	134574691
10975	chr9	137888930	137890828
10978	chr9	138125044	138139226
