"chr","start","end","genes","WestEurasia.SouthAsia","WestEurasia.Africa","WestEurasia.CentralAsiaSiberia","WestEurasia.Oceania","WestEurasia.America","WestEurasia.EastAsia","SouthAsia.Africa","SouthAsia.CentralAsiaSiberia","SouthAsia.Oceania","SouthAsia.America","SouthAsia.EastAsia","Africa.CentralAsiaSiberia","Africa.Oceania","Africa.America","Africa.EastAsia","CentralAsiaSiberia.Oceania","CentralAsiaSiberia.America","CentralAsiaSiberia.EastAsia","Oceania.America","Oceania.EastAsia","America.EastAsia"
"1",108729310,108737787,"SLC25A24",0.09572,0.08797,0.01016,0.05126,0.18374,0.04824,0.3433,0.11505,0.02207,0.05808,0.02475,0.09591,0.28019,0.50669,0.25098,0.07985,0.25789,0.05911,0.10339,0.01524,0.10395
"1",109573089,109580939,"WDR47",0.00939,0.10978,0.03416,0.02296,0.02748,0.01671,0.11038,0.037,0.03666,0.04403,0.01653,0.03911,0.19531,0.21935,0.07487,0.09695,0.11324,0.02079,0.02212,0.05687,0.06691
"1",110215300,110257943,"GSTM1, GSTM2, GSTM5",0.06568,0.17646,0.01011,0.03282,0.023,0.00842,0.04302,0.07135,0.13054,0.02751,0.0685,0.16191,0.22606,0.08262,0.17021,0.04743,0.03935,0.01373,0.09413,0.03656,0.02972
"1",13725296,13733660,"PRAMEF20",0.02354,0.09123,0.1727,0.02803,0.02789,0.06315,0.04125,0.12866,0.09048,0.08923,0.02374,0.07097,0.23619,0.23093,0.01584,0.35185,0.34632,0.09341,0.02175,0.17861,0.17451
"1",144452805,144456917,"NBPF20, NA",0.02035,0.02088,0.09717,0.01607,0.01499,0.00902,0.01355,0.23675,0.06196,0.05796,0.03383,0.09653,0.03544,0.03365,0.02681,0.09244,0.09758,0.11279,0.02182,0.01818,0.01752
"1",144488959,144522495,"NBPF20, NA",0.02146,0.11142,0.01017,0.07039,0.06186,0.00853,0.17943,0.03082,0.05715,0.04921,0.0298,0.08695,0.26155,0.24433,0.10678,0.10112,0.09187,0.01372,0.02412,0.10336,0.092
"1",144612537,144622084,"NBPF20, PFN1P2",0.01545,0.01244,0.13363,0.01101,0.05203,0.03912,0.01358,0.1042,0.01752,0.03666,0.02071,0.20018,0.01506,0.08106,0.0339,0.11049,0.05615,0.04976,0.04997,0.0283,0.01599
"1",144906613,144908385,"NBPF20, LOC653513, PDE4DIP",0.04507,0.01865,0.02031,0.06374,0.01938,0.0426,0.02256,0.02214,0.0225,0.11648,0.17329,0.01428,0.04447,0.06046,0.10417,0.04505,0.07245,0.10489,0.17854,0.21593,0.02072
"1",144908385,144910495,"NBPF20, LOC653513, PDE4DIP",0.04507,0.01865,0.02031,0.06374,0.01938,0.0426,0.02256,0.02214,0.0225,0.11648,0.17329,0.01428,0.04447,0.06046,0.10417,0.04505,0.07245,0.10489,0.17854,0.21593,0.02072
"1",144913569,144931782,"NBPF20, LOC653513, PDE4DIP",0.04507,0.01865,0.02031,0.06374,0.01938,0.0426,0.02256,0.02214,0.0225,0.11648,0.17329,0.01428,0.04447,0.06046,0.10417,0.04505,0.07245,0.10489,0.17854,0.21593,0.02072
"1",144932302,144948483,"NBPF20, LOC653513, PDE4DIP",0.04507,0.01865,0.02031,0.06374,0.01938,0.0426,0.02256,0.02214,0.0225,0.11648,0.17329,0.01428,0.04447,0.06046,0.10417,0.04505,0.07245,0.10489,0.17854,0.21593,0.02072
"1",146352157,146367582,"NBPF10, NBPF20, NBPF12, NA, NA, NA",0.01158,0.00869,0.041,0.01949,0.19025,0.01283,0.01348,0.06636,0.03706,0.24503,0.02437,0.05225,0.02748,0.22508,0.01731,0.02594,0.12852,0.02617,0.16962,0.01552,0.15505
"1",146367682,146373564,"NBPF10, NBPF20, NBPF12, NA, NA, NA",0.01189,0.00848,0.04221,0.02927,0.20337,0.0125,0.01472,0.06882,0.05116,0.25546,0.02437,0.04999,0.03605,0.23125,0.01543,0.02076,0.13835,0.02735,0.14357,0.02058,0.16791
"1",146374569,146466519,"NBPF10, NBPF20, NBPF12, NA, NA, NA",0.00964,0.02151,0.01697,0.01526,0.1054,0.01062,0.01957,0.01909,0.01844,0.15744,0.01786,0.01478,0.01547,0.17361,0.03679,0.01963,0.2173,0.03289,0.1644,0.02806,0.11308
"1",152759388,152771208,"LCE1D, LCE1E",0.06921,0.03789,0.17253,0.21093,0.17121,0.15306,0.02014,0.08228,0.14254,0.09705,0.03808,0.11956,0.17762,0.13115,0.07267,0.05518,0.02368,0.02725,0.04545,0.07142,0.0385
"1",169216544,169254678,"NME7",0.02341,0.07891,0.07725,0.23212,0.20789,0.10017,0.03543,0.04384,0.21958,0.19452,0.04873,0.0145,0.11593,0.09762,0.01243,0.13607,0.11456,0.0139,0.02999,0.10482,0.08661
"1",174794556,174803623,"RABGAP1L",0.06402,0.04157,0.01875,0.08839,0.07278,0.03053,0.19143,0.03421,0.02036,0.24491,0.02008,0.10845,0.26401,0.04692,0.12317,0.06454,0.19997,0.01593,0.37064,0.03778,0.16924
"1",204380861,204383316,"PPP1R15B",0.08415,0.2387,0.04436,0.09138,0.13873,0.12655,0.07677,0.02319,0.01588,0.02793,0.02216,0.10787,0.07042,0.03283,0.03578,0.02778,0.05595,0.04345,0.03361,0.02357,0.01478
"1",206280873,206290247,"RHEX",0.03273,0.02152,0.0128,0.01648,0.05745,0.02352,0.18013,0.03042,0.12079,0.25817,0.11178,0.08128,0.01536,0.09065,0.01237,0.05883,0.17148,0.05338,0.08194,0.0162,0.03347
"1",210722153,210725220,"HHAT",0.04317,0.01001,0.17461,0.20727,0.25678,0.23891,0.03272,0.07305,0.09576,0.13809,0.10763,0.15145,0.18529,0.23474,0.19577,0.02125,0.03503,0.01897,0.02878,0.01542,0.01684
"1",240392796,240395101,"FMN2",0.00981,0.0302,0.058,0.05003,0.1384,0.01012,0.0272,0.06421,0.05557,0.23363,0.01189,0.02293,0.02116,0.30011,0.02381,0.01967,0.48717,0.05628,0.42674,0.04868,0.22375
"1",62112538,62120128,"MGC34796",0.02861,0.02562,0.08042,0.02762,0.23412,0.01835,0.01218,0.20236,0.10456,0.42656,0.07194,0.18278,0.09082,0.39356,0.06508,0.03745,0.08841,0.04574,0.16421,0.01623,0.18201
"1",62620869,62625863,"PATJ",0.02695,0.07226,0.01001,0.06719,0.08813,0.07525,0.03906,0.04244,0.0569,0.22045,0.041,0.11732,0.02273,0.35096,0.01115,0.13566,0.11176,0.12137,0.35439,0.02174,0.35764
"1",62642084,62656768,"PATJ",0.02849,0.0106,0.33042,0.44138,0.31196,0.23015,0.0428,0.1983,0.30302,0.18657,0.12031,0.35576,0.46692,0.34804,0.22823,0.04278,0.02052,0.02091,0.04725,0.06357,0.0199
"1",94287680,94291451,"BCAR3",0.0196,0.15745,0.05342,0.02793,0.05892,0.10071,0.27107,0.0318,0.01801,0.03958,0.05748,0.38327,0.3055,0.40737,0.4503,0.02638,0.02114,0.02021,0.03374,0.03942,0.01753
"1",9845436,9863387,"CLSTN1",0.07945,0.01864,0.02141,0.01143,0.26365,0.03671,0.11468,0.03692,0.05587,0.08383,0.02171,0.06062,0.04167,0.32252,0.06674,0.0246,0.17789,0.0167,0.21695,0.02725,0.13876
"10",100686349,100704505,"HPSE2",0.09567,0.06287,0.01832,0.04639,0.06313,0.01868,0.26701,0.21764,0.03268,0.33898,0.06912,0.03233,0.17346,0.01557,0.11969,0.1305,0.04713,0.05558,0.2373,0.03024,0.13486
"10",114112573,114117130,"GUCY2GP",0.04946,0.10593,0.01576,0.02474,0.0186,0.10552,0.2552,0.02996,0.02214,0.1111,0.02493,0.15236,0.19484,0.05941,0.36675,0.02207,0.05426,0.07029,0.08505,0.05661,0.20272
"10",122225684,122232908,"PLPP4",0.01356,0.13536,0.10817,0.06761,0.06898,0.10079,0.18967,0.1416,0.07983,0.07877,0.10534,0.3639,0.30278,0.28688,0.38278,0.07692,0.0296,0.04897,0.02366,0.01544,0.01521
"10",132908928,132912996,"TCERG1L",0.09403,0.02794,0.01983,0.0138,0.13347,0.06291,0.19418,0.05198,0.06493,0.3893,0.01754,0.07641,0.05603,0.11358,0.15032,0.02115,0.3037,0.02893,0.2658,0.0388,0.33847
"10",24377071,24386659,"KIAA1217",0.06614,0.39617,0.21397,0.27826,0.3594,0.40611,0.23689,0.09225,0.16007,0.26362,0.24441,0.06382,0.02217,0.03859,0.01117,0.03827,0.13173,0.06725,0.08429,0.02322,0.03645
"10",26998751,27003531,"PDSS1",0.07186,0.09632,0.10078,0.30359,0.02494,0.08006,0.01342,0.01825,0.13174,0.12898,0.01185,0.01446,0.11326,0.15275,0.01192,0.11854,0.19927,0.0159,0.44027,0.12547,0.13156
"10",47979955,47981914,"PTPN20, GLUD1P2, NA, NA, NA",0.01,0.06833,0.04164,0.03835,0.12206,0.02661,0.1024,0.07193,0.06948,0.20762,0.0456,0.01701,0.01909,0.06027,0.03264,0.01972,0.10072,0.02075,0.13036,0.01991,0.13513
"10",54015196,54018601,"PRKG1",0.04802,0.14541,0.06601,0.13232,0.01562,0.04156,0.05329,0.01977,0.06886,0.09632,0.01225,0.03128,0.01674,0.22987,0.05984,0.04987,0.14078,0.02122,0.26743,0.07143,0.08011
"10",84126879,84130920,"NRG3",0.03877,0.44065,0.01027,0.35323,0.06991,0.12289,0.28789,0.04938,0.22613,0.02461,0.03954,0.40962,0.02308,0.19204,0.165,0.39794,0.0967,0.11769,0.15842,0.10484,0.01914
"11",106785122,106789666,"GUCY1A2",0.00904,0.15526,0.01995,0.01744,0.16753,0.03388,0.18684,0.02531,0.02305,0.24517,0.03573,0.12784,0.13394,0.04688,0.08376,0.01982,0.22498,0.0165,0.23699,0.01852,0.13504
"11",11378790,11381224,"GALNT18",0.0948,0.04131,0.11791,0.01613,0.1762,0.16221,0.03071,0.02326,0.06917,0.08824,0.0274,0.05849,0.02384,0.13476,0.07574,0.11741,0.07246,0.01472,0.2354,0.13284,0.04361
"11",26469413,26479421,"ANO3",0.01783,0.01817,0.01686,0.20555,0.01639,0.0183,NA,NA,0.24532,NA,NA,NA,0.25231,NA,NA,0.22192,NA,NA,0.20782,0.2548,NA
"11",26606778,26613968,"ANO3",0.0529,0.05592,0.02383,0.04183,0.04429,0.05705,NA,0.03704,NA,0.20417,NA,0.03704,NA,0.20961,NA,0.03704,0.12732,0.03704,0.17969,NA,0.21154
"11",31392176,31398539,"DNAJC24",0.01204,0.26301,0.11174,0.13264,0.02721,0.28198,0.27179,0.11121,0.1415,0.02495,0.29582,0.07284,0.04606,0.20873,0.01165,0.02397,0.07205,0.08876,0.10279,0.05789,0.23514
"11",47054130,47064534,"C11orf49",0.00925,0.35175,0.03601,0.02655,0.01584,0.02956,0.46648,0.04504,0.03285,0.02823,0.04222,0.67978,0.56647,0.39102,0.28616,0.02038,0.10574,0.12069,0.07684,0.09105,0.01832
"11",4965673,4980552,"OR51A4, OR51A2",0.02427,0.13855,0.00993,0.01037,0.05181,0.00837,0.07272,0.03277,0.02775,0.1314,0.03106,0.16228,0.14005,0.3394,0.16729,0.02004,0.0792,0.0137,0.08686,0.01471,0.06849
"11",55357826,55431931,"OR4C11, OR4S2, OR4P4",0.00946,0.05305,0.01769,0.12811,0.05567,0.02668,0.05135,0.02989,0.18144,0.08697,0.03869,0.1068,0.33155,0.20865,0.13472,0.10489,0.04133,0.01495,0.04774,0.08011,0.02639
"11",5871098,5888707,"OR52E8, TRIM5",0.02798,0.1762,0.02477,0.02384,0.02318,0.00938,0.21649,NA,NA,NA,0.03627,0.18598,0.17617,0.16897,0.1823,NA,NA,0.03351,NA,0.03267,0.03206
"11",66706366,66717374,"PC",0.03565,0.01118,0.03479,0.01789,0.08499,0.00897,0.02422,0.126,0.08155,0.03958,0.04998,0.05849,0.03392,0.07196,0.0171,0.02534,0.24212,0.03568,0.18107,0.01952,0.11875
"11",69982031,69986021,"ANO1",0.06446,0.05492,0.02175,0.02811,0.29047,0.01588,0.19982,0.02985,0.13139,0.12782,0.03379,0.1451,0.02059,0.5789,0.10029,0.09173,0.2425,0.01438,0.47558,0.05909,0.23096
"11",86303843,86306987,"ME3",0.04653,0.01895,0.01389,0.15645,0.52707,0.19745,0.02103,0.02969,0.06214,0.39246,0.07468,0.01507,0.10683,0.47725,0.1264,0.12728,0.52798,0.13044,0.22548,0.01529,0.16598
"11",89554349,89611648,"TRIM64B",0.02044,0.01677,0.05191,0.05532,0.14399,0.06836,0.01275,0.03048,0.1423,0.1359,0.03455,0.04061,0.14391,0.17391,0.04494,0.2818,0.11339,0.01599,0.48489,0.20249,0.0392
"11",96000786,96006046,"MAML2",0.03763,0.04825,0.13141,0.01375,0.29371,0.087,0.01321,0.0562,0.06621,0.19807,0.0244,0.03985,0.07074,0.16057,0.01685,0.19049,0.08766,0.02177,0.37232,0.1093,0.12156
"12",102101924,102107777,"CHPT1",0.02138,0.04981,0.0111,0.06368,0.06571,0.01723,0.11785,0.02074,0.14243,0.03679,0.01218,0.08709,0.03099,0.22919,0.10448,0.13577,0.06918,0.01669,0.27524,0.12514,0.04076
"12",29843221,29847095,"TMTC1",0.03814,0.0085,0.13821,0.01608,0.04693,0.04415,0.04693,0.30662,0.02477,0.1657,0.13595,0.15445,0.02269,0.05627,0.04511,0.22831,0.05264,0.05239,0.11141,0.07802,0.01527
"12",50969094,50976047,"DIP2B",0.12003,0.01275,0.37711,0.2652,0.32294,0.28018,0.08301,0.12462,0.06518,0.08784,0.05792,0.32367,0.22085,0.27725,0.21622,0.02955,0.02524,0.02966,0.02295,0.01476,0.01803
"12",82103935,82109407,"PPFIA2",0.02284,0.02358,0.14062,0.02016,0.16784,0.09536,NA,0.20853,NA,0.23724,0.13629,0.21519,NA,0.24354,0.14279,0.1793,0.02404,0.01958,0.20871,0.11015,0.03211
"12",82139441,82144626,"PPFIA2",0.02073,0.08323,0.16598,0.04027,0.03404,0.03248,0.05242,0.30774,0.02602,0.09864,0.08518,0.49491,0.02401,0.23237,0.20379,0.39448,0.08941,0.09283,0.16246,0.12439,0.01516
"12",8309583,8561113,"LINC00937, ZNF705A, FAM66C, FAM90A1, FAM86FP",0.02396,0.12854,0.01648,0.0129,0.05482,0.02687,0.19993,0.01667,0.0465,0.03844,0.01207,0.16124,0.0799,0.22769,0.20305,0.03883,0.05505,0.01634,0.09812,0.04565,0.02762
"13",39928193,39936767,"LHFPL6",0.00916,0.21655,0.011,0.03639,0.03299,0.00859,0.2304,0.01802,0.04215,0.04744,0.01177,0.1996,0.35881,0.09557,0.22597,0.07771,0.03938,0.01623,0.14169,0.03871,0.04355
"13",53081182,53094827,"TPTE2P3",0.00886,0.02096,0.04255,0.04874,0.05037,0.06374,0.02568,0.0585,0.06229,0.07442,0.07941,0.10857,0.02587,0.12378,0.14691,0.19196,0.02504,0.01539,0.21981,0.23246,0.01519
"13",78996960,79003056,"OBI1-AS1",0.01798,0.09371,0.06994,0.04789,0.373,0.07013,0.06921,0.14676,0.036,0.58351,0.13279,0.32948,0.02384,0.81754,0.2999,0.24342,0.25925,0.01418,0.76818,0.20275,0.24381
"14",32949961,32961166,"AKAP6",0.05298,0.11984,0.12513,0.20204,0.08769,0.12517,0.0317,0.05002,0.13802,0.03104,0.03334,0.01676,0.06875,0.0153,0.01115,0.07262,0.0251,0.01582,0.1098,0.06603,0.01503
"14",35597203,35615618,"PRORP",0.04368,0.04416,0.31032,0.07206,0.05813,0.13568,0.14936,0.18329,0.02231,0.01872,0.0403,0.52619,0.2159,0.20325,0.27651,0.13578,0.16525,0.08174,0.02289,0.02088,0.02775
"14",73990657,74053945,"ACOT2, HEATR4, ACOT1",0.01208,0.0115,0.11138,0.14177,0.01418,0.16137,0.01206,0.18634,0.14091,0.01659,0.25838,0.18121,0.14113,0.01544,0.25322,0.45497,0.19659,0.01371,0.1305,0.55771,0.26396
"14",80106178,80115190,"NRXN3",0.03093,0.23512,0.02111,0.15136,0.01345,0.2086,0.16997,0.0166,0.1114,0.06308,0.13518,0.21917,0.02068,0.39038,0.01426,0.15588,0.05559,0.17219,0.312,0.01459,0.32654
"14",81877218,81881051,"STON2",0.05178,0.09103,0.27478,0.03394,0.01061,0.33505,0.01968,0.15714,0.01686,0.06229,0.18075,0.09547,0.02654,0.09173,0.11278,0.17019,0.32583,0.01374,0.05362,0.18192,0.33691
"15",20198164,20894589,"HERC2P3, NBEAP1, CHEK2P2, GOLGA6L6, GOLGA8CP",0.01554,0.01601,0.03072,0.01045,0.01305,0.11255,0.01205,0.01872,0.02548,0.03514,0.06127,0.01877,0.02608,0.03799,0.07334,0.06061,0.09428,0.05275,0.02441,0.16801,0.23283
"15",21308513,21398673,"POTEB, NF1P2",0.02251,0.0091,0.04763,0.01361,0.22995,0.05123,0.025,0.0233,0.04888,0.18297,0.01955,0.06416,0.02683,0.28408,0.05686,0.10062,0.14419,0.01371,0.29501,0.08266,0.13892
"15",21885406,22211793,"POTEB, NF1P2, LOC646214, CXADRP2",0.02415,0.03061,0.01781,0.01223,0.05561,0.11284,0.0127,0.01605,0.04842,0.163,0.05846,0.01699,0.05426,0.16725,0.04609,0.04397,0.1643,0.07326,0.0749,0.16634,0.35793
"15",49543162,49548194,"GALK2",0.01399,0.09487,0.12829,0.16936,0.16088,0.21412,0.07388,0.13407,0.20184,0.19415,0.22205,0.0297,0.07548,0.07272,0.06956,0.05518,0.05437,0.03047,NA,0.02174,0.02174
"15",71634013,71717079,"THSD4",0.00907,0.03147,0.07856,0.01416,0.19691,0.01317,0.03312,0.1214,0.01921,0.32055,0.01998,0.18785,0.02034,0.35901,0.06242,0.14359,0.13386,0.0681,0.34231,0.03255,0.22555
"15",84540748,84544844,"ADAMTSL3",0.0101,0.11554,0.10101,0.01246,0.03078,0.21974,0.1384,0.13643,0.02398,0.03566,0.24004,0.01408,0.08224,0.19869,0.03572,0.08896,0.22033,0.03507,0.07945,0.16193,0.29166
"15",85726159,85797295,"NA",0.06369,0.01391,0.11219,0.09215,0.16396,0.16743,0.05409,0.02727,0.02129,0.06737,0.03752,0.14018,0.11824,0.24753,0.19819,0.02213,0.04918,0.01575,0.07922,0.02459,0.03292
"15",86055722,86060394,"AKAP13",0.01895,0.25026,0.01186,0.01654,0.11804,0.02026,0.33946,0.03762,0.05136,0.22515,0.05626,0.20681,0.17634,0.03993,0.17685,0.02116,0.1209,0.01698,0.10035,0.01461,0.07836
"15",92673994,92678292,"SLCO3A1",0.05153,0.00856,0.01687,0.11269,0.03757,0.1179,0.0588,0.11391,0.06722,0.0167,0.03728,0.02413,0.15289,0.04801,0.1403,0.25502,0.10138,0.22573,0.09455,0.02941,0.04641
"16",13293488,13297296,"SHISA9",0.02946,0.01186,0.08481,0.05413,0.16224,0.08883,0.05398,0.04722,0.02635,0.15218,0.03626,0.1325,0.09162,0.23859,0.12982,0.02603,0.09134,0.01464,0.13107,0.0165,0.0775
"16",17473794,17480429,"XYLT1",NA,NA,0.24087,NA,0.23221,0.13766,NA,0.2092,NA,0.20651,0.11097,0.21588,NA,0.21202,0.1162,0.17988,0.02214,0.03026,0.18173,0.09015,0.02217
"16",33106071,33292140,"LOC390705",0.01334,0.07811,0.01182,0.12322,0.0824,0.02015,0.12909,0.0267,0.20025,0.06781,0.03933,0.0562,0.04701,0.24343,0.0285,0.11967,0.10646,0.01671,0.30106,0.06697,0.12364
"16",55796243,55797961,"CES1P1",0.06055,0.07457,0.24408,0.15822,0.01248,0.195,0.25382,0.11875,0.0592,0.04692,0.06075,0.56259,0.44302,0.13042,0.44427,0.03292,0.26035,0.0272,0.16615,0.01429,0.15402
"16",76536795,76545019,"CNTNAP4",0.00892,0.52411,0.01266,0.0475,0.06525,0.02559,0.47671,0.01854,0.04814,0.06497,0.02894,0.49686,0.33513,0.2782,0.60749,0.07626,0.09574,0.01775,0.02449,0.12069,0.14391
"16",85101681,85104890,"KIAA0513",0.01351,0.01351,0.01351,0.30176,0.01351,0.01351,NA,NA,0.27879,NA,NA,NA,0.28656,NA,NA,0.25262,NA,NA,0.23672,0.28931,NA
"17",18405462,18513691,"USP32P2, CCDC144B, FAM106A",0.07423,0.09736,0.17413,0.06041,0.29861,0.24822,0.01226,0.05111,0.01735,0.15524,0.07755,0.05572,0.01871,0.19158,0.08758,0.08923,0.06537,0.01713,0.28107,0.11445,0.0373
"17",20610554,20619880,"LOC100287072",0.01023,0.43307,0.01024,0.03689,0.02561,0.03089,0.43819,0.01867,0.04614,0.04536,0.02875,0.36685,0.47463,0.26651,0.53015,0.07405,0.0332,0.04994,0.12143,0.02174,0.0995
"17",35754669,35759869,"ACACA",0.01903,0.12773,0.1314,0.1693,0.15875,0.25316,0.09,0.11643,0.17461,0.16521,0.24404,0.0179,0.04383,0.04093,0.06905,0.03594,0.03436,0.05053,0.02182,0.01786,0.01944
"17",35772402,35783682,"TADA2A",0.01165,0.09479,0.01166,0.01096,0.05821,0.02733,0.08258,0.02519,0.01642,0.05833,0.048,0.15682,0.10636,0.01691,0.20261,0.02578,0.1222,0.02185,0.08481,0.03988,0.14311
"17",397617,639386,"VPS53, TLCD3A",0.00885,0.03056,0.01159,0.18563,0.11803,0.00898,0.04052,0.01691,0.19516,0.13172,0.01231,0.05776,0.31743,0.25361,0.04631,0.16136,0.10652,0.01407,0.03251,0.17962,0.11589
"17",55083725,55100227,"SCPEP1",0.02857,0.03808,0.14147,0.18292,0.05234,0.21034,0.01311,0.10697,0.17187,0.02704,0.15714,0.08413,0.13981,0.0201,0.12803,0.05518,0.06935,0.01852,0.14946,0.02941,0.09929
"17",58408420,58414570,"USP32",0.02027,0.36402,0.03025,0.01023,0.08948,0.01362,0.26467,0.01693,0.02518,0.05227,0.01307,0.21753,0.29223,0.12333,0.29812,0.03947,0.04262,0.0197,0.10288,0.01818,0.06474
"17",7335999,7338766,"TMEM102",0.08548,0.01354,0.01639,0.22281,0.01424,0.01,0.1212,0.11465,0.05273,0.10031,0.06842,0.01462,0.3004,0.01516,0.02487,0.29655,0.02086,0.03001,0.27203,0.20551,0.02598
"17",77992431,78000521,"TBC1D16",0.01909,0.23753,0.01351,0.02945,0.01351,0.02651,0.15447,0.02564,0.01618,0.02564,0.01222,0.17275,0.12673,0.15689,0.15582,0.04167,NA,0.03,0.04167,0.0143,0.02898
"17",81151279,81187990,"RPL23AP87",0.066,0.14607,0.0104,0.01031,0.18747,0.01602,0.02295,0.0678,0.08457,0.07143,0.04891,0.18368,0.22764,0.06338,0.14738,0.02147,0.29999,0.01861,0.3618,0.02749,0.24512
"18",23760496,23771792,"PSMA8",0.0166,0.06162,0.06226,0.13136,0.02658,0.107,0.09869,0.11385,0.19671,0.02564,0.14262,0.01417,0.0331,0.10298,0.01873,0.03555,0.13054,0.01904,0.20702,0.01703,0.1368
"18",24554278,24557696,"AQP4-AS1, CHST9",0.01351,0.01351,0.0569,0.01351,0.2609,0.01581,NA,0.059,NA,0.24028,0.02174,0.06002,NA,0.24665,0.02174,0.05469,0.10465,0.03391,0.21139,0.02174,0.20111
"18",44539088,44563607,"ELOA3DP, ELOA3P, ELOA2, KATNAL2",0.01491,0.08847,0.02836,0.03209,0.03585,0.06938,0.04817,0.05745,0.06594,0.06859,0.10544,0.17854,0.20467,0.19399,0.26878,0.01971,0.02176,0.02357,0.02276,0.02395,0.01831
"18",64218720,64221553,"CDH19",0.02431,0.21704,0.0734,0.07689,0.02051,0.08809,0.13406,0.1729,0.04133,0.01652,0.19222,0.42818,0.04595,0.12893,0.47693,0.30312,0.19588,0.01399,0.05032,0.31843,0.19627
"19",12035855,12058011,"ZNF763, ZNF700",0.01074,0.27698,0.03159,0.21777,0.02905,0.0121,0.27396,0.03646,0.25493,0.0352,0.01209,0.29656,0.01979,0.27155,0.29534,0.31731,NA,0.03,0.2982,0.27069,0.02898
"19",12694360,12707835,"ZNF490",0.17667,0.19282,0.17693,0.01054,0.05625,0.35926,0.01264,0.01515,0.15685,0.05082,0.05155,0.01476,0.162,0.05584,0.04079,0.18441,0.06128,0.05563,0.07511,0.30953,0.1568
"19",1948086,1952247,"CSNK1G2",0.02649,0.04213,0.19035,0.01105,0.04962,0.05,0.01475,0.12107,0.04095,0.02338,0.01735,0.08869,0.05311,0.01609,0.01169,0.21649,0.08076,0.07367,0.08303,0.05793,0.01475
"19",20589912,20595686,"ZNF826P",0.01722,0.0101,0.01581,0.01031,0.20526,0.02372,0.02919,0.01523,0.02195,0.31003,0.05488,0.02789,0.01698,0.19747,0.01782,0.02453,0.31604,0.04993,0.25186,0.02909,0.13665
"19",2907479,2918532,"ZNF57",0.01665,0.1424,0.03301,0.05436,0.0222,0.03581,0.09414,0.08787,0.03638,0.05971,0.0184,0.21687,0.03507,0.17328,0.05437,0.17396,0.02258,0.10167,0.12915,0.01747,0.0747
"19",35660701,35669953,"FXYD5",0.00892,0.0224,0.18357,0.02763,0.0139,0.16947,0.02771,0.19883,0.03827,0.02033,0.15939,0.28831,0.08555,0.01871,0.2261,0.09737,0.21878,0.01378,0.06219,0.07292,0.15508
"19",35846977,35864876,"FFAR3",0.00885,0.06684,0.08764,0.05535,0.01776,0.02226,0.08267,0.10331,0.07784,0.02565,0.02568,0.30972,0.0151,0.15057,0.13659,0.28621,0.06009,0.04289,0.1509,0.11627,0.01514
"19",45170460,45192699,"CEACAM19",0.02202,0.01653,0.13365,0.01368,0.01265,0.01049,0.01319,0.23762,0.05345,0.02158,0.03963,0.21656,0.04071,0.01655,0.03077,0.10564,0.17503,0.11378,0.03661,0.01461,0.02351
"19",48404969,48465292,"SNAR-A1, SNAR-A12, SNAR-C2, SNAR-C4, SNAR-C3",0.01363,0.19959,0.0253,0.01173,0.02757,0.00957,0.14902,0.05685,0.01656,0.02156,0.01375,0.24022,0.14498,0.10732,0.19475,0.0563,0.12538,0.05488,0.03338,0.01447,0.03305
"19",52133352,52152312,"SIGLEC14, SIGLEC5",0.00964,0.01362,0.07302,0.01117,0.01379,0.27329,0.01384,0.06995,0.0159,0.02475,0.25297,0.05228,0.01608,0.03224,0.22205,0.07682,0.12641,0.0794,0.03367,0.25657,0.32887
"19",53316310,53320924,"ZNF28",0.04124,0.16095,0.01314,0.01597,0.17711,0.02696,0.05741,0.06739,0.07421,0.08463,0.01365,0.18156,0.18569,0.01903,0.07591,0.02031,0.24665,0.04651,0.25545,0.05221,0.10106
"19",54554794,54561757,"VSTM1",0.03231,0.0377,0.0601,0.07959,0.01109,0.04131,0.12305,0.16958,0.03576,0.03125,0.12968,0.02287,0.21353,0.05771,0.01122,0.28365,0.11154,0.02066,0.08892,0.22062,0.06131
"19",9222533,9225816,"OR7G1",0.00982,0.01456,0.03246,0.15345,0.0419,0.01198,0.01426,0.05631,0.15668,0.07367,0.02082,0.07085,0.12352,0.08699,0.03118,0.31745,0.02425,0.02674,0.34534,0.22188,0.03916
"2",100102240,100105225,"REV1",0.00893,0.00856,0.01316,0.03509,0.21467,0.00979,0.01205,0.02034,0.04386,0.29236,0.01263,0.01894,0.04052,0.26643,0.01195,0.07727,0.27174,0.02324,0.46445,0.03217,0.28481
"2",114258334,114259635,"FOXD4L1",0.00885,0.00864,0.11032,0.10776,0.18943,0.09685,0.01219,0.13534,0.13579,0.24393,0.1042,0.13692,0.13649,0.24002,0.10939,0.01963,0.04193,0.01634,0.04168,0.01732,0.05088
"2",114365939,114382208,"RPL23AP7",0.01288,0.01202,0.0104,0.08712,0.0856,0.04854,0.03236,0.01675,0.08637,0.08683,0.03224,0.02269,0.23773,0.23486,0.11775,0.11967,0.12043,0.04738,0.02188,0.0408,0.04259
"2",125431042,125438357,"CNTNAP5",0.00977,0.02376,0.00992,0.02028,0.19949,0.01047,0.02564,0.01586,0.02564,0.21975,0.01202,0.03704,NA,0.28674,0.02174,0.03704,0.19514,0.01554,0.24633,0.02174,0.23478
"2",153459609,153461616,"FMNL2",0.00954,0.02391,0.04521,0.26457,0.04083,0.04024,0.03629,0.07023,0.25152,0.06521,0.03285,0.03161,0.38556,0.03053,0.09032,0.42524,NA,0.11399,0.40261,0.13186,0.10348
"2",159958685,159964278,"TANC1",0.04145,0.30952,0.14552,0.01055,0.01672,0.11559,0.16909,0.06008,0.03954,0.02506,0.03335,0.05148,0.27214,0.22949,0.08169,0.15169,0.11739,0.01837,0.02658,0.0947,0.06666
"2",160097438,160104048,"WDSUB1",0.24273,0.33461,0.13711,0.33888,0.01351,0.22405,0.03129,0.03659,0.02701,0.16656,0.01179,0.08428,0.01556,0.22534,0.02867,0.08112,0.10941,0.03453,0.26591,0.02366,0.14597
"2",167153019,167160206,"SCN9A",0.01351,0.27886,0.01351,0.01351,0.01351,0.01351,0.23477,NA,NA,NA,NA,0.20205,0.19147,0.1837,0.2489,NA,NA,NA,NA,NA,NA
"2",170320280,170340432,"KLHL41, BBS5",0.01083,0.08626,0.0739,0.04729,0.01538,0.01186,0.07028,0.12273,0.08352,0.03152,0.02271,0.28169,0.2229,0.12819,0.12116,0.02451,0.06746,0.05963,0.04286,0.03701,0.0151
"2",172905430,172911323,"METAP1D",0.00891,0.1551,0.12742,0.3148,0.1536,0.28644,0.16725,0.15888,0.41512,0.20367,0.31968,0.01442,0.09355,0.01713,0.04169,0.12794,0.02492,0.0515,0.10046,0.0336,0.03078
"2",180058234,180083270,"SESTD1",0.00903,0.01688,0.05695,0.13099,0.23202,0.14813,0.01832,0.07799,0.17728,0.32018,0.17312,0.12237,0.23847,0.38939,0.24151,0.05653,0.19998,0.0386,0.10713,0.01548,0.08658
"2",214873863,214877498,"SPAG16",0.01692,0.1195,0.01732,0.01022,0.04459,0.0195,0.07091,0.04812,0.02255,0.10011,0.05262,0.15862,0.10062,0.21229,0.18772,0.03025,0.05436,0.0138,0.08287,0.02677,0.03645
"2",220049900,220058248,"RETREG2",0.01676,0.25052,0.07756,0.18913,0.05367,0.20104,0.1901,0.05141,0.15906,0.03609,0.14184,0.07252,0.01647,0.10004,0.01518,0.06237,0.02335,0.04476,0.09404,0.0147,0.06489
"2",33221706,33227491,"LTBP1",0.01408,0.06114,0.01291,0.09798,0.01662,0.20076,0.03783,0.03304,0.16932,0.01666,0.2965,0.09646,0.27661,0.03371,0.43133,0.11054,0.04387,0.21475,0.20189,0.02759,0.33042
"2",33764749,33769039,"RASGRP3",0.00923,0.07089,0.01112,0.0703,0.01154,0.13604,0.07699,0.01551,0.09138,0.01971,0.16711,0.06803,0.01803,0.11673,0.04674,0.09099,0.02633,0.16219,0.15194,0.04167,0.251
"2",3735456,3736559,"ALLC",0.04126,0.02502,0.01659,0.27984,0.03214,0.13399,0.02273,0.03704,0.4211,NA,0.21959,0.01614,0.38696,0.02273,0.19737,0.33184,0.03704,0.14947,0.36509,0.05616,0.17047
"2",44464934,44470334,"PPM1B",0.0546,0.11367,0.03627,0.12979,0.12218,0.03759,0.3226,0.01654,0.05128,0.34953,0.1682,0.27996,0.4725,0.03859,0.04689,0.0672,0.33343,0.1321,0.53067,0.2905,0.08564
"2",54564948,54567711,"C2orf73",0.11628,0.02266,0.04805,0.06019,0.01042,0.13745,0.21259,0.02934,0.02557,0.11459,0.01266,0.12207,0.15722,0.03231,0.22984,0.02028,0.06182,0.03477,0.08458,0.02989,0.1235
"20",15294609,15304146,"MACROD2",0.01278,0.02277,0.01111,0.15393,0.01474,0.00864,0.01557,0.01583,0.2337,0.03499,0.01874,0.02113,0.28105,0.05217,0.0315,0.21649,0.03293,0.01669,0.13583,0.16564,0.01776
"20",1552569,1592353,"SIRPB1",0.01377,0.08251,0.01517,0.06978,0.15367,0.00928,0.12444,0.01544,0.13085,0.25308,0.01442,0.09323,0.01893,0.39659,0.12188,0.10546,0.2353,0.01738,0.36568,0.11614,0.21487
"20",25978079,26041423,"LOC100134868, FAM182A",0.0098,0.20006,0.04481,0.04191,0.01286,0.02135,0.20357,0.04635,0.07041,0.02411,0.01895,0.09127,0.40578,0.27648,0.13872,0.18949,0.09355,0.02195,0.04649,0.10545,0.04159
"20",31307552,31319391,"COMMD7",0.02408,0.05401,0.05998,0.07228,0.1051,0.02588,0.13556,0.15424,0.04175,0.24055,0.08216,0.01578,0.25131,0.04622,0.0192,0.2969,0.04335,0.02915,0.42844,0.17543,0.07458
"20",45778673,45789475,"EYA2",0.02564,NA,0.20966,0.10657,NA,0.12227,0.02564,0.13878,0.05407,0.02564,0.0681,0.18773,0.09807,NA,0.10339,0.05158,0.15178,0.02808,0.08429,0.01805,0.07753
"20",60514775,60537590,"CDH4, MIR1257",0.08046,0.0123,0.06781,0.0538,0.23714,0.21553,0.05799,0.01546,0.01849,0.06711,0.05194,0.05226,0.04182,0.21373,0.17,0.02077,0.08021,0.0563,0.10204,0.06929,0.01531
"20",61372408,61374547,"NTSR1",0.02048,0.09099,0.25417,0.02221,0.38716,0.34068,0.04336,0.16491,0.01589,0.28888,0.23271,0.05749,0.04031,0.14587,0.11936,0.15559,0.05197,0.02964,0.2768,0.19894,0.017
"21",14373669,14412922,"ANKRD30BP2",0.00951,0.14062,0.08568,0.05366,0.01883,0.22004,0.14761,0.09537,0.05945,0.02275,0.21162,0.01777,0.03335,0.14615,0.05832,0.02478,0.09221,0.06524,0.05137,0.08625,0.1805
"21",19323541,19330131,"CHODL",0.08398,0.14631,0.01035,0.06469,0.02531,0.00868,0.42734,0.08089,0.01626,0.18507,0.07876,0.1931,0.42638,0.09476,0.17032,0.07708,0.0476,0.01372,0.19149,0.06632,0.03636
"21",44284546,44288276,"WDR4",0.01692,0.01719,0.01615,0.22365,0.01578,0.01729,NA,NA,0.24828,NA,NA,NA,0.25535,NA,NA,0.22462,NA,NA,0.21035,0.25786,NA
"21",9866600,9927289,"TEKT4P2",0.0095,0.07229,0.0105,0.03713,0.05169,0.01255,0.0617,0.01516,0.0558,0.07688,0.01929,0.08079,0.19752,0.24084,0.10382,0.09122,0.14522,0.0223,0.02535,0.02524,0.03633
"22",18056648,18062987,"SLC25A18",0.01644,0.01138,0.0221,0.02012,0.20731,0.05896,0.01357,0.06741,0.06644,0.37301,0.13134,0.04599,0.04379,0.30268,0.09841,0.01971,0.15715,0.02266,0.16991,0.02542,0.10852
"22",18656197,18883339,"USP18, GGT3P",0.01001,0.03494,0.06666,0.04759,0.18504,0.12957,0.02883,0.10792,0.07697,0.26349,0.16632,0.17915,0.13614,0.32544,0.25065,0.02107,0.17787,0.03157,0.14259,0.03591,0.05634
"22",21461146,21711132,"POM121L8P, BCRP2",0.01408,0.04,0.05701,0.04214,0.19505,0.14062,0.084,0.05077,0.03621,0.23563,0.12064,0.19846,0.1565,0.39105,0.29263,0.02096,0.18051,0.04539,0.17081,0.05131,0.04427
"22",23026193,23236328,"IGLL5, MIR650",0.01091,0.04159,0.1079,0.02351,0.02616,0.06289,0.06429,0.1358,0.04706,0.05115,0.09027,0.24766,0.01769,0.01657,0.0135,0.28763,0.28465,0.29216,0.02201,0.0248,0.02173
"22",23476481,23479924,"RSPH14",0.01336,0.11242,0.01319,0.0717,0.05716,0.02182,0.10192,0.03144,0.07048,0.10332,0.04456,0.18201,0.01797,0.324,0.20163,0.13835,0.04924,0.01611,0.26489,0.14349,0.02926
"22",33780248,33783640,"LARGE1",0.04828,0.07374,0.06381,0.0815,0.05339,0.09436,0.22607,0.20516,0.23635,0.18166,0.2626,0.01444,0.03099,0.01516,0.01533,0.03704,0.02087,0.01576,0.04545,0.02174,0.01909
"22",45134970,45139084,"PRR5-ARHGAP8",0.02241,0.16778,0.19774,0.0297,0.20231,0.09593,0.09313,0.12647,0.0796,0.13571,0.04376,0.01633,0.20476,0.0191,0.02402,0.28378,0.02072,0.03844,0.31099,0.14179,0.04335
"22",45554360,45559418,"NUP50-DT",0.04393,0.26163,0.0349,0.01956,0.01917,0.22533,0.12396,0.01585,0.06806,0.06592,0.09815,0.1272,0.22113,0.21232,0.01311,0.07402,0.07241,0.10223,NA,0.19076,0.18286
"22",50252755,50261847,"ZBED4",0.01351,0.01351,0.01351,0.23469,0.01351,0.01351,NA,NA,0.2157,NA,NA,NA,0.22192,NA,NA,0.19501,NA,NA,0.18263,0.22413,NA
"3",114655254,114661383,"ZBTB20",0.02589,0.2624,0.031,0.40049,0.02855,0.03835,0.15946,0.08333,0.30009,0.07692,0.10029,0.27744,0.04412,0.25361,0.33626,0.46747,NA,NA,0.44409,0.51773,NA
"3",129762720,129807983,"ALG1L2",0.01426,0.24738,0.03189,0.23554,0.0187,0.09669,0.19994,0.02233,0.2222,0.01717,0.06234,0.13996,0.01621,0.16984,0.06246,0.17829,0.02355,0.03261,0.22181,0.07657,0.04864
"3",131708168,131713607,"CPNE4",0.00944,0.14878,0.02417,0.01616,0.0903,0.0603,0.19965,0.02714,0.01996,0.11097,0.05843,0.2754,0.25286,0.46398,0.38292,0.02186,0.06206,0.02257,0.09042,0.03531,0.02873
"3",131988535,131998255,"CPNE4",0.03046,0.12234,0.01517,0.0917,0.07117,0.02166,0.05382,0.02,0.04801,0.18717,0.01317,0.08654,0.01488,0.36579,0.07027,0.08249,0.14994,0.01483,0.37508,0.05919,0.15714
"3",149268194,149270379,"WWTR1",0.02394,0.00876,0.01791,0.01036,0.10197,0.00909,0.02501,0.06636,0.03668,0.08686,0.03554,0.02719,0.01565,0.13463,0.01315,0.02694,0.25064,0.01825,0.21048,0.01446,0.14508
"3",156091117,156094471,"KCNAB1",0.02992,0.11731,0.02616,0.02742,0.06014,0.09957,0.22446,0.01521,0.10271,0.03322,0.04571,0.20412,0.04876,0.28037,0.3705,0.10223,0.0413,0.05115,0.19116,0.23541,0.01658
"3",15843411,15847007,"ANKRD28",0.05297,0.01719,0.04646,0.11482,0.06747,0.28069,0.10061,0.01522,0.03518,0.01922,0.1228,0.09769,0.18991,0.12873,0.34516,0.04169,0.0243,0.12193,0.02875,0.04854,0.08207
"3",16238950,16242302,"GALNT15",0.01062,0.02175,0.03183,0.11921,0.01214,0.00834,0.01786,0.03087,0.17698,0.01643,0.01343,0.01689,0.23279,0.01907,0.02473,0.28377,0.03331,0.03916,0.17389,0.14249,0.01651
"3",175077520,175087654,"MIR4789, NAALADL2",0.09489,0.02292,0.07225,0.05077,0.06769,0.07403,0.17674,0.01609,0.22196,0.01722,0.01331,0.15948,0.03951,0.15698,0.14173,0.22977,0.02041,0.01376,0.23891,0.17764,0.01477
"3",189363171,189371547,"TP63",0.03094,0.01391,0.0851,0.01989,0.03102,0.2531,0.01835,0.03439,0.07435,0.09778,0.13853,0.06161,0.04655,0.06716,0.19746,0.16059,0.19386,0.06068,0.02753,0.28542,0.30997
"3",191064302,191072651,"CCDC50",0.01117,0.00886,0.01036,0.11254,0.01764,0.15996,0.01707,0.02053,0.14273,0.03755,0.18342,0.0141,0.16432,0.02072,0.21471,0.2025,0.02574,0.24542,0.27536,NA,0.32226
"3",195771149,195776591,"TFRC",0.07959,0.02385,0.21166,0.22031,0.21812,0.44325,0.12969,0.05936,0.06644,0.06831,0.2308,0.27191,0.28506,0.28403,0.45296,0.01994,0.02107,0.08955,0.0218,0.0781,0.07209
"3",196932119,196946108,"DLG1",0.01896,0.16425,0.0595,0.10931,0.0108,0.0456,0.30108,0.13991,0.22912,0.02266,0.10658,0.07159,0.01745,0.27168,0.08741,0.05272,0.10902,0.01805,0.21921,0.05925,0.06435
"3",22276973,22286595,"ZNF385D",0.11107,0.064,0.01042,0.31416,0.01199,0.02471,0.01952,0.08402,0.0999,0.07305,0.05064,0.0487,0.14607,0.04199,0.02352,0.26617,0.0208,0.02249,0.24453,0.22118,0.02016
"3",46794887,46850588,"PRSS50, PRSS45P",0.02491,0.23715,0.01321,0.01097,0.01197,0.01367,0.33267,0.02416,0.03668,0.02812,0.02037,0.27218,0.24897,0.23915,0.32435,0.02246,0.02095,0.01378,0.02233,0.01813,0.0157
"3",56607166,56624160,"CCDC66",0.01781,0.01351,0.11016,0.01351,0.1776,0.24165,0.02564,0.06601,0.02564,0.1208,0.17024,0.10999,NA,0.17329,0.21197,0.09376,0.03245,0.06351,0.14912,0.16376,0.02966
"3",67492290,67497596,"SUCLG2",0.00886,0.04365,0.01072,0.15019,0.01043,0.02891,0.04809,0.01589,0.18019,0.01639,0.03266,0.05814,0.06439,0.04592,0.12082,0.21504,0.02113,0.0274,0.18639,0.30627,0.03372
"3",67497596,67580138,"SUCLG2",0.0277,0.25288,0.02455,0.02364,0.02299,0.02924,0.28739,NA,NA,NA,NA,0.24894,0.23634,0.22702,0.30374,NA,NA,NA,NA,NA,NA
"3",8325414,8327977,"LMCD1-AS1",0.04496,0.10129,0.03344,0.14561,0.04474,0.01252,0.03167,0.01597,0.34209,0.01718,0.03015,0.04425,0.47095,0.02754,0.08027,0.32604,0.02389,0.02469,0.36231,0.21213,0.03667
"4",107055581,107063577,"TBCK",0.02162,0.11466,0.01005,0.02484,0.0181,0.02631,0.24025,0.0325,0.01653,0.06403,0.08176,0.1359,0.24404,0.08229,0.06495,0.04235,0.02875,0.02906,0.07828,0.0864,0.01564
"4",151874092,151887283,"LRBA",0.01351,0.20665,0.01351,0.01351,0.01351,0.01351,0.17213,NA,NA,NA,NA,0.1475,0.13967,0.13395,0.18296,NA,NA,NA,NA,NA,NA
"4",172987856,172992597,"GALNTL6",0.01622,0.01335,0.03578,0.18631,0.0252,0.06408,0.03717,0.02227,0.15815,0.06429,0.03376,0.07347,0.28664,0.02017,0.10476,0.12344,0.12526,0.0177,0.40998,0.07102,0.13648
"4",173424805,173436609,"GALNTL6",0.03988,0.11634,0.01455,0.056,0.05492,0.07783,0.21896,0.03581,0.06542,0.06938,0.0725,0.13869,0.21393,0.20724,0.27547,0.08226,0.08349,0.09326,0.02806,0.01429,0.01567
"4",186441531,186444411,"PDLIM3",0.01108,0.51794,0.04793,0.05878,0.01513,0.02296,0.48672,0.10309,0.12435,0.01751,0.05244,0.58584,0.58262,0.39912,0.60952,0.03108,0.11874,0.05101,0.14161,0.08574,0.06293
"4",187093396,187098364,"FAM149A",0.11033,0.17321,0.02407,0.02278,0.23994,0.1223,0.02027,0.05163,0.05342,0.06911,0.0122,0.08934,0.09063,0.03748,0.01579,0.01963,0.18389,0.05497,0.19031,0.05609,0.05574
"4",189436546,189439141,"LINC01060",0.01151,0.04195,0.0412,0.07587,0.03122,0.12922,0.04862,0.07491,0.12113,0.04146,0.15077,0.1623,0.21934,NA,0.22906,0.0273,0.13171,0.03998,0.18051,0.02058,0.16999
"4",190985982,191016089,"DUX4L8, DUX4L4, DUX4L6",0.02342,0.08623,0.07505,0.01161,0.01048,0.02775,0.13013,0.0322,0.03813,0.03136,0.01193,0.21878,0.07249,0.0862,0.18761,0.1125,0.09924,0.04746,0.0233,0.05553,0.04283
"4",21300,72378,"ZNF595, ZNF718",0.04763,0.05914,0.15051,0.07691,0.01106,0.02844,0.18942,0.12239,0.26919,0.06235,0.01824,0.2974,0.01772,0.07388,0.14953,0.37721,0.20504,0.14184,0.13019,0.20668,0.03106
"4",21368940,21377583,"KCNIP4",0.02517,0.21483,0.0172,0.01689,0.01668,0.10447,0.11891,0.04705,0.04563,0.04459,0.04316,0.18817,0.17825,0.17098,0.0402,NA,NA,0.10557,NA,0.09998,0.09593
"4",26955732,26957923,"STIM2",0.01154,0.07787,0.05854,0.05493,0.05238,0.07673,0.05625,0.1091,0.10387,0.10006,0.13275,0.20195,0.19137,0.18361,0.24879,NA,NA,NA,NA,NA,NA
"4",69365480,69553855,"UGT2B17",0.12309,0.01134,0.14191,0.05487,0.02954,0.13223,0.18614,0.02867,0.03002,0.07081,0.01284,0.21267,0.09492,0.05817,0.18363,0.06135,0.11671,0.01828,0.03118,0.03092,0.06498
"4",91926419,91936156,"CCSER1",0.03939,0.34578,0.01312,0.03874,0.16276,0.01097,0.24637,0.0293,0.01608,0.09725,0.02749,0.38172,0.23753,0.06489,0.32585,0.03696,0.19267,0.01378,0.09865,0.03111,0.15388
"4",93855061,93866171,"GRID2",0.03878,0.10475,0.05308,0.18952,0.20316,0.07875,0.23787,0.01687,0.09563,0.1098,0.0198,0.3207,0.55384,0.57885,0.29649,0.08728,0.10337,0.01604,0.02284,0.05123,0.06162
"5",127406779,127411637,"LINC01184",0.01076,0.21321,0.19815,0.01177,0.23714,0.03385,0.21195,0.23011,0.01587,0.29796,0.02659,0.01434,0.20445,0.02991,0.12142,0.24893,0.03761,0.12852,0.33883,0.02741,0.18086
"5",15719202,15721264,"FBXL7",0.02245,0.01588,0.0824,0.03497,0.05039,0.04166,0.05334,0.17925,0.09566,0.02649,0.10665,0.06862,0.02366,0.1049,0.02121,0.06462,0.32847,0.04726,0.19212,0.0143,0.18987
"5",170128654,170131933,"KCNIP1",0.23815,0.00927,0.47382,0.23532,0.44365,0.4123,0.28031,0.15802,0.01896,0.15252,0.0664,0.57349,0.29739,0.54981,0.45784,0.12871,0.02079,0.03837,0.12913,0.04153,0.04047
"5",175527755,175537393,"FAM153B",0.03013,0.00866,0.01236,0.08891,0.01686,0.01155,0.03357,0.02737,0.24924,0.02006,0.06782,0.01588,0.1225,0.02156,0.01686,0.17658,0.0225,0.02886,0.19988,0.09591,0.04017
"5",175537393,175556432,"NA, FAM153B",0.03203,0.02359,0.01495,0.08907,0.02392,0.00868,0.07804,0.02702,0.2793,0.01674,0.04355,0.04625,0.03532,0.06007,0.03223,0.19299,0.02712,0.01898,0.23483,0.14016,0.03425
"5",178384874,178391899,"ZNF454",0.01351,0.01351,0.19879,0.26744,0.01351,0.20976,NA,0.18057,0.24542,NA,0.17587,0.18635,0.25241,NA,0.1842,0.02354,0.15068,0.01427,0.2079,0.01575,0.13602
"5",180374981,180430956,"BTNL3, BTNL8",0.03849,0.04519,0.01045,0.10705,0.05159,0.00893,0.01242,0.04097,0.06667,0.19161,0.05335,0.04526,0.05526,0.19795,0.06035,0.15778,0.09276,0.0161,0.39848,0.14593,0.05336
"5",207984,217909,"CCDC127",0.04149,0.08233,0.01102,0.04903,0.02409,0.05888,0.18551,0.04592,0.02564,0.0215,0.01614,0.09113,0.17972,0.13089,0.22194,0.07398,0.0333,0.07024,0.06078,0.02174,0.04073
"5",42627456,42631479,"GHR",0.00933,0.10163,0.12632,0.09165,0.0791,0.02172,0.12145,0.15257,0.11095,0.09675,0.02097,0.38135,0.32553,0.30139,0.18171,0.02534,0.03035,0.0922,0.02235,0.06137,0.05188
"5",70395448,70660702,"GUSBP17, NAIP",0.00903,0.0786,0.03595,0.13478,0.11556,0.1482,0.10287,0.05794,0.22237,0.21446,0.21434,0.02851,0.04558,0.03355,0.02828,0.12592,0.11924,0.09244,0.02586,0.02026,0.01507
"6",126182601,126188650,"NCOA7",0.07887,0.05276,0.07407,0.01034,0.10712,0.0084,0.2338,0.01545,0.10248,0.03483,0.09521,0.22438,0.04978,0.28066,0.05328,0.11204,0.03658,0.09493,0.1805,0.01431,0.14223
"6",134589319,134593737,"SGK1",0.01428,0.04223,0.09973,0.1462,0.10711,0.13678,0.08343,0.07238,0.11657,0.08351,0.0906,0.27379,0.34171,0.29975,0.27493,0.02856,0.02113,0.01617,0.02642,0.01588,0.01527
"6",136851529,136853126,"MAP7",0.01212,0.29968,0.10663,0.0488,0.01042,0.02397,0.28849,0.13979,0.08123,0.01994,0.03951,0.08395,0.13181,0.21302,0.19477,0.03205,0.10029,0.04678,0.05776,0.01923,0.02584
"6",139602000,139607253,"TXLNB",0.05515,0.01564,0.03784,0.09492,0.09011,0.01239,0.02945,0.16369,0.27728,0.26729,0.09263,0.07932,0.16465,0.15791,0.03343,0.07404,0.07243,0.03009,NA,0.09998,0.09593
"6",152389651,152392853,"ESR1",0.00975,0.26668,0.01286,0.25926,0.04531,0.08482,0.28624,0.02303,0.31303,0.05354,0.09859,0.20758,0.01646,0.38871,0.07419,0.24725,0.10214,0.05584,0.47323,0.08703,0.18137
"6",161023693,161076390,"LPA",0.00894,0.02222,0.06086,0.18151,0.10753,0.11429,0.0313,0.07904,0.24961,0.15116,0.1301,0.1494,0.33921,0.23415,0.22173,0.08927,0.03636,0.02022,0.04481,0.04931,0.01682
"6",24324781,24328341,"DCDC2",0.01053,0.12128,0.04286,0.11929,0.01387,0.1611,0.18055,0.03776,0.11273,0.02722,0.13247,0.30225,0.47237,0.14023,0.45359,0.04606,0.08148,0.04968,0.18643,0.015,0.18243
"6",53928253,53935160,"MLIP",0.00968,0.43894,0.07229,0.07508,0.23959,0.05407,0.41295,0.06786,0.0728,0.24349,0.04386,0.21099,0.204,0.04787,0.25434,0.01969,0.09452,0.0163,0.09292,0.01781,0.10951
"6",57447621,57452661,"PRIM2",0.01778,0.01955,0.0887,0.03485,0.01071,0.04512,0.05578,0.06143,0.08506,0.02712,0.08938,0.19726,0.02136,0.02089,0.02162,0.25711,0.11268,0.22098,0.04183,0.01474,0.03711
"6",64659039,64673571,"EYS",0.06922,0.26868,0.01753,0.21553,0.01734,0.02478,0.13354,0.0436,0.12781,0.13025,0.02924,0.29481,0.02273,0.44362,0.21472,0.28496,0.05777,0.01485,0.42989,0.18842,0.0595
"6",65709074,65722101,"EYS",0.0192,0.14728,0.01295,0.04512,0.01319,0.01147,0.13042,0.04387,0.10583,0.04394,0.03759,0.27736,0.35529,0.28662,0.21288,0.04192,0.02041,0.01371,0.04322,0.03538,0.01472
"6",66073539,66081006,"EYS",0.01824,0.01861,0.01718,0.01687,0.14874,0.01875,NA,NA,NA,0.20368,NA,NA,NA,0.20911,NA,NA,0.18551,NA,0.17927,NA,0.21104
"6",66397287,66405069,"EYS",0.00887,0.01251,0.06435,0.04234,0.01042,0.18183,0.01692,0.07007,0.04956,0.01641,0.16478,0.10776,0.08105,0.01949,0.21535,0.02255,0.07491,0.04559,0.05743,0.06392,0.14377
"7",100325679,100337066,"ZAN",0.0271,0.02497,0.12331,0.08115,0.02555,0.01639,0.08362,0.25835,0.0559,0.09586,0.06431,0.07023,0.17838,0.01524,0.01269,0.42551,0.0763,0.08821,0.24932,0.15136,0.01693
"7",110581769,110586066,"IMMP2L",0.01351,0.01351,0.0542,0.01351,0.25964,0.01351,NA,0.0596,NA,0.24237,NA,0.06065,NA,0.24879,NA,0.05517,0.11438,0.06103,0.21324,NA,0.25106
"7",112433579,112482530,"BMT2",0.06217,0.01175,0.10077,0.03685,0.03825,0.00861,0.05249,0.31094,0.19776,0.0193,0.06887,0.14832,0.06699,0.0352,0.01288,0.039,0.24559,0.12206,0.15221,0.05005,0.04556
"7",142453704,142486666,"PRSS3P2, PRSS1",0.03736,0.13534,0.03117,0.22323,0.01854,0.16454,0.27633,0.01532,0.20915,0.09169,0.08611,0.25677,0.55733,0.08048,0.49153,0.25888,0.09272,0.09774,0.44317,0.09628,0.28101
"7",143454872,143572547,"LOC154761, TCAF1",0.01019,0.06344,0.01648,0.01646,0.21432,0.0131,0.04392,0.02753,0.01774,0.2203,0.02057,0.0966,0.03022,0.31253,0.08227,0.0451,0.22041,0.01378,0.24904,0.03091,0.16125
"7",153919163,153921790,"DPP6",0.00929,0.13941,0.01018,0.31451,0.0199,0.04639,0.11495,0.01516,0.29441,0.0352,0.03936,0.10014,0.05633,0.13324,0.04481,0.27009,0.03704,0.03674,0.33105,0.16357,0.06877
"7",158265783,158291398,"PTPRN2",0.01372,0.01393,0.01398,0.12335,0.03893,0.01416,0.03388,0.03505,0.21955,0.08397,0.03443,0.0141,0.11682,0.02958,0.01111,0.14638,0.03806,0.01373,0.08211,0.11616,0.02888
"7",200428,229295,"FAM20C",0.01044,0.01683,0.02066,0.04388,0.24408,0.02051,0.01475,0.02035,0.08406,0.24762,0.03806,0.01453,0.09683,0.20077,0.05506,0.12691,0.19045,0.06608,0.47033,0.03388,0.38839
"7",31590082,31592811,"ITPRID1",0.00952,0.13975,0.02421,0.18656,0.0682,0.03905,0.18093,0.03895,0.20693,0.10309,0.03371,0.09024,0.65955,0.02718,0.3099,0.37625,0.0482,0.1017,0.56352,0.11306,0.19457
"7",48651979,48655160,"ABCA13",0.04331,0.04562,0.018,0.03487,0.18589,0.04648,NA,0.03704,NA,0.35182,NA,0.03704,NA,0.36032,NA,0.03704,0.26307,0.03704,0.31219,NA,0.36331
"7",65587597,65591734,"CRCP",0.01208,0.07875,0.06295,0.02038,0.03235,0.00965,0.1293,0.04807,0.04274,0.0632,0.01225,0.27468,0.06944,0.04545,0.11611,0.13399,0.1688,0.05557,0.02765,0.03498,0.0534
"7",74438750,74439986,"NA",0.00885,0.25202,0.01218,0.0172,0.18662,0.10895,0.23342,0.01735,0.02366,0.20378,0.10496,0.26336,0.18139,0.47811,0.44413,0.0429,0.22196,0.08987,0.32673,0.17459,0.05837
"7",89810061,89813506,"STEAP2",0.07901,0.00849,0.05918,0.02199,0.05076,0.14398,0.08577,0.01609,0.16014,0.01838,0.02435,0.07017,0.03071,0.06333,0.15002,0.15363,0.02063,0.03291,0.15209,0.22749,0.03711
"7",93325683,93333643,"GNGT1",0.01203,0.01135,0.04837,0.03961,0.01309,0.13173,0.02518,0.09312,0.07966,0.0164,0.20988,0.04301,0.03557,0.02745,0.12529,0.02027,0.10697,0.04709,0.09397,0.05744,0.2289
"7",99461089,99463771,"CYP3A43",0.01826,0.41422,0.0172,0.01689,0.05307,0.01878,0.40388,NA,NA,0.10656,NA,0.35644,0.34038,0.20165,0.42338,NA,0.09879,NA,0.09617,NA,0.10976
"8",11245462,11247411,"FAM167A-AS1",0.07145,0.0681,0.08394,0.27281,0.21536,0.30949,0.24481,0.01679,0.14646,0.09803,0.13159,0.28317,0.57989,0.4995,0.58433,0.15257,0.0961,0.11689,0.03383,0.02092,0.01532
"8",120780260,120788332,"TAF2",0.00926,0.017,0.07568,0.01581,0.37514,0.01384,0.02564,0.06673,0.02564,0.33978,0.01437,0.10998,NA,0.40489,0.0326,0.09376,0.1661,0.04587,0.35323,0.02941,0.30351
"8",131850410,131853000,"ADCY8",0.04602,0.18798,0.01144,0.02352,0.01553,0.01727,0.38925,0.06833,0.11531,0.02995,0.02342,0.19992,0.16421,0.34693,0.30296,0.02726,0.03602,0.03132,0.07257,0.06203,0.01486
"8",143397187,143399826,"TSNARE1",0.01351,0.01351,0.10776,0.23056,0.21743,0.05487,NA,0.10413,0.21309,0.20312,0.0531,0.1071,0.21924,0.20854,0.05506,0.05002,0.04853,0.02359,0.02175,0.0896,0.08462
"8",144632219,144636475,"GSDMD",0.00897,0.11175,0.01143,0.0253,0.09691,0.10004,0.15082,0.01828,0.03946,0.15158,0.1009,0.12327,0.06512,0.01899,0.3731,0.03052,0.14438,0.12697,0.0917,0.18204,0.33347
"8",146279935,146301739,"C8orf33",0.00892,0.02762,0.0148,0.20277,0.01044,0.01063,0.03824,0.02284,0.2115,0.01659,0.01518,0.01978,0.34682,0.03902,0.02174,0.27416,0.02655,0.01468,0.21502,0.25628,0.01647
"8",22996194,23001045,"TNFRSF10D",0.01351,0.06787,0.01351,0.34822,0.01351,0.01351,0.07939,NA,0.36519,NA,NA,0.06919,0.13786,0.06373,0.08399,0.33333,NA,NA,0.31356,0.37775,NA
"8",23003088,23003688,"TNFRSF10D",0.01351,0.06508,0.01351,0.34141,0.01351,0.01351,0.07688,NA,0.35758,NA,NA,0.06711,0.13832,0.06189,0.08129,0.32614,NA,NA,0.30666,0.37001,NA
"8",23007163,23022425,"TNFRSF10D",0.01351,0.06014,0.01351,0.32243,0.01351,0.01351,0.07227,NA,0.34053,NA,NA,0.0633,0.12929,0.05851,0.07633,0.31007,NA,NA,0.29129,0.35261,NA
"8",25066490,25070878,"DOCK5",0.17293,0.20315,0.01096,0.26763,0.03297,0.13571,0.01256,0.12926,0.02349,0.07347,0.02415,0.14837,0.01919,0.08551,0.03079,0.24255,0.03651,0.09966,0.15316,0.06,0.04438
"8",39225975,39389130,"ADAM3A, ADAM5",0.03236,0.19255,0.05869,0.17019,0.01175,0.18986,0.10046,0.02228,0.10784,0.05368,0.09644,0.06079,0.01571,0.24563,0.01119,0.07808,0.10455,0.05702,0.28315,0.01586,0.23784
"8",4122402,4125338,"CSMD1",0.00997,0.42392,0.02451,0.40545,0.38075,0.07224,0.37165,0.02313,0.38829,0.36766,0.05455,0.28463,0.01484,0.01526,0.22176,0.31694,0.29909,0.02615,0.02229,0.22068,0.20114
"8",6825031,6826568,"DEFA10P",0.06205,0.03389,0.21203,0.05053,0.15913,0.08418,0.15321,0.06993,0.16953,0.04953,0.01313,0.38439,0.03097,0.31307,0.18112,0.41399,0.02199,0.054,0.34862,0.18899,0.03709
"8",6826568,6828277,"DEFA10P",0.06205,0.03389,0.21203,0.05053,0.14965,0.08418,0.15321,0.06993,0.16953,0.04385,0.01313,0.38439,0.03097,0.30739,0.18112,0.41399,0.02413,0.054,0.34758,0.18899,0.03224
"8",72213953,72218293,"EYA1",0.04311,0.16522,0.0099,0.05335,0.1128,0.00919,0.36,0.04939,0.01779,0.28197,0.03836,0.24439,0.43195,NA,0.22956,0.07231,0.19759,0.01452,0.36596,0.05352,0.17037
"8",9497470,9502145,"TNKS",0.02176,0.06749,0.01308,0.13904,0.25986,0.03615,0.02907,0.01793,0.08808,0.20038,0.01449,0.04397,0.03117,0.09999,0.01745,0.12527,0.2548,0.02374,0.05894,0.05818,0.15085
"9",113477018,113486754,"MUSK",0.01267,0.08192,0.0287,0.12293,0.02657,0.00851,0.05332,0.05912,0.09585,0.05531,0.01399,0.13287,0.02049,0.12073,0.07131,0.22444,NA,0.038,0.21018,0.11682,0.03601
"9",117078658,117098682,"ORM1, ORM2, AKNA",0.03702,0.013,0.03469,0.10512,0.01215,0.02314,0.11278,0.01515,0.06118,0.09135,0.01699,0.13228,0.31133,0.01609,0.08509,0.07337,0.12361,0.01913,0.30394,0.10282,0.06751
"9",131362536,131365905,"SPTAN1",NA,0.02273,NA,0.28123,NA,NA,0.02273,NA,0.24826,NA,NA,0.02273,0.24266,0.02273,0.02273,0.2246,NA,NA,0.21033,0.25783,NA
"9",131411165,131417407,"DYNC2I2",0.09192,0.37331,0.17154,0.30324,0.10449,0.38117,0.15054,0.02457,0.11447,0.01908,0.16305,0.0993,0.01636,0.09772,0.01217,0.07989,0.02157,0.10967,0.0822,0.01897,0.10671
"9",140249394,140253775,"EXD3",0.02971,0.22927,0.01652,0.02049,0.01674,0.0723,0.32899,0.07379,0.01702,0.01966,0.02504,0.16458,0.27622,0.25545,0.4318,0.0627,0.05391,0.1531,0.02233,0.03784,0.0467
"9",44726804,44890106,"LOC286297, LINC01189",0.02367,0.17,0.08353,0.18609,0.05829,0.17678,0.09196,0.04169,0.12949,0.135,0.09417,0.02926,0.02511,0.39769,0.01192,0.06711,0.31536,0.02678,0.49386,0.03552,0.46642
"9",45618984,45815168,"LOC286297, NA, LINC01189",0.00952,0.0838,0.06977,0.0111,0.18192,0.01165,0.11015,0.10798,0.02094,0.35654,0.01327,0.01408,0.12872,0.1052,0.07127,0.13374,0.12651,0.06636,0.38106,0.02325,0.22327
"9",45865708,46095771,"LOC286297, LINC01189",0.01832,0.04708,0.03972,0.27299,0.02587,0.07934,0.02476,0.02509,0.22703,0.01845,0.04424,0.01417,0.12799,0.01921,0.01477,0.13169,0.02343,0.01802,0.17898,0.09952,0.02969
"9",46561617,47059521,"LOC286297, FGF7P6, LINC01189",0.02113,0.00876,0.03986,0.02623,0.10775,0.00836,0.02934,0.0214,0.08545,0.07963,0.0298,0.05501,0.03003,0.13464,0.01129,0.14704,0.05657,0.06123,0.24991,0.04009,0.15524
"9",71737799,71744519,"TJP2",0.02576,0.12677,0.01322,0.04222,0.08925,0.01204,0.05944,0.04826,0.10513,0.17812,0.01781,0.14041,0.20338,0.26556,0.09946,0.04253,0.11861,0.02886,0.05671,0.08189,0.16328
"9",85757768,85862137,"FRMD3",0.01138,0.15317,0.00991,0.01874,0.12204,0.01445,0.23272,0.01805,0.04003,0.21574,0.02979,0.18211,0.11057,0.01595,0.12553,0.02986,0.18534,0.0192,0.12309,0.01504,0.11545
"23",134725241,134975246,"CT45A3, CT45A5, CT45A6, CT45A1, CT45A2",0.01285,0.01242,0.06425,0.06716,0.18316,0.00876,0.01207,0.1087,0.05416,0.25343,0.01973,0.11643,0.06006,0.27246,0.01927,0.3113,0.10292,0.07778,0.49438,0.10897,0.23345
"23",134800913,134900920,"CT45A3, CT45A1, CT45A2",0.02551,0.0108,0.08753,0.11087,0.07055,0.01053,0.02315,0.2202,0.08727,0.2247,0.02388,0.18187,0.1659,0.18638,0.01112,0.45869,0.0241,0.18552,0.56851,0.17311,0.19125
"23",134841737,134900920,"CT45A3, CT45A1, CT45A2",0.023,0.01071,0.0592,0.10445,0.08057,0.00958,0.02088,0.18618,0.08727,0.23601,0.02413,0.14922,0.15725,0.20514,0.01139,0.48622,0.03416,0.14563,0.57023,0.17409,0.20363
"23",134841737,134975246,"CT45A3, CT45A5, CT45A6, CT45A1, CT45A2",0.01212,0.01267,0.03819,0.07402,0.05557,0.00902,0.01206,0.07372,0.06652,0.10504,0.01999,0.08245,0.07039,0.11839,0.02137,0.26678,0.0257,0.0454,0.35572,0.12764,0.07448
"23",146360192,146369374,"MIR514A1, MIR514A2",0.01949,0.14968,0.01214,0.03007,0.18268,0.00881,0.08272,0.01789,0.06171,0.10247,0.01956,0.10229,0.16964,0.01835,0.10098,0.05587,0.19868,0.01604,0.34919,0.01962,0.09108
"23",154788811,154840186,"TMLHE",0.00886,0.05787,0.01827,0.15949,0.01066,0.01285,0.0603,0.02574,0.19101,0.01681,0.01686,0.11194,0.06213,0.06873,0.09885,0.30299,0.02814,0.01498,0.24022,0.25329,0.01709
"23",154789310,154826421,"TMLHE",0.00885,0.05665,0.01856,0.15703,0.01072,0.01312,0.0603,0.02574,0.19101,0.01681,0.01686,0.11194,0.06213,0.06873,0.09885,0.30299,0.02814,0.01498,0.24022,0.25329,0.01709
"23",31529162,31554252,"DMD",0.01584,0.01778,0.01468,0.33203,0.03335,0.01064,0.05876,0.04935,0.29443,0.1064,0.01383,0.01457,0.34625,0.02669,0.04191,0.30655,0.03844,0.03439,0.31123,0.31376,0.08246
"23",32986310,32990011,"DMD",0.01235,0.09621,0.02733,0.06366,0.09128,0.02461,0.06954,0.05829,0.05305,0.16491,0.01616,0.19607,0.01639,0.32756,0.04446,0.19046,0.10926,0.08809,0.36857,0.03192,0.20537
"23",69729643,69748821,"TEX11",0.04786,0.05178,0.01326,0.16314,0.01101,0.0084,0.14432,0.10475,0.34671,0.07445,0.0632,0.03286,0.05125,0.05561,0.04945,0.13605,0.0285,0.01653,0.18881,0.16832,0.01587
"23",77120587,77126607,"MAGT1",0.01023,0.30858,0.04422,0.0133,0.07634,0.01521,0.38127,0.04311,0.02555,0.08304,0.02653,0.6104,0.32534,0.69494,0.28308,0.10171,0.03756,0.09617,0.17151,0.01467,0.14845
