Chromosome,Start,End,Type,Africa-America,Africa-CentralAsiaSiberia,Africa-EastAsia,Africa-Oceania,Africa-SouthAsia,Africa-WestEurasia,America-CentralAsiaSiberia,America-EastAsia,America-Oceania,America-SouthAsia,America-WestEurasia,CentralAsiaSiberia-EastAsia,CentralAsiaSiberia-Oceania,CentralAsiaSiberia-SouthAsia,CentralAsiaSiberia-WestEurasia,EastAsia-Oceania,EastAsia-SouthAsia,EastAsia-WestEurasia,Oceania-SouthAsia,Oceania-WestEurasia,SouthAsia-WestEurasia
chr1,8360201,8360201,deletion,0.35714,0.20694,0.0,0.0,0.0,0.0,0.02666,0.3605,0.30303,0.34759,0.39112,0.20969,0.16537,0.19923,0.23576,0.0,0.0,0.0,0.0,0.0,0.0
chr1,9846201,9846201,deletion,0.31579,0.04724,0.05627,0.02736,0.10391,0.01025,0.15949,0.12079,0.198,0.06282,0.25416,0.00322,0.00473,0.02281,0.0114,0.01292,0.01026,0.0287,0.04041,0.00134,0.07167
chr1,16150401,16150401,deletion,0.01291,0.01514,0.00405,0.22571,0.1032,0.0838,0.06077,0.03045,0.15333,0.03952,0.02458,0.00396,0.36782,0.18162,0.13144,0.28087,0.14513,0.12031,0.03382,0.03128,0.00041
chr1,24377601,24377601,deletion,0.00769,0.10554,0.27255,0.65039,0.13545,0.15839,0.1137,0.22873,0.64506,0.1241,0.12174,0.06462,0.32327,0.00452,0.02047,0.0912,0.04025,0.0107,0.24554,0.13059,0.00854
chr1,62113301,62113301,deletion,0.42187,0.20023,0.0668,0.09094,0.00028,0.02305,0.05635,0.16199,0.15222,0.40561,0.21904,0.03559,0.02488,0.18592,0.07596,0.00108,0.05781,0.0104,0.08144,0.01532,0.01813
chr1,62622101,62622101,deletion,0.34028,0.10554,1e-05,0.00814,0.02805,0.06462,0.08425,0.34446,0.34286,0.19641,0.07906,0.10805,0.11852,0.02692,0.00045,0.00756,0.0293,0.06699,0.04172,0.05861,0.0162
chr1,62654201,62654201,deletion,0.34028,0.34764,0.22025,0.46039,0.02805,0.00227,0.00034,0.00671,0.01587,0.19641,0.29937,0.01047,0.01152,0.21087,0.31966,0.04052,0.12127,0.21908,0.30559,0.4213,0.01496
chr1,72755201,72755201,deletion,0.13021,0.19318,0.24346,0.18182,0.13041,0.217,0.02557,0.03121,0.02424,0.00373,0.001,0.0,0.0,0.03297,0.00977,0.0,0.04315,0.01396,0.03077,0.00896,0.01051
chr1,74643201,74643201,deletion,0.2,0.02328,0.0,0.0,0.0,0.01433,0.11223,0.20235,0.16364,0.19339,0.05195,0.02366,0.01778,0.02222,0.00191,0.0,0.0,0.01473,0.0,0.00946,0.01328
chr1,78647101,78647101,deletion,0.07369,0.1001,0.18578,0.08812,0.05191,0.05828,0.35569,0.48088,0.33643,0.24361,0.22283,0.0162,0.0003,0.01444,0.00935,0.02084,0.05734,0.04187,0.01058,0.00654,0.0001
chr1,80214501,80214501,deletion,0.325,0.15771,0.16426,0.02531,0.02397,0.09942,0.09259,0.07296,0.58929,0.21795,0.08042,0.00016,0.321,0.06838,0.00826,0.29221,0.0675,0.00787,0.09423,0.17776,0.02713
chr1,85974801,85974801,deletion,0.00877,0.20222,0.0004,0.01221,0.01449,0.02132,0.26792,0.01202,0.04396,0.03997,0.03654,0.18513,0.11921,0.11443,0.07419,0.00815,0.01012,0.01678,5e-05,0.00145,0.00127
chr1,94285701,94285701,deletion,0.36161,0.33832,0.41636,0.26286,0.24422,0.14197,0.00137,0.00134,0.01384,0.01865,0.03948,0.00551,0.00658,0.01108,0.03255,0.02323,0.03356,0.07155,0.00068,0.01201,0.00934
chr1,106010101,106010101,deletion,0.03122,0.00287,0.00778,0.10156,0.00484,0.00459,0.01698,0.06805,0.27185,0.01255,0.00973,0.01959,0.15912,0.00021,0.00018,0.06185,0.02475,0.02304,0.14639,0.10495,0.0
chr1,108732201,108732201,deletion,0.44643,0.07392,0.23716,0.25546,0.32144,0.07726,0.20258,0.04388,0.04593,0.01888,0.12569,0.05304,0.06464,0.10171,0.00066,0.00025,0.0076,0.04214,0.00481,0.03862,0.07866
chr1,111370001,111370001,deletion,0.17347,0.15196,0.20763,0.18182,0.05187,0.07624,0.01698,0.00714,0.0,0.07312,0.03824,0.00205,0.01778,0.04605,0.02273,0.00756,0.07247,0.04157,0.07692,0.04076,0.00202
chr1,112686501,112686501,deletion,0.43502,0.25115,0.20228,0.3226,0.42637,0.14918,0.0431,0.05766,0.01655,0.00079,0.06013,0.00281,0.00694,0.03328,0.00737,0.01701,0.05505,0.00174,0.00974,0.02332,0.06628
chr1,142781101,142781101,deletion,0.09056,0.01941,0.15069,0.01019,0.02624,0.02582,0.03314,0.00105,0.13997,0.17705,0.01679,0.0589,0.05239,0.08106,0.00061,0.19897,0.262,0.03801,0.00238,0.04854,0.08606
chr1,145946001,145946001,deletion,0.12243,0.0662,0.17254,0.23182,0.15481,0.18593,0.01992,0.00086,0.02166,0.00043,0.00518,0.03179,0.09498,0.02032,0.04056,0.01359,0.00333,0.0033,0.03734,0.00196,0.01166
chr1,152759101,152759101,deletion,0.11765,0.10441,0.05873,0.16783,0.00755,0.02328,0.00353,0.02401,0.02424,0.08168,0.16625,0.01315,0.03628,0.06611,0.16403,0.05797,0.02509,0.13728,0.13018,0.21213,0.05258
chr1,157173601,157173601,deletion,0.13021,0.33832,0.13068,0.00212,0.00692,2e-05,0.0617,0.0,0.16574,0.19641,0.11067,0.0558,0.38149,0.42545,0.30292,0.13571,0.18095,0.13059,0.0012,0.00197,0.0066
chr1,161408001,161408001,duplication,0.2987,0.12774,0.09784,0.0389,0.03042,0.12925,0.07439,0.13966,0.15415,0.19875,0.06357,0.00988,0.0248,0.04508,2e-05,0.00623,0.01901,0.00899,0.00184,0.02017,0.04274
chr1,169217201,169217201,deletion,0.08026,0.00023,0.00018,0.10425,0.02997,0.08072,0.08947,0.06896,0.00992,0.17592,0.19746,0.0,0.1175,0.03259,0.07243,0.09071,0.03384,0.08718,0.2066,0.22606,0.01431
chr1,174796101,174796101,deletion,0.03226,0.0926,0.10846,0.24747,0.17565,0.0308,0.18333,0.15942,0.36111,0.23614,0.06398,0.00133,0.04408,0.01644,0.011,0.02725,0.00867,0.02276,0.00606,0.08471,0.05681
chr1,179328101,179328101,deletion,0.26744,0.29403,0.32071,0.27879,0.23012,0.22607,0.0,0.00714,0.0,0.02918,0.02338,0.00815,0.0,0.03297,0.02717,0.00756,0.01686,0.02017,0.03077,0.02495,0.00087
chr1,185009801,185009801,deletion,0.06868,0.00915,0.02421,0.00619,0.03246,0.03802,0.1277,0.01113,0.11524,0.00716,0.20272,0.05247,0.0003,0.06611,0.00793,0.04438,0.00056,0.11704,0.05686,0.011,0.13527
chr1,187420501,187420501,deletion,0.02381,0.02707,0.01269,0.14793,0.03324,0.00084,0.0,0.00714,0.22297,0.0,0.01293,0.00815,0.24107,0.0,0.01505,0.22962,0.01009,0.00618,0.27083,0.16556,0.01934
chr1,187690701,187690701,deletion,0.05,0.00429,0.01405,0.02218,0.14565,0.32942,0.09259,0.02207,0.02037,0.25519,0.38224,0.03438,0.04943,0.09527,0.23909,0.00232,0.23047,0.41858,0.21602,0.35552,0.05815
chr1,198299601,198299601,deletion,0.0625,0.11737,0.00136,0.04103,0.05321,0.0115,0.00857,0.04529,0.21368,0.2334,0.11067,0.09353,0.28292,0.31356,0.1811,0.05314,0.06875,0.02079,0.00013,0.00938,0.01426
chr1,199109901,199109901,deletion,0.39189,0.28585,0.49702,0.40559,0.26074,0.15686,0.05314,0.0,0.0,0.06154,0.07336,0.07302,0.05556,0.00375,0.02439,0.0,0.08958,0.11694,0.06478,0.078,0.01389
chr1,204369601,204369601,deletion,0.02744,0.10974,0.02696,0.0547,0.06162,0.23316,0.04172,0.00027,0.00624,0.00527,0.12867,0.03821,0.0159,0.01501,0.03226,0.00792,0.00821,0.11911,2e-05,0.08108,0.07561
chr1,206277501,206277501,deletion,0.00694,0.27096,0.07844,0.04033,0.27507,0.13462,0.19584,0.03307,0.01384,0.18422,0.06595,0.06637,0.11669,0.00037,0.01185,0.00604,0.07724,0.01684,0.11573,0.03153,0.01781
chr1,210721501,210721501,deletion,0.21669,0.14162,0.19056,0.18182,0.02437,7e-05,0.0101,0.00049,0.00207,0.10115,0.20486,0.00557,0.00309,0.05088,0.13952,0.00043,0.08851,0.20682,0.07692,0.17484,0.02661
chr1,215477601,215477601,deletion,0.64,0.26715,0.16149,0.1455,0.01376,0.02086,0.12653,0.17692,0.27084,0.56468,0.48543,0.00832,0.03151,0.20684,0.16413,0.00651,0.11918,0.10155,0.09135,0.05277,0.00431
chr1,234318601,234318601,deletion,0.34028,0.45868,0.65674,0.50505,0.11832,0.03495,0.01698,0.11558,0.02859,0.06061,0.13761,0.04842,0.0015,0.13929,0.24452,0.03247,0.32782,0.47023,0.16376,0.26804,0.02282
chr1,240391301,240391301,deletion,0.2937,0.01701,0.00859,0.00276,0.01031,0.02226,0.48836,0.21355,0.4133,0.22311,0.1307,0.04668,0.00658,0.0526,0.06229,0.01932,8e-05,0.00367,0.02279,0.03177,0.00258
chr10,4283201,4283201,deletion,0.1875,0.2084,0.16517,0.11673,0.24545,0.21711,0.0,0.02207,0.04167,0.0,0.00959,0.02516,0.04592,0.0,0.01117,0.00111,0.03102,0.00303,0.05328,0.00699,0.01437
chr10,7064801,7064801,deletion,0.05,0.0238,0.01722,0.00026,0.1641,0.25979,0.1358,0.0923,0.06395,0.27517,0.30995,0.00051,0.02849,0.06429,0.12871,0.01834,0.08028,0.16921,0.15302,0.21424,0.0212
chr10,17305801,17305801,deletion,0.93333,0.33145,0.13319,0.17742,0.05712,0.04767,0.29273,0.44962,0.5109,0.692,0.59236,0.04553,0.04125,0.15385,0.13356,0.00014,0.03187,0.02724,0.03839,0.02734,0.00036
chr10,24375401,24375401,deletion,0.02381,0.05052,4e-05,0.00916,0.22449,0.37833,0.1137,0.02207,0.06395,0.25519,0.35135,0.05315,0.0162,0.07212,0.18495,0.01028,0.23047,0.38695,0.13612,0.25062,0.04495
chr10,26996901,26996901,deletion,0.08333,5e-05,0.00027,0.10863,2e-05,0.07107,0.10448,0.07422,0.39236,0.08563,0.00316,0.00052,0.11422,0.00014,0.06825,0.11751,0.00014,0.06301,0.11516,0.30439,0.0677
chr10,27586501,27586501,deletion,0.05165,0.00121,0.00833,0.13475,0.07895,0.11768,0.07759,0.09255,0.37121,0.00132,0.00716,0.00288,0.12601,0.10292,0.13356,0.07986,0.13237,0.18309,0.40082,0.42498,0.00313
chr10,28657601,28657601,deletion,0.24469,0.06119,0.11203,0.02914,0.00366,0.01645,0.0748,0.02935,0.12121,0.19657,0.11027,0.00803,0.00585,0.03571,0.0108,0.02537,0.07667,0.04144,0.01259,0.00113,0.00502
chr10,46150101,46150101,deletion,0.21875,0.14031,0.35889,0.27879,0.08963,0.09929,0.02847,0.03121,0.02424,0.05777,0.03535,0.09877,0.07565,0.01043,0.00571,0.0,0.13968,0.09563,0.10256,0.06328,0.00028
chr10,53998901,53998901,deletion,0.1962,0.01494,0.04679,0.00212,0.04135,0.13309,0.11265,0.05287,0.23878,0.06255,0.0029,0.00847,0.02849,0.00628,0.05662,0.05657,0.00023,0.03058,0.05402,0.12204,0.03413
chr10,54693201,54693201,deletion,0.23333,0.05777,0.06267,0.05917,0.09286,0.16933,0.07004,0.05852,0.06818,0.03708,0.0025,0.0001,2e-05,0.00429,0.0341,3e-05,0.00321,0.03746,0.00361,0.03082,0.01845
chr10,65508401,65508401,deletion,0.20213,0.18152,0.27977,0.2115,0.05832,0.02287,0.01698,0.0,0.0,0.08515,0.08324,0.02366,0.01778,0.058,0.06999,0.0,0.12254,0.13186,0.08951,0.08845,0.00733
chr10,66394301,66394301,deletion,0.22744,0.1042,0.03984,0.04262,0.0,0.01873,0.04676,0.09513,0.11068,0.23722,0.29248,0.01805,0.0155,0.10649,0.17717,0.00025,0.03916,0.10892,0.04351,0.098,0.01853
chr10,67306401,67306401,deletion,0.28824,0.40526,0.26338,0.21262,0.18415,0.1755,0.01531,0.0,0.00758,0.0111,0.00371,0.01461,0.04408,0.05168,0.02947,0.00654,0.0115,0.0047,0.00048,0.00016,0.00125
chr10,71023001,71023001,deletion,0.30476,0.14322,0.23716,0.00026,0.00351,0.01859,0.04054,0.00503,0.32481,0.25234,0.14667,0.01532,0.14705,0.10438,0.04947,0.21364,0.18885,0.12928,0.00524,0.01713,0.00651
chr10,84125601,84125601,deletion,0.17356,0.38485,0.1163,0.00204,0.24306,0.40278,0.06531,0.00834,0.15222,0.00438,0.04914,0.10091,0.37278,0.03227,0.00021,0.07865,0.0271,0.11222,0.19667,0.32658,0.02936
chr10,91949701,91949701,deletion,0.00769,0.00877,0.01965,0.50505,0.07028,0.00566,0.0,0.02989,0.48889,0.07312,0.01293,0.03403,0.51429,0.08214,0.01505,0.37101,0.01887,0.00411,0.24147,0.42726,0.04047
chr10,95524401,95524401,deletion,0.36842,0.39958,0.32917,0.04471,0.36945,0.34844,0.0,0.02989,0.25463,0.01912,0.02139,0.03403,0.27439,0.02163,0.02486,0.15308,0.00482,2e-05,0.20419,0.14961,0.00377
chr10,100686101,100686101,deletion,0.00046,0.01095,0.10529,0.15834,0.26082,0.04671,0.01698,0.11558,0.21368,0.32834,0.04506,0.04842,0.11408,0.20684,0.01044,0.0151,0.05766,0.01136,0.01731,0.03622,0.08837
chr10,107055901,107055901,deletion,0.00521,0.29189,0.50843,0.26452,0.1378,0.29701,0.39408,0.63417,0.36941,0.17812,0.31235,0.05837,0.00065,0.04335,0.00029,0.07135,0.17523,0.04825,0.03325,3e-05,0.03844
chr10,114110401,114110401,deletion,0.04596,0.1042,0.31619,0.16672,0.20086,0.09204,0.01269,0.14374,0.05021,0.05739,0.00534,0.07423,0.01263,0.01698,0.00059,0.02576,0.0206,0.07058,0.00029,0.01335,0.02098
chr10,122217801,122217801,deletion,0.13021,0.19318,0.24346,0.18182,0.13041,0.09047,0.02557,0.03121,0.02424,0.00373,0.01281,0.0,0.0,0.03297,0.03902,0.0,0.04315,0.05501,0.03077,0.03586,0.00622
chr10,132855901,132855901,deletion,0.12264,0.03514,0.09885,0.01499,0.11984,0.00833,0.29424,0.33478,0.25463,0.39174,0.12711,0.01532,0.00423,0.02519,0.00759,0.03348,0.00111,0.04782,0.04808,0.00078,0.0599
chr11,4967301,4967301,deletion,0.29216,0.13913,0.16268,0.106,0.04536,0.11965,0.0431,0.03012,0.065,0.12126,0.03427,0.00053,0.00224,0.02742,0.00028,0.00472,0.03761,0.00173,0.014,0.00062,0.02095
chr11,5840901,5840901,deletion,0.16,0.17851,0.127,0.16783,0.21167,0.15921,0.0,0.06377,0.0,0.0,0.01293,0.07224,0.0,0.0,0.01505,0.06732,0.08809,0.00562,0.0,0.0138,0.01934
chr11,11377301,11377301,deletion,0.12264,0.04588,0.0709,0.0066,0.01832,0.03054,0.05314,0.02989,0.22297,0.07312,0.17058,0.00157,0.09642,0.00879,0.10928,0.12361,0.01887,0.16057,0.04758,0.00717,0.08336
chr11,11790801,11790801,deletion,0.03226,0.36532,0.40509,0.36465,0.21572,0.07692,0.47312,0.45093,0.48889,0.27517,0.10468,0.00285,0.0,0.02342,0.08662,0.00276,0.04427,0.13637,0.02279,0.08217,0.02888
chr11,21846001,21846001,deletion,0.06897,2e-05,0.03167,0.31219,0.02384,0.00887,0.09259,0.02207,0.58929,0.02918,0.02984,0.03438,0.321,0.0266,0.00855,0.50311,0.00052,0.00689,0.48077,0.38307,0.00365
chr11,24244801,24244801,deletion,0.0625,0.01467,0.08624,0.10526,0.05321,0.08091,0.14419,0.29498,0.34286,0.2334,0.26647,0.03385,0.07565,0.01293,0.02378,0.01535,0.00502,0.00056,0.03077,0.0138,0.00203
chr11,25750501,25750501,deletion,0.31579,0.0,0.0,0.0,0.0,0.0,0.27614,0.31895,0.26536,0.30682,0.34796,0.0,0.0,0.0,0.0,0.0,0.0,0.0,0.0,0.0,0.0
chr11,26459101,26459101,deletion,0.0,0.0,0.0,0.24444,0.0,0.01004,0.0,0.0,0.19298,0.0,0.0062,0.0,0.2093,0.0,0.00722,0.24731,0.0,0.01032,0.23636,0.20227,0.0093
chr11,26605501,26605501,deletion,0.23729,0.02328,0.0,0.0,0.0,0.04909,0.14314,0.23994,0.1958,0.2298,0.04914,0.02366,0.01778,0.02222,0.01571,0.0,0.0,0.0504,0.0,0.0328,0.04561
chr11,28997201,28997201,deletion,0.02356,0.09214,5e-05,0.12375,6e-05,0.0694,0.23025,0.02117,0.04547,0.02684,0.15334,0.09402,0.42875,0.09252,0.00456,0.11751,0.00023,0.07334,0.13295,0.32658,0.06461
chr11,31389301,31389301,deletion,0.21157,0.07365,2e-05,0.04171,0.27931,0.27094,0.04067,0.21575,0.07233,0.00995,0.01696,0.07631,0.00488,0.0855,0.09212,0.04363,0.28513,0.27792,0.11982,0.11784,0.00232
chr11,45386401,45386401,deletion,0.09032,0.06703,0.09641,0.02581,0.16586,0.17363,0.00297,6e-05,0.22764,0.00911,0.00924,0.00203,0.18027,0.02298,0.02302,0.19551,0.01113,0.01373,0.30048,0.26406,0.00013
chr11,47052901,47052901,deletion,0.37647,0.67176,0.27592,0.54602,0.4585,0.34843,0.08642,0.00422,0.02874,0.0105,0.00254,0.11076,0.0164,0.0335,0.03873,0.04891,0.0301,0.01586,0.00385,0.00864,0.00193
chr11,55365301,55365301,deletion,0.17356,0.07448,0.1163,0.27178,0.03851,0.04247,0.02731,0.00834,0.01562,0.05592,0.0363,0.00443,0.08139,0.00662,0.00309,0.04191,0.02269,0.0163,0.12188,0.08444,0.00037
chr11,58630101,58630101,deletion,0.25804,0.38327,0.31016,0.01989,0.07028,0.01427,0.02124,0.01112,0.14553,0.06282,0.14416,0.00107,0.25,0.15385,0.26774,0.18548,0.12553,0.24481,0.01781,1e-05,0.0215
chr11,69982301,69982301,deletion,0.57683,0.13188,0.08826,0.00287,0.19021,0.04638,0.21757,0.24093,0.50343,0.12514,0.27306,0.00229,0.08919,0.01108,0.01209,0.05253,0.02456,0.00482,0.13089,0.02334,0.04942
chr11,81500001,81500001,deletion,0.05,0.00915,0.02662,0.12626,0.04305,0.0203,0.03467,0.01449,0.2881,0.13815,0.07336,0.00421,0.19369,0.07894,0.03969,0.25642,0.12599,0.07448,0.02309,0.03537,0.00295
chr11,86304201,86304201,deletion,0.41667,0.00251,0.10513,0.07761,0.00827,0.01097,0.5188,0.1307,0.19724,0.3344,0.47767,0.1236,0.11111,0.01897,0.0024,0.00171,0.05616,0.18056,0.03698,0.13196,0.03747
chr11,89476801,89476801,deletion,0.20416,0.032,0.03264,0.09022,0.00555,0.00374,0.05906,0.01718,0.35999,0.06842,0.07313,0.00109,0.15666,0.00535,0.02333,0.12104,0.00946,0.03515,0.08481,0.01726,0.01094
chr11,90555701,90555701,deletion,0.5,0.53289,0.60526,0.51429,0.585,0.61838,0.0,0.0,0.0,0.0,0.00313,0.0,0.0,0.0,0.00365,0.0,0.0,0.00522,0.0,0.00334,0.00471
chr11,96001701,96001701,deletion,0.10417,0.03077,0.00927,0.0547,6e-05,0.03528,0.02731,0.05347,0.32481,0.11277,0.21904,0.00657,0.17361,0.03429,0.11754,0.09801,0.01076,0.0796,0.05402,0.00348,0.03171
chr11,102751001,102751001,deletion,0.13021,0.19318,0.04424,0.01206,0.08522,0.12286,0.02557,0.03936,0.25429,0.0178,0.00558,0.08254,0.34615,0.05675,0.02717,0.09938,0.00821,0.02089,0.16545,0.19446,0.00269
chr11,106774101,106774101,deletion,0.03226,0.11627,0.07115,0.1192,0.17565,0.14548,0.20893,0.12399,0.22297,0.23614,0.16303,0.0046,2e-05,0.00823,0.00632,0.0051,0.02614,0.0237,0.00721,0.00536,0.0
chr12,1203401,1203401,deletion,0.00056,0.12138,0.04866,0.26452,0.04914,0.13204,0.14262,0.0513,0.31911,0.05435,0.11492,0.01835,0.04503,0.01833,0.00039,0.10112,0.0,0.02522,0.10452,0.02454,0.02348
chr12,31869501,31869501,deletion,0.02694,0.03511,0.02229,0.02455,0.08164,0.01197,0.00045,0.00154,0.10529,0.02955,0.00457,0.00357,0.12213,0.02222,0.00763,0.09435,0.03102,0.00171,0.20313,0.0661,0.03353
chr12,38445601,38445601,deletion,0.36842,0.30537,0.47214,0.38182,0.45124,0.45793,0.03467,0.0,0.0,0.0,0.00633,0.04799,0.03628,0.04514,0.0114,0.0,0.0,0.01054,0.0,0.00676,0.0095
chr12,42652701,42652701,deletion,0.35714,0.17824,0.27139,0.1455,0.13721,0.1066,0.04164,0.00066,0.06883,0.05384,0.04,0.02884,0.00359,0.00107,0.0004,0.04811,0.04352,0.03943,0.00069,0.00104,0.0001
chr12,45888601,45888601,deletion,0.14876,0.02317,0.43222,0.38182,0.21321,0.01984,0.06879,0.11492,0.13304,0.00333,0.22607,0.31781,0.30409,0.10438,0.07532,0.00756,0.07247,0.52907,0.07692,0.44972,0.31932
chr12,48687701,48687701,deletion,0.09185,0.00056,0.08455,0.05104,0.10414,0.18077,0.1115,0.34446,0.00698,0.00015,0.01511,0.08254,0.0643,0.11028,0.16531,0.26531,0.32191,0.38081,0.00874,0.0391,0.0158
chr12,50273001,50273001,deletion,0.25521,0.29342,0.20423,0.18182,0.07079,0.00458,0.00156,0.00268,0.00831,0.06255,0.30817,0.0084,0.01707,0.0856,0.35388,0.0012,0.04187,0.27372,0.02737,0.23248,0.11256
chr12,60520101,60520101,deletion,0.39189,0.24732,0.17516,0.3052,0.14183,0.11406,0.07243,0.09674,0.04167,0.1241,0.09532,0.01332,0.01008,0.02468,0.02728,0.03885,0.00183,0.0055,0.05686,0.05152,0.00104
chr12,69557401,69557401,deletion,0.14649,0.2483,0.14269,0.01989,0.05545,0.02949,0.01981,0.00105,0.0623,0.02062,0.03059,0.01099,0.13776,0.08127,0.10073,0.06242,0.03126,0.05094,0.01058,0.00272,0.00204
chr12,81387201,81387201,deletion,0.23729,0.02328,0.0,0.0,0.0,0.02086,0.14314,0.23994,0.1958,0.2298,0.12147,0.02366,0.01778,0.02222,0.00121,0.0,0.0,0.02144,0.0,0.0138,0.01934
chr12,82102101,82102101,deletion,0.23729,0.20694,0.13319,0.0,0.0,0.01551,0.00056,0.00703,0.1958,0.2298,0.14592,0.00396,0.16537,0.19923,0.13201,0.09727,0.12603,0.09046,0.0,0.01024,0.01437
chr12,82138801,82138801,deletion,0.20972,0.48675,0.1927,0.00916,0.04063,0.07351,0.08536,0.0,0.13366,0.06896,0.01966,0.07647,0.38149,0.28391,0.15855,0.10991,0.06981,0.02606,0.01051,0.02889,0.00985
chr12,90483201,90483201,deletion,0.00184,0.23064,0.15534,0.00159,0.09384,0.07558,0.32808,0.18965,1e-05,0.12119,0.08211,0.0262,0.31856,0.058,0.05151,0.18862,0.00867,0.01448,0.12019,0.08325,0.00103
chr12,91721901,91721901,deletion,0.23729,0.09729,0.0,0.0,0.10391,0.00508,0.04108,0.23994,0.1958,0.02508,0.21465,0.09877,0.07565,0.00171,0.07545,0.0,0.10585,0.00522,0.07692,0.00334,0.09464
chr12,102075601,102075601,deletion,0.19685,0.06329,0.08657,0.02323,0.09488,0.03921,0.04067,0.01943,0.26536,0.01689,0.04219,0.00308,0.11852,0.00452,0.00064,0.11625,0.00013,0.00721,0.13018,0.05834,0.00887
chr12,117640401,117640401,deletion,0.03509,0.0926,0.1511,0.50102,0.23705,0.09777,0.01364,0.04054,0.31854,0.0913,0.01788,0.01002,0.21137,0.04103,0.00171,0.1163,0.01069,0.00313,0.06523,0.12656,0.02358
chr13,23616201,23616201,deletion,0.02381,0.00012,0.01269,0.0029,0.08125,0.18193,0.03467,0.00714,0.02037,0.1241,0.17642,0.0162,0.00473,0.06611,0.13955,0.00322,0.13877,0.2366,0.08838,0.1535,0.03681
chr13,27034201,27034201,deletion,0.21176,0.36532,0.25296,0.00813,0.15686,0.29113,0.02845,0.00375,0.27185,0.00382,0.01511,0.01002,0.41632,0.05168,0.00053,0.26065,0.01661,0.00591,0.17959,0.26926,0.0395
chr13,39056201,39056201,deletion,0.0,0.06703,0.03258,0.06459,0.02257,0.12988,0.07004,0.02834,0.0781,0.02067,0.10351,0.00708,0.26615,0.01339,0.0094,0.1644,0.00094,0.03646,0.15302,0.27791,0.04705
chr13,39716501,39716501,deletion,0.17347,0.19318,0.24346,0.18182,0.22831,0.25147,0.0,0.0,0.0,0.0,0.00313,0.0,0.0,0.0,0.00365,0.0,0.0,0.00522,0.0,0.00334,0.00471
chr13,39933401,39933401,deletion,0.05255,0.17995,0.17848,0.3052,0.1841,0.19441,0.04618,0.03487,0.15696,0.04016,0.0384,0.00037,0.03634,0.0001,4e-05,0.03616,0.0001,0.00071,0.03557,0.02178,0.00028
chr13,52806401,52806401,deletion,0.00096,0.02992,0.18053,0.0317,0.12827,0.06085,0.04067,0.20127,0.04839,0.15139,0.06233,0.06604,9e-05,0.0327,0.00251,0.10511,0.01154,0.04489,0.05516,0.00403,0.01623
chr13,53059801,53059801,deletion,0.10756,0.10154,0.14603,0.00928,0.01611,0.01489,0.00206,1e-05,0.19544,0.05462,0.03775,0.00205,0.18052,0.04605,0.03437,0.22962,0.07247,0.05861,0.04758,0.03934,1e-05
chr13,65310101,65310101,deletion,0.00656,0.00108,0.04863,0.00813,0.07523,0.15426,0.01423,0.03121,9e-05,0.09456,0.13776,0.07302,0.01662,0.05319,0.10928,0.02778,0.19389,0.25596,0.10191,0.14802,0.02542
chr13,72469801,72469801,deletion,0.0078,0.00574,0.09922,0.04112,0.09618,0.16627,0.00026,0.04989,0.01562,0.15068,0.20145,0.05877,0.01955,0.14517,0.20429,0.01032,0.35712,0.44017,0.24554,0.29863,0.01053
chr13,72839801,72839801,deletion,0.22304,0.02317,0.12608,0.08418,0.29961,0.26534,0.13399,0.02601,0.05321,0.00259,2e-05,0.0402,0.02257,0.1815,0.13045,0.00276,0.05031,0.03122,0.08145,0.04631,0.00286
chr13,78997501,78997501,deletion,0.75446,0.33068,0.28266,0.00916,0.05324,0.08013,0.17527,0.15542,0.68815,0.4833,0.29486,0.00071,0.23303,0.13449,0.06561,0.17994,0.11467,0.06333,0.01711,0.03276,0.00713
chr13,81791601,81791601,deletion,0.23333,0.25773,0.31818,0.24371,0.26082,0.30209,0.0,0.0,0.0,0.0094,0.00633,0.0,0.0,0.01065,0.00737,0.0,0.01404,0.01054,0.00993,0.00676,2e-05
chr13,86658401,86658401,deletion,0.16,0.17851,0.22604,0.16783,0.21167,0.1807,0.0,0.0,0.0,0.0,0.00959,0.0,0.0,0.0,0.01117,0.0,0.0,0.01594,0.0,0.01024,0.01437
chr13,104586101,104586101,deletion,0.0,0.0,0.0,0.21038,0.0,0.00508,0.0,0.0,0.16453,0.0,0.00313,0.0,0.17898,0.0,0.00365,0.21296,0.0,0.00522,0.20312,0.19084,0.00471
chr13,108560101,108560101,deletion,0.02381,0.21754,0.25459,0.01989,0.04132,0.01911,0.10448,0.1307,0.00018,0.00316,3e-05,0.00708,0.11408,0.08072,0.10641,0.14223,0.12606,0.1731,0.00481,0.00028,0.00269
chr14,35570601,35570601,deletion,0.20972,0.53031,0.28266,0.21262,0.14686,0.04125,0.11122,0.01076,1e-05,0.00466,0.04803,0.04592,0.10876,0.15071,0.26104,0.01033,0.03244,0.12216,0.00529,0.05139,0.0297
chr14,41608701,41608701,deletion,0.57683,0.34764,0.25459,0.46039,0.05545,0.13466,0.04541,0.06468,0.01188,0.32882,0.11192,0.00359,0.01152,0.15221,0.02803,0.0256,0.10495,0.01484,0.23558,0.06486,0.03773
chr14,54709801,54709801,deletion,0.27586,0.40026,0.08067,0.02736,0.17236,0.20215,0.02399,0.05692,0.16437,0.00716,0.0011,0.15264,0.27287,0.05744,0.01091,0.02718,0.02509,0.06997,0.08838,0.11253,0.01421
chr14,73996001,73996001,deletion,0.00334,0.0749,0.19683,0.1678,1e-05,0.00214,0.10814,0.24824,0.12066,0.00339,0.00797,0.04022,0.40027,0.06581,0.03699,0.58487,0.17215,0.11195,0.15716,0.16151,0.00166
chr14,80100101,80100101,deletion,0.37647,0.20642,0.00186,0.00592,0.15734,0.22863,0.03334,0.33614,0.29254,0.05028,0.00425,0.17607,0.13776,0.00241,0.00883,0.00111,0.13392,0.21121,0.09457,0.14166,0.02173
chr14,81874601,81874601,deletion,0.07942,0.06505,0.10529,0.02,0.00373,0.077,0.30103,0.33756,0.02572,0.05388,0.0005,0.00351,0.16687,0.10001,0.23151,0.20781,0.14681,0.31753,0.00721,0.0145,0.04672
chr14,82495501,82495501,deletion,0.15,0.26357,0.20712,0.06132,0.11348,0.1317,0.02673,0.00142,0.42447,0.00726,0.00237,0.01315,0.58551,0.05403,0.03107,0.4412,0.01686,0.00889,0.31469,0.28669,0.00088
chr14,83426001,83426001,deletion,0.00769,0.05663,0.10127,0.33643,0.08572,0.01835,0.07243,0.0923,0.32353,0.08515,0.02318,0.01182,0.14325,0.00528,0.00681,0.0695,0.00165,0.04155,0.09463,0.20222,0.02622
chr14,85297001,85297001,deletion,0.30476,0.19882,0.167,0.46975,0.20387,0.10894,0.01661,0.02293,0.03148,0.01339,0.03495,0.00107,0.08929,7e-05,0.00724,0.0937,0.00179,0.00367,0.07692,0.10448,0.0099
chr15,20120501,20120501,deletion,0.00757,0.02281,0.1449,0.0023,0.00284,0.00445,0.07367,0.2358,0.02791,0.02089,0.01928,0.06529,0.01599,0.01026,0.00592,0.1418,0.11405,0.09374,5e-05,0.0004,0.0002
chr15,20120501,20120501,duplication,0.20094,0.12901,0.01832,0.00073,0.00417,0.01705,0.03335,0.10184,0.19885,0.12883,0.22586,0.03634,0.14047,0.0611,0.15978,0.02045,0.00364,0.05587,0.00643,0.00874,0.02844
chr15,21181301,21181301,deletion,0.05018,0.00396,0.079,0.01462,5e-05,0.00815,0.13559,0.34914,0.01231,0.05445,0.01445,0.07258,0.04533,0.00567,0.02129,0.18706,0.09334,0.12857,0.01455,0.00098,0.00703
chr15,21181301,21181301,duplication,0.16949,0.00102,0.00246,0.08841,0.00038,0.01279,0.14747,0.1323,0.27625,0.15703,0.18111,0.00039,0.12651,0.00014,0.01544,0.08531,0.00096,0.02189,0.09695,0.0118,0.01546
chr15,25887901,25887901,deletion,0.09185,0.21356,0.16858,0.36916,0.10414,0.22355,0.02845,0.01057,0.12616,0.00015,0.02829,0.00336,0.03644,0.02342,0.00047,0.05276,0.00929,0.00694,0.10452,0.01975,0.03069
chr15,26745401,26745401,deletion,0.00769,0.03463,0.22025,0.00287,0.05545,0.01427,0.05314,0.18545,0.02037,0.06154,0.01982,0.10091,0.01662,0.00375,0.00218,0.15226,0.08035,0.15794,0.03005,0.00433,0.01261
chr15,28677701,28677701,deletion,0.27678,0.02266,0.06695,0.0,0.13233,0.03437,0.14569,0.06582,0.26102,0.60239,0.41845,0.01115,0.01995,0.21966,0.09676,0.05237,0.2518,0.17324,0.13295,0.02692,0.04015
chr15,36129701,36129701,deletion,0.05165,0.12939,0.07065,0.00766,0.05367,0.19689,0.35162,0.21218,0.11136,0.19497,0.35385,0.01227,0.08418,0.0214,0.00482,0.02876,0.00119,0.03643,0.01935,0.11413,0.04942
chr15,39364401,39364401,deletion,0.06667,0.00478,0.03258,0.04268,0.02257,6e-05,0.11565,0.00772,0.23112,0.01427,0.05099,0.05749,0.02327,0.0464,0.00493,0.13184,0.00094,0.02861,0.11982,0.03604,0.01866
chr15,49537001,49537001,deletion,0.05932,0.01539,0.05821,0.06259,0.06504,0.08587,0.03467,0.00714,0.0,0.18395,0.15573,0.0162,0.03628,0.12191,0.11961,0.00756,0.21398,0.20949,0.19231,0.16466,0.00348
chr15,62705301,62705301,deletion,0.19512,0.32861,0.38796,0.00505,0.17486,1e-05,0.02366,0.03689,0.15222,0.0017,0.16247,0.00185,0.27797,0.03561,0.28286,0.30931,0.05709,0.36286,0.11516,0.00384,0.16372
chr15,65814601,65814601,deletion,0.06117,0.1448,0.21065,0.00021,0.0164,0.00214,0.02673,0.05206,0.065,0.01888,0.03299,0.00421,0.16251,0.07894,0.09098,0.22091,0.12599,0.14718,0.01232,0.00078,0.00595
chr15,71472401,71472401,deletion,0.20406,0.12203,0.04702,0.00066,0.02819,0.02062,0.04237,0.08391,0.2424,0.11467,0.08512,0.02464,0.12247,0.04227,0.03856,0.03382,0.00238,0.00475,0.01923,0.01104,0.00045
chr15,77786201,77786201,deletion,0.12903,0.29877,0.20682,0.27966,0.10391,0.04767,0.05927,0.02905,0.04593,1e-05,0.00716,0.00355,0.0011,0.06331,0.10933,0.00072,0.03565,0.07998,0.04758,0.08682,0.00813
chr15,84535501,84535501,deletion,0.18647,0.00102,0.0174,0.06994,0.14109,0.11924,0.20205,0.28386,0.05836,0.0178,0.02004,0.02538,0.0625,0.12642,0.08979,0.14493,0.24137,0.21754,0.01134,0.00325,0.0017
chr15,86056201,86056201,deletion,0.0096,0.1905,0.13353,0.15539,0.32105,0.19981,0.12023,0.06324,0.09414,0.22307,0.10167,0.00626,0.00189,0.02078,0.00046,0.00136,0.04952,0.01086,0.03454,0.00346,0.01268
chr15,92673801,92673801,deletion,0.03842,0.00822,0.129,0.14141,0.05093,4e-05,0.08906,0.02772,0.07611,0.00013,0.03087,0.21089,0.24444,0.10261,0.00597,0.01535,0.02359,0.10986,0.05305,0.10519,0.04557
chr15,98532601,98532601,deletion,0.12264,0.13754,0.17651,0.12893,0.16461,0.20823,0.0,0.0,0.0,0.0,0.0,0.0,0.0,0.0,0.0,0.0,0.0,0.0,0.0,0.0,0.0
chr15,99574201,99574201,deletion,0.07875,0.15073,0.04153,0.2217,0.10575,0.18123,0.01269,0.00772,0.05021,0.00094,0.01645,0.03836,0.01263,0.00628,0.00094,0.08245,0.0157,0.05619,0.03325,0.00437,0.01244
chr15,100416501,100416501,deletion,0.2193,0.42026,0.22025,0.15912,0.34011,0.21378,0.0519,0.00223,0.00588,0.02826,0.00659,0.0301,0.09112,0.00288,0.01389,0.01422,0.01568,0.00207,0.05817,0.0214,0.00565
chr15,102381301,102381301,deletion,0.20787,0.30753,0.28532,0.13609,0.05486,0.05883,0.03257,0.01854,0.03121,0.08293,0.02513,0.00115,0.11074,0.18072,0.09013,0.07666,0.15387,0.08993,0.02405,0.00257,0.00352
chr16,13293001,13293001,deletion,0.23333,0.1119,0.10529,0.06994,0.02991,0.00092,0.07243,0.06377,0.11179,0.13815,0.15573,0.00113,0.00621,0.0335,0.07483,0.00177,0.0247,0.07777,0.01182,0.04398,0.01803
chr16,17475601,17475601,deletion,0.2,0.20694,0.10628,0.0,0.0,0.0,0.00067,0.00756,0.16364,0.19339,0.22424,0.01321,0.16537,0.19923,0.23576,0.07698,0.1004,0.13043,0.0,0.0,0.0
chr16,23047701,23047701,deletion,0.30476,0.01237,0.00051,0.02029,0.00062,0.00782,0.21338,0.28052,0.18753,0.28473,0.37303,0.00781,0.00107,0.0076,0.03727,0.01426,1e-05,0.01237,0.01414,0.0491,0.01261
chr16,32297501,32297501,deletion,0.01869,0.00863,0.04524,0.14875,0.00441,0.00597,0.0321,0.05505,0.20483,0.02477,0.02107,0.01541,0.05699,0.00071,0.00015,0.00276,0.02463,0.02423,0.07704,0.05868,0.0002
chr16,55794701,55794701,deletion,0.06868,0.45418,0.36769,0.33379,0.1835,0.04142,0.21213,0.13067,0.11949,0.02826,0.00172,0.00747,0.0157,0.08131,0.19761,0.00108,0.04378,0.16975,0.02843,0.11769,0.04663
chr16,58673601,58673601,deletion,0.27324,0.17322,0.03773,0.00212,0.16037,0.04291,0.01661,0.11234,0.32481,0.01959,0.07884,0.0507,0.20223,0.00028,0.03387,0.04769,0.04587,0.00067,0.17095,0.04547,0.03257
chr16,58945801,58945801,deletion,0.04375,0.08908,0.00012,0.11859,0.00432,0.05841,0.02557,0.03936,0.2902,0.02667,0.00011,0.08254,0.38487,0.06923,0.01484,0.12517,0.00299,0.0532,0.1684,0.3189,0.03117
chr16,62543601,62543601,deletion,0.01724,0.03358,0.07115,0.40786,0.00063,0.01013,0.00249,0.01688,0.2788,0.02498,0.00049,0.0079,0.23777,0.04333,0.00482,0.14903,0.08027,0.02816,0.43391,0.26476,0.01426
chr16,76538201,76538201,deletion,0.25805,0.44368,0.58363,0.32501,0.44419,0.52633,0.0431,0.1108,0.00569,0.03258,0.05932,0.01671,0.01781,0.00066,0.00218,0.06804,0.02359,0.00537,0.01134,0.03005,0.00571
chr16,84143601,84143601,deletion,0.08179,0.3638,0.2944,0.45457,0.17029,0.15048,0.13428,0.06703,0.23379,0.01442,0.00927,0.00988,0.02552,0.0546,0.04531,0.04941,0.02083,0.02226,0.11607,0.08714,0.00013
chr16,85053901,85053901,deletion,0.00769,0.05663,1e-05,0.22594,0.02805,0.04446,0.07243,0.00714,0.22297,0.03959,0.04149,0.05837,0.0675,0.00472,8e-05,0.22962,0.0293,0.04629,0.10688,0.05475,0.00543
chr16,87418301,87418301,deletion,0.06667,0.18865,0.07131,0.00591,0.00106,0.13121,0.0431,0.00011,0.12481,0.05435,0.0063,0.04005,0.28809,0.17181,0.01001,0.11005,0.05541,0.01017,0.01202,0.16378,0.10813
chr17,396601,396601,deletion,0.17065,0.00421,0.00975,0.29568,0.00678,0.00833,0.12231,0.09908,0.02343,0.11001,0.08982,0.00105,0.23259,0.00028,0.00075,0.20647,0.00026,1e-05,0.21996,0.19197,0.00017
chr17,5594701,5594701,deletion,0.23333,0.25773,0.31818,0.24371,0.19424,0.14132,0.0,0.0,0.0,0.02918,0.03457,0.0,0.0,0.03297,0.0401,0.0,0.04315,0.05651,0.03077,0.03686,0.00752
chr17,7336401,7336401,deletion,0.0,0.00041,0.01393,0.2886,0.10556,0.0047,0.00045,0.01088,0.25429,0.08168,0.00332,0.01586,0.28115,0.09755,0.00589,0.18762,0.04883,0.00216,0.04833,0.21644,0.07142
chr17,10118201,10118201,deletion,0.0,0.0,0.0,0.17742,0.0,0.0,0.0,0.0,0.1375,0.0,0.0,0.0,0.15,0.0,0.0,0.17969,0.0,0.0,0.17105,0.20109,0.0
chr17,10889601,10889601,deletion,0.02083,0.03671,0.03949,0.02475,2e-05,0.15572,0.002,0.00223,0.00014,0.02025,0.30579,3e-05,0.0011,0.03571,0.33498,0.00136,0.03735,0.30263,0.02404,0.3118,0.1642
chr17,15786901,15786901,deletion,0.03846,0.0195,0.11089,0.2217,0.07534,0.07379,0.00405,0.01553,0.09767,0.00466,0.00429,0.03604,0.13505,0.0176,0.01584,0.02896,0.00372,0.00281,0.05318,0.03769,4e-05
chr17,17845701,17845701,deletion,0.12118,0.03643,0.12646,0.01871,0.00125,0.1033,0.02428,0.0,0.19531,0.06866,0.27178,0.02419,0.087,0.01612,0.17495,0.17078,0.07763,0.31424,0.01817,0.03344,0.0886
chr17,20435501,20435501,deletion,0.28872,0.36778,0.51497,0.50107,0.39559,0.41305,0.00541,0.04296,0.07808,0.00564,0.006,0.01926,0.0472,0.0,0.00013,0.00747,0.01891,0.01403,0.04011,0.02512,0.0001
chr17,32872901,32872901,deletion,0.57335,0.20642,0.14279,0.02121,0.17593,0.12624,0.13482,0.15819,0.42601,0.13927,0.12385,0.00355,0.09977,0.00053,0.00206,0.05657,0.00145,0.00011,0.07788,0.04834,0.00069
chr17,35753901,35753901,deletion,0.02694,0.00448,0.05821,0.03033,0.07844,0.11622,0.01423,0.00431,9e-05,0.15265,0.15262,0.03594,0.01662,0.10552,0.12384,0.00322,0.23425,0.24987,0.16261,0.16363,0.00731
chr17,49612501,49612501,deletion,0.07875,0.21209,0.38461,0.40559,0.20778,0.39891,0.04042,0.14374,0.22967,0.02994,0.13226,0.03438,0.09662,0.00061,0.03037,0.02336,0.04314,2e-05,0.08951,0.01744,0.04201
chr17,51845801,51845801,deletion,0.38389,0.15934,0.23717,0.00287,0.27173,0.23232,0.06358,0.01076,0.31237,0.0065,0.00287,0.0189,0.11115,0.02765,0.02777,0.1658,0.00072,0.00213,0.19738,0.15461,0.00038
chr17,55083701,55083701,deletion,0.00521,0.06931,0.11423,0.12893,0.00166,0.0286,0.04742,0.08006,0.13304,0.01247,0.0421,0.00421,0.03628,0.09252,0.13192,0.01535,0.14355,0.20158,0.16,0.1782,0.01653
chr17,57362401,57362401,deletion,0.58824,0.33145,0.20682,0.05556,0.03907,0.04909,0.05635,0.09842,0.38361,0.43886,0.29566,0.0092,0.16313,0.2086,0.12394,0.08251,0.11945,0.07334,0.0014,0.00272,0.00838
chr17,58411201,58411201,deletion,0.09032,0.19285,0.2721,0.28331,0.23981,0.35152,0.02366,0.04989,0.08745,0.03713,0.08482,0.00546,0.02183,0.00171,0.02187,0.00494,0.00112,0.0064,0.01058,1e-05,0.01261
chr17,80963001,80963001,deletion,0.0078,0.22225,0.15764,0.21639,0.05216,0.15141,0.14664,0.08304,0.14511,0.01919,0.07535,0.00982,0.0021,0.04389,0.00156,0.00339,0.01737,0.00264,0.03167,1e-05,0.02737
chr18,11551001,11551001,deletion,0.26446,0.1156,0.11155,0.01369,0.14293,0.10418,0.0519,0.04861,0.42942,0.03819,0.03971,0.00022,0.21137,0.00076,0.00029,0.17754,0.00186,1e-05,0.22826,0.1474,0.00201
chr18,12167501,12167501,deletion,0.03226,0.03664,3e-05,0.15997,0.01874,0.00815,0.0,0.01449,0.18598,0.0094,0.00568,0.01653,0.20185,0.01065,0.00662,0.14338,0.00911,0.00485,0.20578,0.20169,0.00097
chr18,24546001,24546001,deletion,0.23729,0.04724,0.01075,0.0,0.0,0.00508,0.09832,0.18528,0.1958,0.2298,0.2468,0.0162,0.03628,0.04514,0.04097,0.00756,0.01009,0.00517,0.0,0.00334,0.00471
chr18,38259801,38259801,deletion,0.05056,0.03106,0.03635,0.211,0.19776,0.05305,0.00307,0.00166,0.06694,0.0475,3e-05,0.00014,0.09603,0.07574,0.00307,0.07865,0.06951,0.00241,0.00123,0.04502,0.04175
chr18,44387501,44387501,duplication,0.19739,0.15184,0.25347,0.20139,0.03294,0.07707,0.00741,0.00199,0.00205,0.07497,0.03916,0.0168,0.0028,0.04384,0.01739,0.00817,0.10975,0.07336,0.06902,0.03204,0.0072
chr18,49192401,49192401,deletion,0.0,0.08197,0.03162,0.01354,0.02598,0.0922,0.08768,0.02779,0.01517,0.02506,0.07919,0.01363,0.16925,0.19634,0.30261,0.07865,0.11037,0.22008,0.00149,0.02878,0.02026
chr18,52391201,52391201,deletion,0.02381,0.02707,0.03605,0.14793,0.00126,0.0021,0.0,0.0,0.22297,0.01912,0.02338,0.0,0.24107,0.02163,0.02717,0.28279,0.02842,0.03851,0.17148,0.10643,0.00578
chr18,54392801,54392801,deletion,0.24056,0.20123,0.24407,0.3026,0.27112,0.42734,0.00754,0.00329,0.00992,0.00035,0.01805,0.00062,0.03194,0.00472,0.05142,0.01973,0.00186,0.04062,0.01197,0.00134,0.02565
chr18,64208601,64208601,deletion,0.11511,0.42415,0.47023,0.0411,0.1032,0.18393,0.17209,0.17381,0.0226,0.00105,0.00642,0.00025,0.28115,0.15902,0.06412,0.29348,0.1806,0.08036,0.01282,0.04628,0.01482
chr18,64958901,64958901,deletion,0.0,0.00132,0.05816,0.12678,0.00349,0.04424,0.00137,0.0487,0.13049,0.00333,0.03923,0.03836,0.10802,0.0092,0.05801,0.01449,0.08627,0.19576,0.17308,0.2965,0.02247
chr18,75266901,75266901,deletion,0.02283,0.24391,0.30697,0.00276,0.11033,0.12521,0.1497,0.18088,0.04569,0.03039,0.03278,0.00157,0.32895,0.04227,0.02439,0.37101,0.06503,0.04399,0.14245,0.13534,0.00074
chr19,1949701,1949701,deletion,0.00207,0.05496,7e-05,0.04545,0.00154,0.03313,0.03659,0.00138,0.0781,0.00716,0.04348,0.0507,0.20223,0.07574,0.15476,0.04769,0.00227,0.03643,0.03365,0.00197,0.02004
chr19,4616601,4616601,deletion,0.00694,0.20222,0.14554,0.01221,0.00074,0.02009,0.13482,0.07759,0.00071,0.00333,0.00286,0.00472,0.11921,0.1817,0.08046,0.06793,0.12553,0.05711,0.00716,0.00106,0.01319
chr19,9222801,9222801,deletion,0.07257,0.05875,0.02181,0.0933,0.00232,0.0065,0.00353,0.02401,0.32851,0.05777,0.03145,0.01315,0.3001,0.04274,0.02315,0.19945,0.01004,0.00403,0.12646,0.12859,0.00106
chr19,12018801,12018801,deletion,0.26744,0.29403,0.28607,0.00379,0.26303,0.25966,0.0,0.01449,0.2881,0.01912,0.01898,0.01653,0.30937,0.02163,0.02207,0.25642,0.00034,0.00398,0.23859,0.19837,0.00201
chr19,12570001,12570001,deletion,0.05638,0.00578,0.01729,0.12094,0.00126,0.20207,0.03139,0.12648,0.0165,0.04384,0.03541,0.04116,0.08929,0.00177,0.1346,0.21261,0.02769,0.31776,0.10452,0.00462,0.17327
chr19,12753301,12753301,deletion,0.23729,0.04724,0.08067,0.02736,0.08791,0.05506,0.09832,0.03689,0.1328,0.03713,0.04062,0.01315,0.00473,0.01444,0.00698,0.02718,1e-05,0.00056,0.03005,0.01621,0.00065
chr19,20503701,20503701,deletion,0.18797,0.00992,0.00658,0.00061,0.01227,0.00413,0.29686,0.12648,0.22779,0.29458,0.20762,0.03009,0.00619,5e-05,0.00115,0.01,0.03565,0.02094,0.00716,0.00121,0.00188
chr19,21710801,21710801,deletion,0.07983,0.01679,5e-05,0.12842,0.02018,0.00736,0.06187,0.14186,0.0165,0.05435,0.07333,0.02808,0.13505,3e-05,0.00464,0.22649,0.0318,0.0097,0.11982,0.13551,0.00615
chr19,23138601,23138601,deletion,0.21739,0.19722,0.2987,0.08287,0.24245,0.23149,0.01698,0.0,0.0873,0.0094,0.01293,0.02366,0.04734,0.00107,0.00121,0.11616,0.01404,0.02144,0.06419,0.03128,0.00431
chr19,23464801,23464801,deletion,0.05576,0.14514,0.44805,0.30846,0.06463,0.01519,0.02424,0.27879,0.16437,2e-05,0.01074,0.15257,0.06859,0.0214,0.05631,0.02778,0.23257,0.26641,0.13089,0.1557,0.0149
chr19,35660001,35660001,deletion,0.00391,0.28021,0.22025,0.06946,0.01595,0.01427,0.20205,0.14244,0.03784,0.00373,0.00332,0.00094,0.08929,0.18592,0.17657,0.06199,0.14623,0.15794,0.01923,0.01478,5e-05
chr19,35848501,35848501,deletion,0.1271,0.28729,0.11775,0.00116,0.06478,0.05529,0.04054,6e-05,0.1328,0.00911,0.00629,0.03604,0.27287,0.08816,0.07344,0.10337,0.01113,0.00971,0.06315,0.04661,4e-05
chr19,48406401,48406401,duplication,0.06234,0.18053,0.16009,0.29604,0.11192,0.22797,0.10195,0.03939,0.33039,0.01283,0.07778,0.00954,0.08418,0.02408,0.00081,0.12425,0.00484,0.01602,0.14342,0.04383,0.03265
chr19,52119301,52119301,deletion,0.01075,0.0247,0.21526,0.0,0.00299,0.00338,0.06941,0.29645,0.01164,0.00279,0.00173,0.09595,0.02597,0.04388,0.03823,0.21041,0.25823,0.23878,0.0026,0.00249,3e-05
chr19,53312901,53312901,deletion,0.0005,0.17864,0.08644,0.08059,0.06171,0.14445,0.24932,0.10095,0.11736,0.07622,0.1437,0.03341,0.03445,0.05012,0.00532,0.00015,0.00203,0.01085,0.00309,0.00676,0.02064
chr19,54554601,54554601,deletion,0.04,0.009,0.00011,0.16822,0.10583,0.02826,0.09062,0.04378,0.04827,0.01427,0.00052,0.00718,0.25,0.15385,0.05025,0.17524,0.11242,0.03186,0.00874,0.04652,0.0212
chr2,3630901,3630901,deletion,0.00769,0.00176,0.18787,0.37616,0.01081,0.01727,0.01698,0.15942,0.36111,0.0,0.02252,0.13872,0.31856,0.02222,0.00763,0.02725,0.21196,0.12074,0.4225,0.24285,0.03353
chr2,9736101,9736101,deletion,0.26744,0.29403,0.32071,0.27879,0.20036,0.14058,0.0,0.00714,0.0,0.03959,0.04555,0.00815,0.0,0.04467,0.05274,0.00756,0.0293,0.05238,0.04172,0.04853,0.00812
chr2,33215401,33215401,deletion,0.01667,0.08197,0.38547,0.20268,0.02397,0.05176,0.02666,0.30234,0.13366,0.00033,0.00705,0.16254,0.04321,0.02002,0.00336,0.04459,0.25516,0.15321,0.1052,0.04834,0.00583
chr2,33763101,33763101,deletion,0.10804,0.05052,0.03605,0.0029,0.06681,0.06481,0.01169,0.23994,0.1328,0.00438,0.00148,0.15257,0.06859,0.00154,0.00308,0.02778,0.15726,0.12998,0.07546,0.06072,0.00049
chr2,34695701,34695701,deletion,0.10144,0.01494,0.02229,0.00212,0.02217,0.26292,0.04164,0.21454,0.13366,0.03039,0.04198,0.07423,0.02849,0.00063,0.14808,0.01028,0.08486,0.37186,0.03365,0.23793,0.15129
chr2,36330101,36330101,deletion,0.33431,0.12782,0.08455,0.10647,0.03605,0.04359,0.10584,0.11042,0.14135,0.21288,0.22163,0.00203,0.00267,0.03411,0.03525,0.0,0.01584,0.01823,0.02014,0.01975,2e-05
chr2,41772601,41772601,deletion,0.00164,0.07111,0.03514,0.09094,0.33189,0.28934,0.04676,0.01771,0.0639,0.25238,0.19455,0.00551,0.00131,0.11639,0.09853,0.01178,0.17629,0.16682,0.09274,0.07693,6e-05
chr2,43869901,43869901,deletion,0.22554,0.07999,0.14455,0.09015,0.02108,0.01275,0.0515,0.0149,0.02572,0.122,0.10321,0.0092,0.00198,0.02049,0.02252,0.00192,0.05852,0.06582,0.03022,0.03146,0.00058
chr2,44369401,44369401,deletion,0.02381,0.26245,0.04502,0.45077,0.31498,0.10603,0.32593,0.08246,0.53736,0.34143,0.11485,0.09577,0.03766,0.00498,0.0212,0.22919,0.14495,0.02234,0.01431,0.09285,0.04971
chr2,51926401,51926401,deletion,0.34028,0.01535,0.01175,0.00814,0.04132,0.0242,0.23025,0.40351,0.34286,0.16473,0.1709,0.04799,0.03628,0.00747,0.00254,0.0,0.07372,0.0444,0.05305,0.02883,0.0009
chr2,52736901,52736901,deletion,0.14224,0.29314,0.38076,0.60393,0.17565,0.12707,0.03334,0.07507,0.23878,0.00257,0.00026,0.01099,0.09977,0.01662,0.0215,0.03941,0.05619,0.06854,0.17095,0.15005,0.00104
chr2,56606101,56606101,deletion,0.1203,0.14756,0.23862,0.10611,0.07087,0.02973,0.00082,0.01611,0.00111,0.01249,0.02856,0.01039,0.00393,0.02041,0.04053,0.02611,0.06033,0.09393,0.00676,0.02192,0.00776
chr2,59615401,59615401,deletion,0.29028,0.23699,0.15761,8e-05,0.00436,0.00801,0.00307,0.01537,0.27185,0.2334,0.19058,0.00546,0.2128,0.18592,0.15696,0.12682,0.11818,0.11171,0.00493,0.00691,0.00087
chr2,79071301,79071301,deletion,0.02941,0.06512,0.05068,0.32501,0.08901,0.05356,0.00669,0.00223,0.18857,0.01427,0.00344,0.00094,0.12601,0.00177,0.00011,0.13015,0.00552,0.00036,0.09135,0.09562,0.00274
chr2,96706501,96706501,deletion,0.02941,0.10608,0.0415,0.00274,0.02965,0.24552,0.02399,0.00071,0.01522,2e-05,0.09479,0.01532,0.07536,0.02519,0.03428,0.01997,0.00111,0.10329,0.01292,0.16776,0.11951
chr2,98196201,98196201,deletion,0.01501,0.01514,0.01348,0.12893,0.00022,0.05425,2e-05,0.00027,0.1039,0.01249,0.08925,0.00016,0.09662,0.01235,0.09755,0.07698,0.0103,0.11321,0.13018,0.22133,0.05847
chr2,98227501,98227501,deletion,0.03583,0.08934,0.03949,0.00066,0.0494,0.34782,0.01189,1e-05,0.02874,0.00068,0.15423,0.01047,0.07536,0.00662,0.09582,0.02609,0.00053,0.17994,0.03516,0.28205,0.1595
chr2,100099401,100099401,deletion,0.17143,0.00684,0.00056,0.02656,0.00035,0.0008,0.15002,0.18316,0.36946,0.16899,0.11539,0.01102,0.06464,0.00429,0.0025,0.01947,0.00179,0.00267,0.03374,0.02977,0.0001
chr2,102228101,102228101,deletion,0.14224,0.03358,0.00088,0.03409,0.01874,3e-05,0.04067,0.12079,0.26536,0.24736,0.1373,0.02347,0.11852,0.09853,0.03338,0.04013,0.02611,0.00122,0.00993,0.02403,0.01463
chr2,109289001,109289001,deletion,0.07143,0.09887,0.12777,0.14379,0.01824,0.03382,0.00205,0.00461,0.02134,0.15553,0.15195,0.00062,0.01008,0.19501,0.19298,0.00494,0.23305,0.25241,0.25267,0.23318,0.00264
chr2,111074001,111074001,deletion,0.13978,0.34413,0.3129,0.4443,0.35865,0.33068,0.06401,0.02887,0.15172,0.05617,0.03495,0.00905,0.02356,0.00056,0.00245,0.05469,0.00582,0.00159,0.02929,0.02622,0.00102
chr2,114323001,114323001,deletion,0.25429,0.03425,0.14824,0.26727,0.04713,0.0165,0.09049,0.02505,2e-05,0.06525,0.07347,0.02699,0.0945,0.0008,0.00137,0.02593,0.01806,0.03877,0.06825,0.07753,0.0045
chr2,125427001,125427001,deletion,0.27586,0.02328,0.01075,0.0,0.02501,0.02396,0.176,0.22278,0.22967,0.1914,0.16253,0.00205,0.01778,2e-05,0.00135,0.00756,0.00271,0.0069,0.0181,0.01587,0.00139
chr2,129590601,129590601,deletion,0.09757,0.29668,0.25925,0.48752,0.14001,0.0688,0.06879,0.05759,0.19417,0.00742,1e-05,1e-05,0.03483,0.03103,0.05945,0.03223,0.0301,0.06656,0.12308,0.15807,0.0072
chr2,132003001,132003001,deletion,0.34082,0.37101,0.36526,0.3026,0.379,0.35716,0.0,0.01449,0.02037,0.0094,0.01599,0.01653,0.0225,0.01065,0.0186,2e-05,0.00232,0.00179,0.00197,0.00162,0.00693
chr2,146834801,146834801,deletion,0.21875,0.28042,0.38689,0.11859,0.10414,0.15344,0.00421,0.02649,0.02058,0.02693,0.0041,0.0104,0.04323,0.0526,0.01502,0.09217,0.11242,0.05267,0.00079,0.00338,0.0084
chr2,153459901,153459901,deletion,0.01563,0.01779,0.07585,0.36721,0.02209,0.01605,0.0,0.0923,0.40104,0.05037,0.03075,0.10414,0.42568,0.05675,0.03569,0.11626,0.01999,0.0235,0.23192,0.21948,9e-05
chr2,153758301,153758301,deletion,0.31579,0.23656,0.05627,0.02736,0.13721,0.28176,0.00611,0.12079,0.198,0.03525,0.00728,0.07588,0.13445,0.01282,0.02481,0.01292,0.0269,0.16725,0.06315,0.17113,0.07322
chr2,159957001,159957001,deletion,0.20248,0.03788,0.07182,0.2217,0.14183,0.28359,0.0896,0.04388,0.0004,0.01249,0.00224,0.00499,0.10223,0.03509,0.11813,0.05276,0.01319,0.08215,0.01731,0.00092,0.02924
chr2,160028301,160028301,deletion,0.21739,0.07495,0.01735,0.00133,0.01528,0.33154,0.09259,0.13536,0.25463,0.15278,0.00313,0.02326,0.0643,0.02675,0.12722,0.00805,6e-05,0.21834,0.00707,0.3337,0.23407
chr2,164601201,164601201,deletion,0.01562,0.01779,0.03162,0.36721,0.00436,0.04606,0.0,0.05488,0.40104,0.02918,0.05479,0.06225,0.42568,0.03297,0.06334,0.19945,0.01355,0.00358,0.30695,0.13277,0.0259
chr2,167152301,167152301,deletion,0.17347,0.19318,0.24346,0.18182,0.22831,0.27133,0.0,0.0,0.0,0.0,0.00313,0.0,0.0,0.0,0.00365,0.0,0.0,0.00522,0.0,0.00334,0.00471
chr2,170301201,170301201,deletion,0.0866,0.22004,0.10854,0.20113,0.09743,0.07057,0.04742,0.00012,0.04007,2e-05,0.0017,0.03485,0.0003,0.04274,0.04425,0.02851,0.00026,0.00353,0.03557,0.03712,0.00185
chr2,172863101,172863101,deletion,0.00052,0.0009,0.02696,0.08081,0.16215,0.1438,0.00297,0.01826,0.08745,0.17253,0.12773,0.03695,0.11408,0.13929,0.10748,0.02146,0.30158,0.26855,0.41133,0.31421,0.00035
chr2,180061201,180061201,deletion,0.39189,0.10053,0.21999,0.2217,0.00949,0.00883,0.18333,0.07296,0.0873,0.31821,0.23063,0.02378,0.03644,0.05168,0.04207,0.00125,0.14549,0.1324,0.15369,0.11832,0.0
chr2,214863101,214863101,deletion,0.20213,0.1448,0.18183,0.09823,0.05832,0.11104,0.03467,0.02207,0.06395,0.08515,0.03457,0.00029,0.00731,0.0323,0.00698,0.01028,0.04314,0.01196,0.01051,0.00017,0.00827
chr2,215726401,215726401,deletion,0.2094,0.01639,0.10255,0.04529,0.11889,0.12026,0.12653,0.02434,0.07444,0.01891,0.01083,0.0354,0.00796,0.04653,0.04463,0.01033,0.00061,0.0018,0.01639,0.01694,0.00032
chr2,220052301,220052301,deletion,0.09211,0.05496,0.00292,0.00329,0.15926,0.22537,0.00669,0.0628,0.06818,0.00716,0.02415,0.03275,0.0326,0.02808,0.05702,3e-05,0.12097,0.18411,0.11444,0.15345,0.00738
chr2,223865001,223865001,deletion,0.00073,0.01465,0.06042,0.11859,0.01961,0.0,0.0101,0.05206,0.13868,0.01271,0.00049,0.01671,0.21451,0.00019,0.01122,0.33213,0.01321,0.04929,0.23078,0.10411,0.0162
chr2,227143001,227143001,deletion,0.26304,0.1701,0.00051,0.03562,0.1641,0.18018,0.01403,0.24038,0.11949,0.01427,0.00344,0.15264,0.05293,3e-05,0.00191,0.0274,0.149,0.16883,0.0471,0.05631,0.00274
chr2,243152501,243152501,deletion,0.1339,0.04806,0.01312,0.00018,0.02119,0.04399,0.02552,0.23298,0.14572,0.05454,0.3078,0.11186,0.0514,0.00634,0.17493,0.00873,0.06822,0.00932,0.02221,0.03137,0.12591
chr20,1386601,1386601,deletion,0.30488,0.11467,0.2374,0.31712,0.09928,0.06419,0.1137,0.03796,0.0,0.11061,0.09367,0.02347,0.11852,0.00154,0.00751,0.04013,0.03728,0.05398,0.11611,0.09946,0.00324
chr20,1552201,1552201,deletion,0.31142,0.03097,0.02174,0.0,0.01376,0.03185,0.19701,0.20576,0.26142,0.23939,0.13242,0.0,0.0237,0.00252,0.00435,0.01535,0.00232,0.00537,0.00993,0.02115,0.01195
chr20,15292501,15292501,deletion,0.02353,0.00243,0.01419,0.23508,0.00087,0.01572,0.01169,0.00133,0.12121,0.01589,0.0005,0.00441,0.20063,0.00042,0.0051,0.13696,0.00801,0.00015,0.21302,0.10938,0.00927
chr20,25988601,25988601,deletion,0.22396,0.05487,0.10832,0.37655,0.1641,0.16686,0.06635,0.02136,0.02874,0.00566,0.00138,0.01002,0.17361,0.03162,0.03624,0.09021,0.00607,0.01207,0.05543,0.03192,0.00109
chr20,31308901,31308901,deletion,0.03556,0.00567,0.00368,0.19807,0.10261,0.0336,0.01796,0.05541,0.39236,0.21635,0.09008,0.01719,0.27797,0.14358,0.05158,0.14903,0.06862,0.01641,0.0208,0.05631,0.0157
chr20,45779001,45779001,deletion,0.0,0.17824,0.09332,0.08462,0.01376,0.0,0.1358,0.06377,0.06395,0.0094,0.0,0.0104,0.02849,0.12386,0.2041,0.00407,0.05766,0.11491,0.03915,0.09737,0.01694
chr20,60050901,60050901,deletion,0.17361,0.05052,0.15568,0.03442,0.04288,0.00124,0.04067,4e-05,0.06068,0.04975,0.20336,0.03438,0.00189,0.00044,0.06837,0.04864,0.04686,0.19951,0.0005,0.04835,0.0624
chr20,61263401,61263401,deletion,0.10124,0.03671,0.09218,0.01545,0.02763,0.06132,0.01893,0.00049,0.20073,0.23375,0.29694,0.01221,0.09977,0.12791,0.18463,0.14967,0.19751,0.28055,0.0012,0.01118,0.00585
chr21,9825501,9825501,deletion,0.11194,0.0251,0.04193,0.20012,0.02642,0.00638,0.07154,0.0165,0.04692,0.03602,0.05727,0.00407,0.18466,0.00021,0.00496,0.06633,0.00227,0.01715,0.10479,0.12511,0.00697
chr21,16583101,16583101,deletion,0.04286,0.1422,0.14647,0.02183,0.15507,0.11687,0.03065,0.02768,0.13366,0.03279,0.01568,0.0,0.26615,0.00014,0.00066,0.23193,0.00012,0.00085,0.25433,0.16973,0.00152
chr21,19325501,19325501,deletion,0.08264,0.16873,0.1511,0.40786,0.41342,0.13694,0.01661,0.01243,0.15222,0.15068,0.01186,9e-05,0.07073,0.07574,0.0,0.06766,0.081,0.00012,0.00011,0.05095,0.06731
chr21,20830201,20830201,deletion,0.23333,0.21358,0.28075,0.03248,0.19424,0.17764,0.01698,0.00714,0.16453,0.02918,0.02681,0.00205,0.12213,0.00675,0.01161,0.16217,0.01686,0.02465,0.08144,0.05131,0.00207
chr21,23645501,23645501,deletion,0.0625,0.73167,0.58075,0.93704,0.19068,0.0547,0.5188,0.36913,0.75672,0.06128,0.00279,0.00747,0.04943,0.2489,0.42767,0.07159,0.18614,0.37899,0.40433,0.57275,0.0455
chr21,25244001,25244001,deletion,0.25,0.27551,0.33824,0.26087,0.31967,0.2622,0.0,0.0,0.0,0.0,0.01553,0.0,0.0,0.0,0.01806,0.0,0.0,0.0257,0.0,0.01657,0.0232
chr21,29677301,29677301,deletion,0.07562,0.05777,0.11655,0.08081,0.00074,0.04237,0.00156,0.00422,6e-05,0.06282,0.21938,0.01102,0.00224,0.04606,0.19,0.00344,0.09861,0.27461,0.06733,0.22738,0.05409
chr21,43005601,43005601,deletion,0.38389,0.2483,0.46243,0.19186,0.10174,0.05038,0.01893,0.01553,0.04569,0.10115,0.13359,0.06775,0.00585,0.03571,0.06327,0.10592,0.19572,0.26324,0.01259,0.03069,0.00569
chr21,44038401,44038401,deletion,0.0,0.02328,0.01075,0.24444,0.0,0.00921,0.01698,0.00714,0.19298,0.0,0.00568,0.00205,0.1505,0.02222,0.00254,0.19524,0.01009,3e-05,0.23636,0.21325,0.00853
chr22,17770201,17770201,deletion,0.01402,0.02503,0.00541,0.08376,0.14001,0.27689,0.05314,0.02207,0.11179,0.13815,0.22162,0.00651,0.01781,0.05319,0.1563,0.04559,0.10045,0.24325,0.01182,0.08874,0.05508
chr22,17920301,17920301,deletion,0.20972,0.03227,0.02604,0.02399,0.00983,0.00518,0.08451,0.08856,0.09767,0.28698,0.13676,0.0002,0.00059,0.07445,0.00949,8e-05,0.05766,0.00797,0.06419,0.00524,0.02266
chr22,18519801,18519801,deletion,0.30429,0.12359,0.24822,0.13029,0.00695,0.03512,0.13981,0.01628,0.07366,0.23868,0.15834,0.04667,0.0037,0.07037,0.02542,0.01959,0.17837,0.12203,0.0807,0.03627,0.00978
chr22,20326501,20326501,deletion,0.27791,0.0967,0.19213,0.10322,0.01751,0.00204,0.11478,0.02211,0.08849,0.16092,0.14175,0.0234,0.00089,0.0283,0.04262,0.01417,0.09036,0.11544,0.03416,0.04662,0.0052
chr22,20744901,20744901,deletion,0.28237,0.07022,0.20943,0.10452,0.0401,0.047,0.12667,0.01143,0.08839,0.14418,0.12071,0.05338,0.00534,0.00404,0.00217,0.02776,0.08255,0.08027,0.01668,0.01164,0.00021
chr22,22644701,22644701,deletion,0.00737,0.27551,0.00047,0.00159,0.0494,0.04342,0.27614,0.01112,0.00246,0.01689,0.01111,0.28749,0.30937,0.13846,0.10097,0.00362,0.05889,0.05298,0.03225,0.02304,0.00013
chr22,23398501,23398501,deletion,0.33242,0.12254,0.22194,8e-05,0.08963,0.10351,0.06358,0.00693,0.31237,0.08355,0.03981,0.02499,0.11115,0.00194,0.00042,0.17993,0.04292,0.01974,0.07546,0.07611,0.0041
chr22,32520401,32520401,deletion,0.00202,0.26245,0.04502,0.04321,0.02912,0.01684,0.26065,0.04771,0.05836,0.03635,0.0193,0.09577,0.10254,0.12808,0.13865,0.00011,0.00223,0.00626,0.00127,0.00377,0.00097
chr22,33780301,33780301,deletion,0.0,0.00041,0.00436,0.01653,0.21513,0.06499,0.00045,0.00431,0.02424,0.16899,0.04353,0.00205,0.01778,0.19389,0.05453,0.00756,0.25516,0.08703,0.22742,0.07297,0.03924
chr22,37119801,37119801,deletion,0.41667,0.39831,0.44436,0.37728,0.28271,0.47219,0.01698,0.01449,0.02037,0.06154,0.01149,0.00025,0.00014,0.03479,0.00032,2e-05,0.03548,1e-05,0.03005,5e-05,0.03625
chr22,39293301,39293301,deletion,0.72222,0.1685,0.00066,0.12197,0.1691,0.27053,0.32593,0.68323,0.40104,0.27517,0.11042,0.14918,0.00423,3e-05,0.02288,0.10469,0.15221,0.25649,0.00472,0.0412,0.02441
chr22,44917501,44917501,deletion,0.00241,0.00165,0.01084,0.19547,0.0768,0.16391,0.0001,0.02162,0.30303,0.10775,0.19232,0.01995,0.2735,0.10292,0.1906,0.13043,0.03126,0.09333,0.06478,0.02026,0.01602
chr22,45554601,45554601,deletion,0.20213,0.11335,0.00169,0.2115,0.11171,0.25222,0.05314,0.17217,0.0,0.05037,0.00886,0.08929,0.05556,0.00066,0.02389,0.1806,0.08708,0.2165,0.05305,0.00946,0.03372
chr22,49530201,49530201,deletion,0.0,0.0,0.0,0.24444,0.0,0.01433,0.0,0.0,0.19298,0.0,0.00886,0.0,0.2093,0.0,0.01032,0.24731,0.0,0.01473,0.23636,0.17821,0.01328
chr3,8325601,8325601,deletion,0.0125,0.03227,0.0668,0.45077,0.01891,0.09395,0.00432,0.01973,0.33218,0.00056,0.03471,0.00747,0.27797,0.00171,0.02186,0.18591,0.01704,0.00657,0.3128,0.10365,0.03843
chr3,15844801,15844801,deletion,0.11607,0.09322,0.34962,0.18182,0.1,0.00988,0.00156,0.07507,0.00831,0.00058,0.04689,0.10093,0.01707,0.00021,0.03549,0.03694,0.09718,0.2565,0.01282,0.09165,0.04525
chr3,16230901,16230901,deletion,-0.0,0.00318,0.01073,0.17717,0.00435,0.01081,0.00341,0.00917,0.18939,0.00395,0.00802,0.02345,0.23777,0.01456,0.02047,0.10351,0.00143,2e-05,0.13295,0.08417,0.00163
chr3,22236301,22236301,deletion,0.02694,0.03511,0.01212,0.10507,0.00822,0.05789,0.00045,0.00553,0.22061,0.05777,0.00198,0.0091,0.24576,0.07057,0.00068,0.18456,0.03964,0.01787,0.05636,0.29899,0.10677
chr3,26450901,26450901,deletion,0.38571,0.22746,0.22567,0.1508,0.30018,0.44034,0.03139,0.02434,0.07444,0.00778,0.00507,9e-05,0.00942,0.0074,0.05844,0.01033,0.00595,0.06163,0.03214,0.10411,0.02893
chr3,32101101,32101101,deletion,0.36842,0.26432,0.08325,0.01347,0.21321,0.32898,0.05314,0.14716,0.58929,0.07312,0.02338,0.06783,0.41984,0.00879,0.0006,0.14589,0.03565,0.09784,0.32069,0.41802,0.01501
chr3,46736701,46736701,deletion,0.17868,0.24047,0.23593,0.17668,0.3203,0.21445,0.00736,0.00034,0.00148,0.03698,0.00109,0.00425,0.01803,0.01504,0.00066,0.00325,0.03359,0.00058,0.0594,0.00378,0.01418
chr3,56607701,56607701,deletion,0.16393,0.09729,0.20682,0.0,0.01376,0.00508,0.01033,0.0149,0.13304,0.1057,0.1671,0.04672,0.07565,0.05181,0.09766,0.15459,0.16109,0.23602,0.00993,0.00334,0.0074
chr3,67357901,67357901,deletion,0.00211,0.00011,0.01735,0.18465,0.00088,0.0003,0.00341,0.03049,0.15519,0.00032,0.00066,0.01429,0.20063,0.00154,0.00063,0.30061,0.02579,0.01988,0.16376,0.14491,0.00012
chr3,68626401,68626401,deletion,0.00012,0.2088,0.26961,0.00108,0.03622,0.00961,0.24771,0.29542,0.00207,0.03039,0.00573,0.00083,0.28115,0.09755,0.10684,0.33407,0.13315,0.15346,0.04833,0.01369,0.00735
chr3,68737701,68737701,deletion,0.07619,0.2084,0.26136,0.00111,0.20749,0.07337,0.08004,0.0965,0.0737,0.04613,0.00114,0.0,0.24107,0.01065,0.05125,0.28279,0.01404,0.0719,0.21555,0.04832,0.04343
chr3,69179001,69179001,deletion,0.01937,0.00429,0.07143,0.00026,0.00062,0.06324,0.04495,0.11812,0.01989,0.02667,0.00883,0.03763,0.00682,0.00171,0.1033,0.06603,0.05854,0.23504,0.0016,0.05871,0.0766
chr3,80055601,80055601,deletion,0.23333,0.1119,0.06185,0.04927,0.26082,0.12555,0.07243,0.0923,0.1375,0.0094,0.04022,0.01182,0.0164,0.05181,2e-05,0.00014,0.09334,0.012,0.12019,0.0124,0.038
chr3,82865701,82865701,deletion,0.25805,0.00501,0.01748,2e-05,0.05089,0.01244,0.34348,0.39233,0.27084,0.50656,0.33643,0.00336,0.00621,0.02745,0.00123,0.01827,0.01083,0.00038,0.05889,0.01136,0.01273
chr3,98404901,98404901,deletion,0.16822,0.13202,0.15707,0.12866,0.1378,0.20493,0.00428,0.00146,0.00433,0.00395,0.00082,0.0006,0.0,0.0,0.00812,0.00058,0.00064,0.00537,0.0,0.0077,0.00921
chr3,98909101,98909101,deletion,0.03226,0.00772,0.04863,0.03409,0.00358,0.13694,0.07243,0.0,0.0,0.05037,0.15573,0.09877,0.07565,0.00082,0.07483,0.0,0.07372,0.23579,0.05305,0.16466,0.10223
chr3,110159901,110159901,deletion,0.0,0.0,0.0,0.24444,0.0,0.01004,0.0,0.0,0.19298,0.0,0.0062,0.0,0.2093,0.0,0.00722,0.24731,0.0,0.01032,0.23636,0.20227,0.0093
chr3,114642501,114642501,deletion,0.25,0.27551,0.33824,0.01439,0.13352,0.23991,0.0,0.0,0.44355,0.06154,0.01898,0.0,0.46875,0.06923,0.02207,0.52273,0.08958,0.03135,0.23558,0.34429,0.01602
chr3,129760801,129760801,deletion,0.16071,0.13551,0.05816,0.00048,0.19581,0.25162,0.002,0.02834,0.18857,0.00094,0.00998,0.01726,0.15187,0.00573,0.02129,0.05944,0.04436,0.08368,0.19821,0.22288,0.00653
chr3,131707801,131707801,deletion,0.41024,0.23318,0.36357,0.22651,0.17975,0.13309,0.0431,0.00418,0.04593,0.06594,0.06208,0.01959,2e-05,0.00429,0.00835,0.02038,0.04352,0.05468,0.00361,0.00717,0.00125
chr3,131988501,131988501,deletion,0.34615,0.06512,0.06065,2e-05,0.03929,0.11564,0.14556,0.13049,0.37121,0.17455,0.05368,9e-05,0.0625,0.00358,0.00893,0.05032,0.00258,0.01278,0.03382,0.08775,0.0251
chr3,140543501,140543501,deletion,0.10331,0.00044,0.22637,0.3592,0.02321,0.01519,0.10231,0.02057,0.16364,0.03445,0.0328,0.20949,0.40635,0.01662,0.00883,0.05797,0.11446,0.1149,0.24615,0.18832,0.00056
chr3,149268201,149268201,deletion,0.12264,0.0132,0.00109,0.00154,0.01832,0.00026,0.23587,0.13536,0.19298,0.07312,0.09367,0.00672,0.00585,0.06331,0.00818,5e-05,0.02782,0.00025,0.03077,0.00043,0.01999
chr3,156073601,156073601,deletion,0.26667,0.19285,0.36099,0.02959,0.21321,0.09238,0.01796,0.00212,0.16615,0.01438,0.04874,0.03438,0.08633,5e-05,0.01853,0.21762,0.03123,0.09101,0.08985,0.01446,0.02382
chr3,166838701,166838701,deletion,0.11765,0.10441,0.07358,0.00272,0.11601,0.23246,0.00353,0.01712,0.18898,0.00373,0.00883,0.00759,0.16251,3e-05,0.02492,0.10469,0.00751,0.05883,0.16621,0.30163,0.02661
chr3,175050801,175050801,deletion,0.13434,0.14388,0.13132,0.02517,0.16513,0.01448,0.00036,0.00029,0.22766,0.0033,0.04719,0.0,0.2168,0.00161,0.05847,0.16735,0.00173,0.06449,0.20949,0.04101,0.08506
chr3,177004701,177004701,deletion,0.0,0.0,0.0,0.51887,0.0,0.0,0.0,0.0,0.44355,0.0,0.0,0.0,0.46875,0.0,0.0,0.52273,0.0,0.0,0.50781,0.55723,0.0
chr3,189363401,189363401,deletion,0.05289,0.03671,0.1654,0.03256,0.00395,0.00654,0.17527,0.30378,0.00587,0.08168,0.02055,0.0468,0.13776,0.01709,0.06698,0.27332,0.12097,0.23045,0.05686,0.00938,0.02004
chr3,191064201,191064201,deletion,0.00446,6e-05,0.20909,0.15437,0.00401,0.00029,0.00611,0.31895,0.26536,0.01689,0.00563,0.23958,0.19048,0.00301,7e-05,0.0,0.17533,0.15541,0.13018,0.10519,0.00189
chr3,195608801,195608801,deletion,0.31579,0.26715,0.50258,0.27966,0.12034,0.01962,0.00156,0.06337,0.00122,0.04772,0.20897,0.08722,2e-05,0.03328,0.1804,0.0822,0.21976,0.45777,0.03454,0.18264,0.06312
chr3,196934401,196934401,deletion,0.25804,0.05663,0.07565,0.00287,0.29378,0.15884,0.08642,0.05123,0.198,0.00566,0.00088,0.00359,0.03194,0.12238,0.04717,0.04363,0.09553,0.03605,0.21602,0.10004,0.01181
chr4,10001,10001,duplication,0.04331,0.22598,0.11332,0.00107,0.13652,0.04779,0.13847,0.0188,0.07007,0.03538,0.00041,0.06855,0.26215,0.07016,0.07668,0.1339,0.00081,0.00855,0.17363,0.05009,0.01307
chr4,21359701,21359701,deletion,0.16,0.17851,0.02601,0.16783,0.11601,0.20496,0.0,0.08246,0.0,0.02918,0.00633,0.09317,0.0,0.03297,0.00737,0.08696,0.03782,0.09518,0.03077,0.00676,0.01331
chr4,26951001,26951001,deletion,0.17347,0.19318,0.24346,0.18182,0.03887,0.06341,0.0,0.0,0.0,0.08515,0.04247,0.0,0.0,0.09549,0.0492,0.0,0.12254,0.06907,0.08951,0.04525,0.00286
chr4,31003501,31003501,deletion,0.0,0.09729,0.1762,0.3538,0.07232,0.01025,0.07243,0.12399,0.2881,0.05037,0.00633,0.03061,0.11546,0.00082,0.05142,0.02327,0.04439,0.15733,0.13565,0.29899,0.03982
chr4,42762701,42762701,deletion,0.3375,0.38485,0.30852,0.01719,0.17504,0.16968,0.00147,0.00529,0.25014,0.04623,0.03087,0.01213,0.28809,0.065,0.04546,0.18434,0.02454,0.01963,0.08125,0.06978,8e-05
chr4,58251101,58251101,deletion,0.27586,0.23656,0.06832,0.02736,0.0,0.01004,0.001,0.0728,0.16437,0.26758,0.22867,0.05877,0.13445,0.22807,0.20144,0.01973,0.06439,0.0458,0.02621,0.00237,0.0093
chr4,60288501,60288501,deletion,0.175,0.01779,2e-05,0.00592,0.02209,0.00963,0.23947,0.17885,0.11524,0.07621,0.25488,0.01653,0.04592,0.05675,0.00365,0.00664,0.02359,0.00871,0.00481,0.03038,0.05913
chr4,63669001,63669001,deletion,0.0528,0.2306,0.34474,0.45077,0.22449,0.13753,0.06879,0.14229,0.23142,0.06527,0.0262,0.02116,0.05293,3e-05,0.00388,0.00607,0.02073,0.04543,0.0471,0.06561,0.00521
chr4,90100401,90100401,deletion,0.0,0.04724,0.03298,0.02736,0.20952,0.05506,0.03467,0.02207,0.02037,0.15278,0.03457,0.00029,0.00473,0.09252,0.00698,0.00232,0.11682,0.01196,0.11607,0.01621,0.05477
chr4,91926401,91926401,deletion,0.05,0.37279,0.31497,0.21654,0.23578,0.3446,0.17281,0.13049,0.065,0.07824,0.15195,0.00071,0.03085,0.01662,0.00206,0.0199,0.01069,0.00591,0.00192,0.0391,0.03045
chr4,93832601,93832601,deletion,0.57683,0.31331,0.29106,0.55153,0.22969,0.09726,0.06187,0.04622,0.00044,0.09292,0.16155,0.00032,0.05293,0.00498,0.04151,0.03993,0.00805,0.05639,0.084,0.15502,0.02164
chr4,106938801,106938801,deletion,0.16181,0.01494,0.07844,0.19256,0.00822,0.05789,0.08536,0.01547,0.00146,0.10115,0.38114,0.02404,0.10802,0.00107,0.13014,0.02622,0.03735,0.24398,0.12646,0.41893,0.10677
chr4,107055601,107055601,deletion,0.0625,0.11651,0.05457,0.21497,0.2303,0.1028,0.00847,0.0002,0.05071,0.05592,0.0075,0.01099,0.01803,0.02374,0.00011,0.05356,0.06862,0.01324,0.00048,0.01126,0.01913
chr4,108122501,108122501,deletion,0.07942,0.08663,0.04572,0.00033,0.06558,0.00749,0.34521,0.22704,0.10355,0.27693,0.10492,0.00976,0.08633,0.00301,0.03685,0.03575,0.00224,0.01465,0.05636,0.0037,0.02562
chr4,115156401,115156401,deletion,0.11765,0.00478,4e-05,0.00855,0.00101,0.00161,0.10382,0.11812,0.22061,0.10806,0.07133,0.00556,0.02798,0.00153,0.00071,0.0074,0.00143,0.00215,0.01563,0.01446,8e-05
chr4,130275501,130275501,deletion,0.16,0.17851,0.22604,0.16783,0.21167,0.19559,0.0,0.0,0.0,0.0,0.00886,0.0,0.0,0.0,0.01032,0.0,0.0,0.01473,0.0,0.00946,0.01328
chr4,132609101,132609101,duplication,0.21112,0.0036,0.01694,0.00013,0.00139,0.0588,0.16498,0.10838,0.18883,0.06536,0.13981,0.02524,0.00191,0.0056,0.02883,0.01476,0.00301,0.09382,0.00158,0.0375,0.05595
chr4,133171601,133171601,deletion,0.00417,0.01256,0.06003,0.06994,0.01914,0.04415,0.03334,0.08809,0.0475,0.03952,0.05913,0.01645,0.15187,0.00053,0.00818,0.23527,0.0117,0.0009,0.15729,0.1746,0.00552
chr4,142228301,142228301,deletion,0.41667,0.06954,0.03949,0.12678,0.02102,0.02446,0.20571,0.22017,0.13733,0.28285,0.19902,0.00443,0.01037,0.01501,0.00863,0.02622,0.00306,0.00119,0.04808,0.03172,0.00036
chr4,163271401,163271401,deletion,0.08264,0.00772,0.00874,0.17932,0.00063,0.01063,0.04108,0.03689,0.02058,0.09792,0.14592,3e-05,0.11546,0.01293,0.03516,0.11056,0.01355,0.03856,0.19849,0.26361,0.00595
chr4,172363101,172363101,deletion,0.26744,0.29403,0.28607,0.27879,0.20036,0.25647,0.0,0.01449,0.0,0.03959,0.02061,0.01653,0.0,0.04467,0.02396,0.01535,0.01321,0.00488,0.04172,0.02199,0.00186
chr4,172913501,172913501,deletion,0.01161,0.05198,0.09218,0.25763,0.0293,0.00386,0.11055,0.13577,0.3787,0.06832,0.02048,0.00557,0.09603,0.00358,0.02298,0.04891,0.0188,0.05711,0.12622,0.16776,0.01059
chr4,186440201,186440201,deletion,0.33471,0.47557,0.54931,0.457,0.44382,0.47427,0.05222,0.06336,0.04959,0.00591,0.0041,0.0,0.0,0.02163,0.01505,0.0,0.02842,0.02144,0.02018,0.0138,3e-05
chr4,187037301,187037301,deletion,0.04699,0.05653,0.00189,0.05893,0.006,0.1401,0.21757,0.06468,0.22779,0.08715,0.28919,0.03836,0.00011,0.02877,0.01507,0.04056,0.00114,0.11157,0.03131,0.0121,0.09075
chr4,189389901,189389901,deletion,0.0,0.15043,0.22275,0.21038,0.03907,0.03613,0.1137,0.15942,0.16453,0.02691,0.02252,0.02345,0.00633,0.05575,0.03338,0.00607,0.13328,0.12074,0.09842,0.0661,0.00185
chr4,190679901,190679901,duplication,0.05599,0.01355,0.07115,0.13636,0.00207,0.0002,0.13399,0.21444,0.3787,0.06996,0.04321,0.02116,0.07536,0.00443,0.00798,0.0146,0.04415,0.05645,0.09716,0.09477,0.00084
chr4,190909801,190909801,duplication,0.11081,0.26977,0.12258,0.01477,0.09735,0.03278,0.0756,0.00187,0.04396,0.00604,0.02221,0.11183,0.16955,0.12636,0.1342,0.0378,0.00158,0.02176,0.02612,0.00183,0.01233
chr5,10001,10001,deletion,0.18376,0.1257,0.32364,0.21433,0.26536,0.10205,0.01673,0.03392,0.00382,0.00528,0.02576,0.08071,0.03194,0.04006,0.00423,0.01228,0.01106,0.08886,7e-05,0.03953,0.05583
chr5,10273101,10273101,deletion,0.0078,0.01332,0.1404,0.00555,0.02397,0.22656,0.00059,0.08629,0.00026,0.05592,0.27174,0.07826,0.00166,0.07213,0.31452,0.09629,0.26626,0.58055,0.05035,0.26563,0.11023
chr5,12811001,12811001,deletion,0.25805,0.28042,0.00824,0.24544,0.17554,0.2734,0.00023,0.17692,0.00044,0.01279,0.00023,0.19748,0.00131,0.01709,1e-05,0.16674,0.11186,0.20426,0.00897,0.00116,0.01757
chr5,15719101,15719101,deletion,0.1225,0.05664,0.00618,0.00619,0.05475,0.01299,0.31469,0.18088,0.17833,0.01442,0.04417,0.03403,0.04592,0.16981,0.07384,4e-05,0.0942,0.03338,0.08125,0.02536,0.01244
chr5,26793501,26793501,deletion,0.3375,0.23073,0.39062,0.27178,0.06071,0.00619,0.023,7e-05,0.009,0.13913,0.20777,0.02643,0.00359,0.06429,0.13814,0.01032,0.171,0.28236,0.09135,0.16401,0.02543
chr5,42608401,42608401,deletion,0.26667,0.35796,0.12891,0.28809,0.07344,0.05552,0.0101,0.03614,0.0004,0.07824,0.06746,0.07827,0.00649,0.13683,0.11643,0.04417,0.00867,0.0131,0.09023,0.0783,0.00056
chr5,45004801,45004801,deletion,0.31579,0.20694,0.05627,0.08462,0.24887,0.22124,0.01389,0.12079,0.10445,0.00058,0.00039,0.05604,0.04321,0.00831,0.01518,0.00059,0.10506,0.11617,0.07788,0.07613,0.00213
chr5,57296801,57296801,deletion,0.0,0.0,0.0,0.24444,0.0,0.01025,0.0,0.0,0.19298,0.0,0.00633,0.0,0.2093,0.0,0.00737,0.24731,0.0,0.01054,0.23636,0.18935,0.0095
chr5,59999601,59999601,deletion,0.1203,0.15575,0.17116,0.04046,0.01196,0.14855,0.00205,0.00142,0.32283,0.06594,5e-05,3e-05,0.3679,0.09226,0.00106,0.35072,0.09864,0.00094,0.09423,0.28205,0.07848
chr5,63694801,63694801,deletion,0.01099,0.02261,0.102,0.07273,0.01418,6e-05,0.07147,0.20235,0.16364,0.0001,0.01048,0.04799,0.03628,0.06611,0.01599,0.0,0.17533,0.07552,0.13018,0.0496,0.01529
chr5,79824801,79824801,deletion,0.00769,0.00877,0.01175,0.22594,9e-05,0.00572,0.0,0.0,0.22297,0.0094,0.00313,0.0,0.24107,0.01065,0.00365,0.28279,0.01404,0.00522,0.21555,0.29505,0.0074
chr5,87377801,87377801,deletion,0.23333,0.17494,0.24716,0.24371,0.00126,0.00092,0.03467,0.01449,0.0,0.27517,0.15573,0.00421,0.03628,0.2094,0.11961,0.01535,0.28513,0.18534,0.28623,0.16466,0.00406
chr5,90498501,90498501,deletion,0.06897,0.07792,0.03167,0.11136,0.06285,0.02119,0.0,0.02207,0.32353,0.0094,0.02139,0.02516,0.34615,0.01065,0.02486,0.25296,0.00867,0.00126,0.32402,0.2134,0.01339
chr5,105890801,105890801,deletion,0.26304,0.01237,0.00618,0.05279,0.06907,0.03048,0.17565,0.33941,0.47727,0.52805,0.43034,0.03607,0.11852,0.14444,0.07965,0.03162,0.04187,0.00927,0.0,0.01024,0.01437
chr5,106217901,106217901,deletion,0.12308,0.12424,0.11423,0.28809,0.00148,0.08061,5e-05,0.00071,0.05021,0.10185,0.00381,0.00043,0.05191,0.10171,0.00347,0.05276,0.0903,0.00194,0.2607,0.05795,0.06002
chr5,106319501,106319501,deletion,0.09909,0.12692,0.04091,0.22727,0.04237,0.00231,0.00147,0.01973,0.07611,0.01982,0.05668,0.03202,0.05556,0.03227,0.07711,0.10795,3e-05,0.02171,0.11611,0.14308,0.02194
chr5,121079801,121079801,deletion,0.27586,0.02328,0.0,0.0,0.01376,0.01551,0.176,0.27879,0.22967,0.20944,0.18176,0.02366,0.01778,0.00107,6e-05,0.0,0.01404,0.01594,0.00993,0.01024,0.00147
chr5,121564601,121564601,deletion,0.28571,0.18865,0.29403,0.00133,0.05733,0.13594,0.05314,0.02037,0.40104,0.13815,0.05076,0.01134,0.25,0.05319,0.00853,0.35704,0.11503,0.03689,0.07392,0.14077,0.01792
chr5,127407001,127407001,deletion,0.02694,0.00448,0.09044,0.161,0.16037,0.19128,0.01423,0.15542,0.2902,0.24306,0.22408,0.11314,0.21451,0.19078,0.19399,0.01033,0.01069,0.0286,1e-05,0.00338,0.00451
chr5,133114601,133114601,deletion,0.02283,0.0446,0.01802,0.13941,0.0,0.00065,0.14172,0.07761,0.31237,0.02418,0.01286,0.00747,0.04943,0.04552,0.04475,0.07159,0.01754,0.02387,0.14639,0.11776,0.00072
chr5,150202301,150202301,deletion,0.2735,0.05198,0.02409,0.02475,0.10309,0.2428,0.11037,0.14229,0.16062,0.05388,0.00146,0.00546,0.00496,0.00855,0.07292,3e-05,0.02865,0.13037,0.02526,0.1045,0.03878
chr5,151510201,151510201,deletion,0.29835,0.13188,0.01062,0.19186,0.17138,0.14311,0.04164,0.21454,0.01539,0.01442,0.00803,0.07423,0.00658,0.00628,0.00755,0.12228,0.11682,0.10561,0.0,0.00026,0.00032
chr5,159336701,159336701,deletion,0.37515,0.2958,0.26338,0.11841,0.08125,0.09268,0.00669,0.00772,0.09183,0.11968,0.05438,0.00014,0.04969,0.07574,0.0313,0.03993,0.06951,0.03343,0.00294,0.00024,0.00456
chr5,160559301,160559301,deletion,0.10684,0.29189,0.34019,0.457,0.1032,0.04531,0.06212,0.0728,0.22967,0.00043,0.01074,0.00062,0.07565,0.06594,0.09374,0.04891,0.08624,0.13173,0.19231,0.18832,0.00947
chr5,162854901,162854901,deletion,0.49057,0.26715,0.47826,0.5641,0.17236,0.09839,0.04831,0.00353,0.00615,0.09217,0.11374,0.07472,0.08752,0.00869,0.02227,0.00021,0.13623,0.1851,0.14245,0.16615,0.00434
chr5,170129701,170129701,deletion,0.47189,0.51031,0.41749,0.25763,0.26658,0.00033,0.00045,0.01712,0.08092,0.06942,0.37053,0.02345,0.09542,0.08376,0.41266,0.02268,0.02579,0.37133,5e-05,0.20434,0.23291
chr5,178101301,178101301,deletion,0.01359,0.07935,0.09684,0.2217,0.03958,0.0781,0.16189,0.15819,0.36941,0.0913,0.1155,0.00052,0.05191,0.00823,0.0,0.03623,0.01338,0.00058,0.09023,0.03604,0.00767
chr5,178364801,178364801,deletion,0.0,0.17824,0.1762,0.24444,0.0,0.00508,0.1358,0.12399,0.19298,0.0,0.00313,0.00231,0.00658,0.17137,0.18844,0.00088,0.16718,0.20101,0.23636,0.25727,0.00471
chr5,180317901,180317901,deletion,0.17356,0.02731,0.03778,0.04103,0.00131,0.03161,0.0748,0.05347,0.38361,0.15068,0.04689,0.00071,0.13776,0.01709,0.00027,0.12913,0.025,8e-05,0.05686,0.09743,0.02006
chr6,24306301,24306301,deletion,0.12903,0.29877,0.45474,0.47531,0.17236,0.11411,0.05927,0.17634,0.16889,0.01249,0.00545,0.0468,0.03085,0.01709,0.02129,0.00211,0.12097,0.13753,0.08943,0.08831,0.00074
chr6,30026501,30026501,deletion,0.0,0.0,0.0,0.27966,0.0,0.00508,0.0,0.0,0.22297,0.0,0.00313,0.0,0.24107,0.0,0.00365,0.28279,0.0,0.00522,0.27083,0.29505,0.00471
chr6,31320901,31320901,deletion,0.1786,0.21739,0.04336,0.09477,0.15687,0.01573,0.00428,0.04343,0.0165,0.0001,0.08368,0.07588,0.03644,0.00301,0.12836,0.00676,0.04883,0.00765,0.01731,0.02703,0.09525
chr6,31871101,31871101,deletion,0.42517,0.32316,0.27813,0.40847,0.27118,0.27569,0.00105,0.01861,0.00208,0.02564,0.00155,0.00958,5e-05,0.01396,0.00011,0.00966,0.00048,0.00799,0.01487,2e-05,0.01134
chr6,53924801,53924801,deletion,0.02663,0.16933,0.21845,0.16561,0.3554,0.40278,0.06635,0.08809,0.06672,0.20539,0.22023,0.00285,0.0,0.04434,0.05994,0.00276,0.02372,0.04092,0.04396,0.05781,0.00204
chr6,64651501,64651501,deletion,0.42926,0.28021,0.20382,0.00814,0.11832,0.2654,0.02124,0.03515,0.42975,0.10984,0.0029,0.00272,0.2735,0.03846,0.00534,0.1806,0.02045,0.01746,0.11611,0.21438,0.0674
chr6,65707101,65707101,deletion,0.27586,0.26715,0.20682,0.3538,0.12034,0.14204,5e-05,0.00024,0.00923,0.02994,0.00293,0.00052,0.00796,0.03328,0.00399,0.01161,0.02495,0.0021,0.07178,0.01979,0.01135
chr6,66033201,66033201,deletion,0.2,0.0,0.0,0.0,0.0,0.01025,0.17125,0.20235,0.16364,0.19339,0.1396,0.0,0.0,0.0,0.00737,0.0,0.0,0.01054,0.0,0.00676,0.0095
chr6,70139301,70139301,deletion,0.0025,0.08934,0.08003,0.34024,0.21804,0.14335,0.06187,0.04622,0.31911,0.16347,0.08484,0.00032,0.11111,0.03103,0.00786,0.10566,0.03791,0.01322,0.02475,0.03971,0.0057
chr6,74577501,74577501,deletion,0.13581,0.0132,0.05285,0.26452,0.15713,0.1421,0.0748,0.02293,0.03148,0.00012,0.0,0.01221,0.18961,0.08033,0.06286,0.0937,0.0301,0.02616,0.02475,0.02113,0.0001
chr6,77012901,77012901,deletion,0.18211,0.00877,0.04041,0.00814,0.01081,0.00974,0.20455,0.04989,0.1958,0.2298,0.10144,0.05256,0.0,0.0,0.019,0.04891,0.06439,0.01122,0.0,0.01744,0.0244
chr6,77091301,77091301,deletion,0.32976,0.20716,0.17258,0.23508,0.47441,0.5042,0.02385,0.03307,0.01384,0.01651,0.02143,0.00177,0.0015,0.08072,0.09198,0.00604,0.09942,0.12605,0.06059,0.06867,0.0009
chr6,77425901,77425901,deletion,0.11111,0.05875,0.07747,0.0501,0.00011,0.08935,0.03467,0.02207,0.04167,0.1241,0.2412,0.00029,0.0003,0.06611,0.20381,0.00111,0.08486,0.26612,0.05686,0.18449,0.081
chr6,86613001,86613001,deletion,0.17347,0.04029,0.02478,0.07514,0.01917,0.01375,0.39506,0.27806,0.06395,0.11061,0.19268,0.00228,0.23303,0.11443,0.00585,0.1644,0.08448,0.00129,0.02487,0.11233,0.05867
chr6,93568401,93568401,deletion,0.13462,0.15072,0.19258,0.14141,0.17984,0.21464,0.0,0.0,0.0,0.0,0.00313,0.0,0.0,0.0,0.00365,0.0,0.0,0.00522,0.0,0.00334,0.00471
chr6,95185101,95185101,deletion,0.8089,0.33673,0.17292,0.15089,0.19518,0.26116,0.20205,0.28386,0.4133,0.28624,0.12387,0.02538,0.04969,0.02049,0.0,0.00324,0.00037,0.02505,0.00592,0.03604,0.0187
chr6,96385001,96385001,deletion,0.09185,0.03306,0.00153,0.0832,0.00101,0.02412,0.01698,0.11558,0.34286,0.11388,0.19058,0.04842,0.2168,0.04606,0.10641,0.06732,5e-05,0.0136,0.07692,0.02495,0.01501
chr6,98413701,98413701,deletion,0.01563,0.05178,0.02228,0.25177,0.00281,0.00556,0.09259,0.04628,0.2881,0.0094,0.00568,0.00546,0.08633,0.07445,0.09226,0.13174,0.03608,0.05077,0.28634,0.32637,0.00034
chr6,98593601,98593601,deletion,0.05,0.00429,0.00178,0.09972,0.03954,0.04423,0.09259,0.03796,0.25463,0.0094,0.00633,0.01153,0.0643,0.07445,0.07595,0.12692,0.02611,0.0287,0.2502,0.26127,2e-05
chr6,122056901,122056901,deletion,0.13462,0.15072,0.19258,0.14141,0.17984,0.21464,0.0,0.0,0.0,0.0,0.00313,0.0,0.0,0.0,0.00365,0.0,0.0,0.00522,0.0,0.00334,0.00471
chr6,126173601,126173601,deletion,0.2735,0.22454,0.03984,0.04262,0.22791,0.03876,0.01423,0.13002,0.15928,0.0178,0.09811,0.08929,0.09642,0.00066,0.07054,0.00025,0.08708,1e-05,0.0831,0.00014,0.0737
chr6,134589401,134589401,deletion,0.28824,0.26245,0.26338,0.32323,0.06681,0.03273,0.00072,0.0,0.00146,0.08355,0.10266,0.00058,0.00423,0.07177,0.09544,0.00145,0.08448,0.12353,0.10688,0.12859,0.00378
chr6,136845301,136845301,deletion,0.20222,0.05653,0.18219,0.10745,0.2798,0.28648,0.08278,0.01088,0.03784,0.00285,1e-05,0.03846,0.01263,0.12386,0.09704,0.00676,0.02611,0.01398,0.06419,0.03868,0.00294
chr6,139601801,139601801,deletion,0.14706,0.06576,0.019,0.15437,0.02204,0.00458,0.05314,0.08246,0.0,0.25519,0.08199,0.01799,0.05556,0.15385,0.03062,0.08696,0.0804,0.00448,0.26573,0.08713,0.04433
chr6,142096101,142096101,deletion,0.14706,0.16437,0.20909,0.13578,0.19552,0.19981,0.0,0.0,0.02037,0.0,0.006,0.0,0.0225,0.0,0.00699,0.02778,0.0,0.00999,0.02621,1e-05,0.00901
chr6,152389401,152389401,deletion,0.38649,0.18784,0.06301,2e-05,0.27665,0.23268,0.08278,0.16898,0.46033,0.03635,0.03535,0.03836,0.20167,0.0092,0.00206,0.05757,0.08627,0.06401,0.27968,0.20052,0.00188
chr6,160085801,160085801,deletion,0.0025,0.08934,0.3084,0.00505,0.06115,0.06606,0.06187,0.24093,0.00044,0.03445,0.0328,0.07532,0.05293,0.00314,0.0008,0.22919,0.11048,0.08637,0.02843,0.0285,0.00056
chr6,161024901,161024901,duplication,0.1528,0.09011,0.07499,0.28885,3e-05,0.00265,0.00658,0.01471,0.0346,0.14135,0.12473,0.00164,0.06058,0.08242,0.0865,0.08003,0.06741,0.08514,0.27111,0.22838,0.00287
chr6,165707001,165707001,deletion,0.1125,0.2483,0.20382,0.06946,0.22969,0.08687,0.0365,0.02631,0.00582,0.0342,0.00036,0.00025,0.06955,1e-05,0.02484,0.05276,0.00037,0.02365,0.06458,0.00681,0.02888
chr6,166497501,166497501,deletion,0.17347,0.15196,0.1491,0.07514,0.08522,0.21402,0.01698,0.02207,0.06395,0.05037,0.00886,0.00357,0.02667,0.02431,7e-05,0.01028,0.01155,0.00561,2e-05,0.03052,0.03372
chr7,55001,55001,deletion,-0.0,0.29314,0.34959,0.45329,0.21572,0.06176,0.26792,0.29126,0.44108,0.17801,0.04281,0.00461,0.02778,0.0062,0.06986,0.00891,0.02259,0.12405,0.05543,0.15328,0.04238
chr7,223801,223801,deletion,0.13913,2e-05,0.04466,0.07273,0.00542,0.00987,0.14172,0.33127,0.38503,0.1997,0.20225,0.04981,0.09662,0.00611,0.00949,0.01896,0.02059,0.01206,0.05305,0.03057,0.00062
chr7,13278101,13278101,deletion,0.21739,0.24064,0.2987,0.18239,0.20794,0.25541,0.0,0.0,0.02037,0.01912,0.00959,0.0,0.0225,0.02163,0.01117,0.02778,0.02842,0.01594,0.00048,1e-05,0.00062
chr7,31313601,31313601,deletion,0.10124,0.13551,0.33351,0.03946,0.06115,0.01231,0.00224,0.07286,0.01659,0.0065,0.03483,0.05254,0.03085,0.01662,0.05635,0.15349,0.12777,0.2137,0.00192,0.00601,0.01655
chr7,31559801,31559801,deletion,0.0125,0.07111,0.30262,0.65096,0.16513,0.132,0.023,0.18024,0.54558,0.08066,0.05668,0.10058,0.38149,0.02428,0.01802,0.08674,0.03102,0.03124,0.21015,0.16339,2e-05
chr7,48653101,48653101,deletion,0.35714,0.02328,0.0,0.0,0.0,0.0375,0.24771,0.3605,0.30303,0.34759,0.15706,0.02366,0.01778,0.02222,0.0089,0.0,0.0,0.03851,0.0,0.02495,0.0348
chr7,56864301,56864301,duplication,0.1868,0.0841,0.04861,0.19737,0.25522,0.15344,0.04365,0.07514,9e-05,0.00285,0.02103,0.00915,0.0472,0.06683,0.00365,0.08086,0.11401,0.03093,0.00197,0.02361,0.04016
chr7,57102401,57102401,deletion,0.01805,0.00066,0.03192,0.14254,0.02325,0.00086,0.03134,0.00159,0.30501,0.0001,0.00985,0.04239,0.14175,0.03413,0.00274,0.29762,0.00101,0.02256,0.29559,0.14915,0.01461
chr7,65143401,65143401,deletion,0.21176,0.05102,0.04938,0.17932,0.08988,0.17893,0.0617,0.05591,0.00174,0.02684,0.00048,0.0,0.04323,0.00628,0.05244,0.03982,0.00628,0.06415,0.01563,0.00323,0.03186
chr7,65585201,65585201,deletion,0.03077,0.26715,0.10628,0.05556,0.12034,0.07206,0.15002,0.03936,0.00587,0.04674,0.02277,0.03695,0.11408,0.03328,0.04657,0.02146,0.00014,0.00117,0.0262,0.01097,0.00203
chr7,70409001,70409001,deletion,0.2361,0.26703,0.13166,1e-05,0.21857,0.17648,0.00045,0.03936,0.2902,0.00999,0.0172,0.0496,0.31856,0.01482,0.0233,0.12517,0.01661,0.00376,0.23078,0.15446,0.00417
chr7,86224401,86224401,deletion,0.27586,0.17824,0.03298,0.02736,0.01376,0.03154,0.01269,0.14374,0.16437,0.20944,0.1196,0.07423,0.08919,0.12386,0.05953,0.00232,0.00867,0.00056,0.00197,0.00386,0.01124
chr7,91030501,91030501,deletion,0.49057,0.33145,0.16149,0.02736,0.01376,0.01025,0.02124,0.08809,0.35554,0.41665,0.42604,0.02711,0.2128,0.26806,0.28582,0.08175,0.11918,0.14118,0.00197,0.00134,2e-05
chr7,93326801,93326801,deletion,0.01291,0.02808,0.11423,0.0202,0.01444,0.00295,0.08642,0.21575,0.07233,0.0,0.00288,0.03385,0.00065,0.07863,0.03798,0.04363,0.20012,0.12438,0.06458,0.02902,0.00379
chr7,97380601,97380601,deletion,0.47353,0.03001,0.13399,0.04334,0.10729,0.06087,0.30927,0.11704,0.2788,0.15553,0.15871,0.03836,0.00131,0.02428,0.0071,0.02551,0.00216,0.01179,0.01431,0.00266,0.00379
chr7,97655201,97655201,deletion,0.08033,0.13188,0.20382,0.26137,0.20964,0.05231,0.00852,0.04388,0.065,0.04422,5e-05,0.01805,0.02778,0.01709,0.00862,0.0006,5e-05,0.05737,0.00101,0.05979,0.05294
chr7,99460701,99460701,deletion,0.18639,0.35455,0.42472,0.33766,0.40431,0.41083,0.08004,0.0965,0.07611,0.09169,0.04277,0.0,0.0,0.0,0.00737,0.0,0.0,0.01054,0.0,0.00676,0.0095
chr7,100326901,100326901,deletion,0.00047,0.05208,0.00169,0.16744,0.07372,0.01494,0.04545,0.00361,0.23379,0.08678,0.01618,0.0707,0.41632,0.24383,0.10285,0.13928,0.05366,0.00681,0.04041,0.07244,0.01999
chr7,109433401,109433401,deletion,0.64286,0.2596,0.1511,0.00016,0.07523,0.19085,0.15152,0.20327,0.68188,0.3344,0.11144,0.01362,0.25,0.06144,0.00081,0.12913,0.01709,0.00752,0.06868,0.14877,0.04289
chr7,110581901,110581901,deletion,0.23729,0.04724,0.0,0.0,0.0,0.00508,0.09832,0.23994,0.1958,0.2298,0.2468,0.04799,0.03628,0.04514,0.04097,0.0,0.0,0.00522,0.0,0.00334,0.00471
chr7,112425501,112425501,deletion,0.01937,0.14322,0.00268,0.05419,0.03954,0.00506,0.23047,0.03145,0.1314,0.00285,0.02926,0.10759,0.02257,0.30055,0.08631,0.03247,0.05766,0.00046,0.18234,0.02209,0.05527
chr7,118827701,118827701,deletion,0.00204,0.02824,0.00025,0.26148,0.02022,0.02356,0.05148,0.00357,0.26527,0.0358,0.03269,0.02326,0.47438,0.00124,0.00038,0.27177,0.01596,0.01919,0.42048,0.35964,0.00017
chr7,126035201,126035201,deletion,0.00083,0.05777,0.04679,0.06259,5e-05,0.0002,0.0431,0.02905,0.1039,0.00132,0.00147,0.00052,0.2168,0.06171,0.05847,0.15459,0.0487,0.05378,0.06478,0.04101,5e-05
chr7,127194001,127194001,deletion,0.175,0.5771,0.68185,0.54602,0.25716,0.09861,0.17565,0.26983,0.15157,0.01427,0.00225,0.01429,0.00107,0.0855,0.17372,0.02268,0.171,0.29595,0.06721,0.14658,0.0301
chr7,142401401,142401401,deletion,0.06838,0.23255,0.44436,0.43062,0.25441,0.13009,0.06077,0.21575,0.26536,0.06282,0.00768,0.05398,0.09662,5e-05,0.01543,0.01535,0.04852,0.10243,0.07692,0.09946,0.01999
chr7,143219101,143219101,deletion,0.25289,0.2429,0.15855,0.00013,0.0986,0.08005,0.01724,0.05357,0.27036,0.07086,0.08576,0.02499,0.26387,0.04401,0.06058,0.15054,0.00523,0.01681,0.09401,0.06835,0.00263
chr7,149696901,149696901,deletion,0.1701,0.18952,0.23913,0.17832,0.22416,0.2663,0.0,0.0,0.0,0.0,0.00313,0.0,0.0,0.0,0.00365,0.0,0.0,0.00522,0.0,0.00334,0.00471
chr7,153919401,153919401,deletion,0.12264,0.09942,0.02968,0.0411,0.1003,0.12964,0.01698,0.05488,0.32353,0.01912,0.00959,0.03166,0.28115,0.00113,6e-05,0.13784,0.0267,0.03856,0.27473,0.30114,0.00062
chr7,158477701,158477701,deletion,0.23333,0.06505,0.08918,0.02,0.09881,0.09737,0.1137,0.07296,0.44355,0.07312,0.0503,0.00101,0.16687,0.00279,0.00179,0.18434,0.00042,0.00019,0.20596,0.17516,4e-05
chr8,3995301,3995301,deletion,0.00054,0.25432,0.21747,2e-05,0.33688,0.41785,0.2526,0.18162,0.00083,0.32069,0.36826,0.00396,0.27797,0.00611,0.01994,0.20667,0.01999,0.04578,0.34923,0.40034,0.00465
chr8,6094101,6094101,deletion,0.16071,0.016,0.00427,0.02573,0.09384,0.00203,0.30244,0.20327,0.0862,0.46017,0.15108,0.00399,0.08752,0.03328,0.00565,0.0485,0.05928,0.00035,0.21302,0.03408,0.06106
chr8,6824901,6824901,deletion,0.28523,0.37279,0.17292,0.01653,0.13942,0.0254,0.01095,0.00859,0.34044,0.0237,0.11784,0.03795,0.40635,0.06596,0.19709,0.1806,0.0036,0.07595,0.16,0.04101,0.04608
chr8,9496901,9496901,deletion,0.09007,0.02319,0.00399,0.02783,0.0111,0.04241,0.21757,0.12648,0.02279,0.16347,0.20762,0.00847,0.10802,0.00277,0.00206,0.05103,0.00181,0.02094,0.07392,0.11733,0.01015
chr8,11245401,11245401,deletion,0.51709,0.26615,0.57269,0.59172,0.24422,0.04457,0.08351,4e-05,0.00992,0.08563,0.21915,0.09666,0.13445,0.0007,0.07801,0.00697,0.11007,0.30235,0.13089,0.27158,0.07525
chr8,16180201,16180201,deletion,0.28722,0.15865,0.23909,0.30682,0.20013,0.37594,0.03635,0.00929,0.00028,0.01982,0.00139,0.00781,0.04321,0.00194,0.05203,0.01272,0.0021,0.02214,0.02487,0.00053,0.03712
chr8,22907701,22907701,deletion,0.06774,0.07655,0.10025,0.22239,0.09291,0.04852,0.0,0.0,0.48425,0.0,0.00568,0.0,0.50965,0.0,0.00662,0.56334,0.0,0.00947,0.5486,0.41324,0.00853
chr8,36364301,36364301,deletion,0.21739,0.24064,0.2987,0.18239,0.24245,0.31091,0.0,0.0,0.02037,0.0094,0.00313,0.0,0.0225,0.01065,0.00365,0.02778,0.01404,0.00522,0.00197,0.00733,0.00191
chr8,37930801,37930801,deletion,0.03226,0.00772,0.00903,0.21241,0.017,0.00029,0.07243,0.01449,0.32353,0.07312,0.01982,0.03385,0.14325,0.00171,0.00988,0.29348,0.04852,0.00537,0.11502,0.21644,0.0215
chr8,39217601,39217601,deletion,0.2094,0.04069,0.00016,0.0022,0.07353,0.16968,0.08081,0.19656,0.27084,0.04384,0.00219,0.03559,0.0625,0.00452,0.04418,0.00338,0.06715,0.16288,0.09135,0.16401,0.02543
chr8,72214401,72214401,deletion,0.0,0.23656,0.22275,0.43333,0.35816,0.15984,0.18333,0.15942,0.36111,0.27517,0.10468,0.00133,0.04408,0.03162,2e-05,0.02725,0.02073,0.00105,0.00079,0.03236,0.02888
chr8,87174101,87174101,deletion,0.09735,0.07244,0.06025,0.03498,0.00164,0.00409,0.01698,0.02207,0.25463,0.08515,0.0505,0.00357,0.21225,0.058,0.03529,0.18402,0.04314,0.029,0.05171,0.05424,0.00055
chr8,96875001,96875001,deletion,0.34615,0.28396,0.40846,0.30846,0.21986,0.24875,0.03467,0.00714,0.02037,0.06154,0.03457,0.0162,0.00473,0.01444,0.00698,0.00322,0.05734,0.03651,0.03005,0.01621,0.00065
chr8,112282301,112282301,deletion,0.01175,0.00026,0.0003,0.01897,0.03159,0.3692,0.01698,0.01537,0.06694,0.00382,0.2566,0.0,0.01677,0.03632,0.38389,0.0146,0.03784,0.38515,0.09423,0.50385,0.2094
chr8,120154201,120154201,deletion,0.33471,0.33257,0.40103,2e-05,0.17788,0.14606,0.0011,4e-05,0.39236,0.05024,0.04435,0.00157,0.37278,0.04227,0.04086,0.41425,0.06503,0.06793,0.17356,0.12097,0.00089
chr8,120761401,120761401,deletion,0.4,0.09729,0.02174,0.0,0.01376,0.00921,0.14419,0.29498,0.34286,0.32834,0.36741,0.03385,0.07565,0.05181,0.06535,0.01535,0.00232,0.00485,0.00993,0.00607,0.00034
chr8,123111701,123111701,deletion,0.00083,0.00448,0.01212,0.02455,0.05093,0.09454,0.0101,0.01897,0.01655,0.07474,0.12867,0.00157,0.05152,0.03102,0.06885,0.07129,0.01686,0.04471,0.15055,0.22035,0.0074
chr8,129730001,129730001,deletion,0.13281,0.09495,0.15869,0.01897,0.04127,0.00891,0.00605,3e-05,0.27273,0.0342,0.06033,0.0068,0.20521,0.01357,0.03869,0.26306,0.04129,0.086,0.10957,0.04142,0.01037
chr8,131832601,131832601,deletion,0.33242,0.17714,0.29513,0.15089,0.37611,0.17977,0.03065,0.0,0.04569,0.00466,0.00702,0.02798,0.0015,0.0581,0.00458,0.03993,0.00526,0.009,0.07506,0.00964,0.02596
chr8,140325901,140325901,deletion,0.0,0.0,0.0,0.17742,0.0,0.0,0.0,0.0,0.1375,0.0,0.0,0.0,0.15,0.0,0.0,0.17969,0.0,0.0,0.17105,0.20109,0.0
chr8,143353701,143353701,deletion,0.2,0.09729,0.04449,0.24444,0.0,0.00508,0.02364,0.06022,0.00433,0.19339,0.20648,0.00894,0.04748,0.09319,0.09766,0.09629,0.04187,0.04471,0.23636,0.25727,0.00471
chr8,144633401,144633401,deletion,0.00432,0.10724,0.35486,0.04757,0.13621,0.09944,0.12622,0.32478,0.07266,0.13708,0.08668,0.09522,0.01361,0.00275,0.00068,0.16363,0.07135,0.08064,0.02644,0.01497,0.00052
chr8,146281801,146281801,deletion,0.02381,0.00292,0.00334,0.33643,0.02805,0.01911,0.04125,0.00889,0.19724,0.00035,3e-05,0.01,0.33551,0.03666,0.02202,0.29348,0.01321,0.0089,0.1966,0.19446,0.00016
chr9,17290001,17290001,deletion,0.33267,0.36254,0.43323,0.29402,0.36972,0.28526,0.0,0.0,0.02037,0.0094,0.02532,0.0,0.0225,0.01065,0.02941,0.02778,0.01404,0.04164,0.00197,0.00801,0.01827
chr9,23206601,23206601,deletion,0.1359,0.42528,0.18947,0.015,0.33055,0.13202,0.11879,0.00353,0.06672,0.04772,1e-05,0.06783,0.32895,0.01538,0.07711,0.0923,0.02495,0.00332,0.21302,0.05068,0.04062
chr9,43864101,43864101,deletion,0.36296,0.02454,6e-05,0.00763,0.08745,0.17758,0.2576,0.42088,0.44099,0.11004,0.03255,0.02779,0.05637,0.02156,0.07196,0.01111,0.09717,0.19259,0.11674,0.18252,0.01977
chr9,45375901,45375901,deletion,0.06841,3e-05,0.01202,0.08164,7e-05,0.00728,0.06898,0.12544,0.26791,0.08227,0.09967,0.01223,0.09019,0.0,0.00695,0.03702,0.0163,0.0006,0.11118,0.03973,0.00964
chr9,67984701,67984701,deletion,0.21878,0.06418,0.01443,0.01813,0.16044,0.19811,0.05232,0.06221,0.19642,0.00325,0.00149,0.0052,0.08293,0.0268,0.05375,0.03336,0.04718,0.08997,0.15512,0.17652,0.00973
chr9,70835501,70835501,duplication,0.0096,0.02126,0.00014,0.10085,0.01651,0.00209,0.06531,0.01186,0.05071,0.05266,0.0172,0.01799,0.21451,0.00066,0.00853,0.10739,0.01359,0.00118,0.19754,0.1151,0.00601
chr9,85678001,85678001,deletion,0.00034,0.15779,0.113,0.08331,0.22586,0.14423,0.15152,0.09513,0.0862,0.19664,0.10789,0.00272,0.0129,0.00855,0.00048,0.00324,0.02166,0.00582,0.03994,0.01395,0.00441
chr9,91895001,91895001,deletion,0.32756,0.00672,0.04814,0.0,0.00648,0.00024,0.4033,0.12749,0.32481,0.40561,0.31153,0.07221,0.00731,3e-05,0.00359,0.03941,0.08027,0.05648,0.00633,0.00019,0.00365
chr9,106431501,106431501,deletion,0.09804,0.08959,0.15533,0.21501,0.02798,0.00813,0.00067,0.00372,0.0346,0.02614,0.04046,0.00781,0.04321,0.02002,0.03642,0.01272,0.0547,0.08511,0.1052,0.11382,0.00502
chr9,112773601,112773601,deletion,0.28433,0.43584,0.43664,0.23885,0.18383,0.07623,0.02424,0.02241,0.00295,0.01476,0.04881,0.0,0.04375,0.07452,0.12762,0.04172,0.07974,0.15452,0.00488,0.03239,0.01735
chr9,113452201,113452201,deletion,0.11978,0.13438,0.08564,0.00268,0.05253,0.09337,0.0,0.02207,0.19298,0.03959,0.01615,0.02516,0.2093,0.04467,0.01878,0.12228,0.00458,0.0,0.08145,0.1204,0.00477
chr9,116641901,116641901,deletion,0.00066,0.08319,0.04303,0.28071,0.0619,0.02195,0.09078,0.04292,0.2998,0.05974,0.01951,0.00637,0.06335,0.00059,0.00981,0.10365,0.0029,0.00111,0.06657,0.09332,0.00649
chr9,129495301,129495301,deletion,0.19685,0.51764,0.34395,0.05551,0.16383,0.09489,0.11265,0.03515,0.0475,0.00058,0.00669,0.01805,0.28259,0.12308,0.1445,0.14493,0.04988,0.08248,0.03382,0.01083,0.00457
chr9,130098601,130098601,deletion,0.98324,0.49441,0.19251,0.03727,0.23312,0.148,0.20893,0.37757,0.84028,0.3659,0.31723,0.07472,0.31807,0.0581,0.0716,0.08251,0.00145,0.00022,0.10865,0.05903,0.00263
chr9,131183401,131183401,deletion,0.02334,0.05986,0.00471,0.00249,0.07324,0.20507,0.0101,0.04388,0.04593,0.01271,0.10135,0.08929,0.09642,0.00019,0.04905,0.00025,0.10791,0.25317,0.10688,0.26372,0.04238
chr9,134074401,134074401,deletion,0.20562,0.00112,0.00306,0.06377,0.00126,0.00135,0.17758,0.15935,0.04569,0.1955,0.17814,0.0004,0.04748,0.0,0.0,0.0387,0.00053,0.00046,0.0537,0.04823,0.0
chr9,136453701,136453701,deletion,0.26493,0.21297,0.21177,0.00343,0.18753,0.07091,0.00605,0.00646,0.23142,0.01247,0.05146,7e-05,0.16925,0.00153,0.03114,0.14903,0.00096,0.0349,0.13295,0.03487,0.02369
chr9,137097701,137097701,deletion,0.01683,0.121,0.08765,0.5474,0.25019,0.14457,0.0464,0.02621,0.40409,0.13202,0.05858,0.00178,0.19579,0.03162,0.00573,0.2146,0.05097,0.01582,0.06718,0.09906,0.0091
chr9,140245301,140245301,deletion,0.15589,0.12055,0.28916,0.16862,0.20593,0.17624,0.00754,0.0208,0.00018,0.0006,0.00107,0.05315,0.01008,0.01293,0.00205,0.01708,0.01357,0.0256,0.00013,0.00197,0.00365
